NumeroBALEmetteur;NumeroBALRecepteur;Standard;NumeroDocument;TypeDocumentCode;TypeDocumentCodeAgence;NumeroIdentificationDestinataire;NumeroIdentificationDestinataireAgence;DateHeureDocument;NatureInstructions;RolePartieCitee;IdentificationPartieCitee;IdentificationPartieCiteeAgence;NumeroArticleClient;NumeroCommande;FrequenceProgrammeCode;NumeroAvisExpedition;QuantiteRecue;UniteMesureQuantiteRecue;DateHeureReception;DateHeureCalculProgramme;NumeroArticleSupplementaire;CodeDescriptionArticle;CodeIdentificationPointDechargement;ReferenceDelforPrecedent;DateHeureReferenceDelforPrecedent;QuantiteALivrer;UniteMesureQuantiteALivrer;CodeRaisonLivraison;CodeStatutProgramme;DateHeureLivraisonAuPlusTot;DateHeureLivraisonAuPlusTard
VDA4905;ECAR;EDIFACT;ME26052702100325;241;10;;;20260527;10;BY;094007973780013;STLA EUROPE MELFI;;;;;;;;;;;;;;;;;;;
VDA4905;ECAR;EDIFACT;ME26052702100325;241;10;;;20260527;10;SE;0060952438870;5;;;;;;;;;;;;;;;;;;;
VDA4905;ECAR;EDIFACT;ME26052702100325;241;10;0060437618919153;5;20260527;10;CN;0060437618919153;5;9851142180;98446474;;;0;;;;9851142180;;ME M63;;;0;PCE;113;4;20260824;20260830
VDA4905;ECAR;EDIFACT;ME26052702100325;241;10;0060437618919153;5;20260527;10;CN;0060437618919153;5;9858223880;98448102;;;0;;;;9858223880;;ME M63;;;0;PCE;113;4;20260601;20260601
VDA4905;ECAR;EDIFACT;ME26052702100325;241;10;0060437618919153;5;20260527;10;CN;0060437618919153;5;9858223880;98448102;;;0;;;;9858223880;;ME M63;;;0;PCE;113;4;20260602;20260602
VDA4905;ECAR;EDIFACT;ME26052702100325;241;10;0060437618919153;5;20260527;10;CN;0060437618919153;5;9858223880;98448102;;;0;;;;9858223880;;ME M63;;;0;PCE;113;4;20260603;20260603
VDA4905;ECAR;EDIFACT;ME26052702100325;241;10;0060437618919153;5;20260527;10;CN;0060437618919153;5;9858223880;98448102;;;0;;;;9858223880;;ME M63;;;0;PCE;113;4;20260604;20260604
VDA4905;ECAR;EDIFACT;ME26052702100325;241;10;0060437618919153;5;20260527;10;CN;0060437618919153;5;9858223880;98448102;;;0;;;;9858223880;;ME M63;;;0;PCE;113;4;20260605;20260605
VDA4905;ECAR;EDIFACT;ME26052702100325;241;10;0060437618919153;5;20260527;10;CN;0060437618919153;5;9858223880;98448102;;;0;;;;9858223880;;ME M63;;;0;PCE;113;4;20260608;20260608
VDA4905;ECAR;EDIFACT;ME26052702100325;241;10;0060437618919153;5;20260527;10;CN;0060437618919153;5;9858223880;98448102;;;0;;;;9858223880;;ME M63;;;0;PCE;113;4;20260609;20260609
VDA4905;ECAR;EDIFACT;ME26052702100325;241;10;0060437618919153;5;20260527;10;CN;0060437618919153;5;9858223880;98448102;;;0;;;;9858223880;;ME M63;;;0;PCE;113;4;20260610;20260610
VDA4905;ECAR;EDIFACT;ME26052702100325;241;10;0060437618919153;5;20260527;10;CN;0060437618919153;5;9858223880;98448102;;;0;;;;9858223880;;ME M63;;;0;PCE;113;4;20260611;20260611
VDA4905;ECAR;EDIFACT;ME26052702100325;241;10;0060437618919153;5;20260527;10;CN;0060437618919153;5;9858223880;98448102;;;0;;;;9858223880;;ME M63;;;0;PCE;113;4;20260612;20260612
VDA4905;ECAR;EDIFACT;ME26052702100325;241;10;0060437618919153;5;20260527;10;CN;0060437618919153;5;9858223880;98448102;;;0;;;;9858223880;;ME M63;;;0;PCE;113;4;20260615;20260615
VDA4905;ECAR;EDIFACT;ME26052702100325;241;10;0060437618919153;5;20260527;10;CN;0060437618919153;5;9858223880;98448102;;;0;;;;9858223880;;ME M63;;;0;PCE;113;4;20260616;20260616
VDA4905;ECAR;EDIFACT;ME26052702100325;241;10;0060437618919153;5;20260527;10;CN;0060437618919153;5;9858223880;98448102;;;0;;;;9858223880;;ME M63;;;0;PCE;113;4;20260617;20260617
VDA4905;ECAR;EDIFACT;ME26052702100325;241;10;0060437618919153;5;20260527;10;CN;0060437618919153;5;9858223880;98448102;;;0;;;;9858223880;;ME M63;;;0;PCE;113;4;20260618;20260618
VDA4905;ECAR;EDIFACT;ME26052702100325;241;10;0060437618919153;5;20260527;10;CN;0060437618919153;5;9858223880;98448102;;;0;;;;9858223880;;ME M63;;;0;PCE;113;4;20260619;20260619
VDA4905;ECAR;EDIFACT;ME26052702100325;241;10;0060437618919153;5;20260527;10;CN;0060437618919153;5;9858223880;98448102;;;0;;;;9858223880;;ME M63;;;0;PCE;113;4;20260620;20260620
VDA4905;ECAR;EDIFACT;ME26052702100325;241;10;0060437618919153;5;20260527;10;CN;0060437618919153;5;9858223880;98448102;;;0;;;;9858223880;;ME M63;;;0;PCE;113;4;20260621;20260621
VDA4905;ECAR;EDIFACT;ME26052702100325;241;10;0060437618919153;5;20260527;10;CN;0060437618919153;5;9858223880;98448102;;;0;;;;9858223880;;ME M63;;;0;PCE;113;4;20260622;20260628
VDA4905;ECAR;EDIFACT;ME26052702100325;241;10;0060437618919153;5;20260527;10;CN;0060437618919153;5;9858223880;98448102;;;0;;;;9858223880;;ME M63;;;0;PCE;113;4;20260629;20260705
VDA4905;ECAR;EDIFACT;ME26052702100325;241;10;0060437618919153;5;20260527;10;CN;0060437618919153;5;9858223880;98448102;;;0;;;;9858223880;;ME M63;;;0;PCE;113;4;20260706;20260712
VDA4905;ECAR;EDIFACT;ME26052702100325;241;10;0060437618919153;5;20260527;10;CN;0060437618919153;5;9858223880;98448102;;;0;;;;9858223880;;ME M63;;;0;PCE;113;4;20260713;20260719
VDA4905;ECAR;EDIFACT;ME26052702100325;241;10;0060437618919153;5;20260527;10;CN;0060437618919153;5;9858223880;98448102;;;0;;;;9858223880;;ME M63;;;0;PCE;113;4;20260720;20260726
VDA4905;ECAR;EDIFACT;ME26052702100325;241;10;0060437618919153;5;20260527;10;CN;0060437618919153;5;9858223880;98448102;;;0;;;;9858223880;;ME M63;;;0;PCE;113;4;20260810;20260816
VDA4905;ECAR;EDIFACT;ME26052702100325;241;10;0060437618919153;5;20260527;10;CN;0060437618919153;5;9858223880;98448102;;;0;;;;9858223880;;ME M63;;;0;PCE;113;4;20260817;20260823
VDA4905;ECAR;EDIFACT;ME26052702100325;241;10;0060437618919153;5;20260527;10;CN;0060437618919153;5;9858223880;98448102;;;0;;;;9858223880;;ME M63;;;0;PCE;113;4;20260824;20260830
VDA4905;ECAR;EDIFACT;ME26052702100325;241;10;0060437618919153;5;20260527;10;CN;0060437618919153;5;9858223880;98448102;;;0;;;;9858223880;;ME M63;;;0;PCE;113;4;20260831;20260906
VDA4905;ECAR;EDIFACT;ME26052702100325;241;10;0060437618919153;5;20260527;10;CN;0060437618919153;5;9858223880;98448102;;;0;;;;9858223880;;ME M63;;;0;PCE;113;4;20260907;20260913
VDA4905;ECAR;EDIFACT;ME26052702100325;241;10;0060437618919153;5;20260527;10;CN;0060437618919153;5;9858223880;98448102;;;0;;;;9858223880;;ME M63;;;0;PCE;113;4;20260914;20260920
VDA4905;ECAR;EDIFACT;ME26052702100325;241;10;0060437618919153;5;20260527;10;CN;0060437618919153;5;9858223880;98448102;;;0;;;;9858223880;;ME M63;;;0;PCE;113;4;20260921;20260927
VDA4905;ECAR;EDIFACT;ME26052702100325;241;10;0060437618919153;5;20260527;10;CN;0060437618919153;5;9858223880;98448102;;;0;;;;9858223880;;ME M63;;;0;PCE;113;4;20260928;20261004
VDA4905;ECAR;EDIFACT;ME26052702100325;241;10;0060437618919153;5;20260527;10;CN;0060437618919153;5;9858223880;98448102;;;0;;;;9858223880;;ME M63;;;0;PCE;113;4;20261005;20261011
VDA4905;ECAR;EDIFACT;ME26052702100325;241;10;0060437618919153;5;20260527;10;CN;0060437618919153;5;9858223880;98448102;;;0;;;;9858223880;;ME M63;;;0;PCE;113;4;20261012;20261018
VDA4905;ECAR;EDIFACT;ME26052702100325;241;10;0060437618919153;5;20260527;10;CN;0060437618919153;5;9858223880;98448102;;;0;;;;9858223880;;ME M63;;;0;PCE;113;4;20261019;20261025
VDA4905;ECAR;EDIFACT;ME26052702100325;241;10;0060437618919153;5;20260527;10;CN;0060437618919153;5;9858223880;98448102;;;0;;;;9858223880;;ME M63;;;0;PCE;113;4;20261026;20261101
VDA4905;ECAR;EDIFACT;ME26052702100325;241;10;0060437618919153;5;20260527;10;CN;0060437618919153;5;9858223880;98448102;;;0;;;;9858223880;;ME M63;;;0;PCE;113;4;20261102;20261108
VDA4905;ECAR;EDIFACT;ME26052702100325;241;10;0060437618919153;5;20260527;10;CN;0060437618919153;5;9858223880;98448102;;;0;;;;9858223880;;ME M63;;;0;PCE;113;4;20261109;20261115
VDA4905;ECAR;EDIFACT;ME26052702100325;241;10;0060437618919153;5;20260527;10;CN;0060437618919153;5;9858223880;98448102;;;0;;;;9858223880;;ME M63;;;0;PCE;113;4;20261116;20261122
VDA4905;ECAR;EDIFACT;ME26052702100325;241;10;0060437618919153;5;20260527;10;CN;0060437618919153;5;9858223880;98448102;;;0;;;;9858223880;;ME M63;;;0;PCE;113;4;20261123;20261129
VDA4905;ECAR;EDIFACT;ME26052702100325;241;10;0060437618919153;5;20260527;10;CN;0060437618919153;5;9858223880;98448102;;;0;;;;9858223880;;ME M63;;;0;PCE;113;4;20261130;20261206
VDA4905;ECAR;EDIFACT;ME26052702100325;241;10;0060437618919153;5;20260527;10;CN;0060437618919153;5;9858223880;98448102;;;0;;;;9858223880;;ME M63;;;0;PCE;113;4;20261207;20261213
VDA4905;ECAR;EDIFACT;ME26052702100325;241;10;0060437618919153;5;20260527;10;CN;0060437618919153;5;9858223880;98448102;;;0;;;;9858223880;;ME M63;;;0;PCE;113;4;20261214;20261220
VDA4905;ECAR;EDIFACT;ME26052702100325;241;10;0060437618919153;5;20260527;10;CN;0060437618919153;5;9858223880;98448102;;;0;;;;9858223880;;ME M63;;;0;PCE;113;4;20261221;20261227
VDA4905;ECAR;EDIFACT;ME26052702100325;241;10;0060437618919153;5;20260527;10;CN;0060437618919153;5;9858223880;98448102;;;0;;;;9858223880;;ME M63;;;0;PCE;113;4;20270101;20270103
VDA4905;ECAR;EDIFACT;ME26052702100325;241;10;0060437618919153;5;20260527;10;CN;0060437618919153;5;9858223880;98448102;;;0;;;;9858223880;;ME M63;;;0;PCE;113;4;20270104;20270110
VDA4905;ECAR;EDIFACT;ME26052702100325;241;10;0060437618919153;5;20260527;10;CN;0060437618919153;5;9858223880;98448102;;;0;;;;9858223880;;ME M63;;;0;PCE;113;4;20270111;20270117
VDA4905;ECAR;EDIFACT;ME26052702100325;241;10;0060437618919153;5;20260527;10;CN;0060437618919153;5;9858223880;98448102;;;0;;;;9858223880;;ME M63;;;0;PCE;113;4;20270118;20270124
VDA4905;ECAR;EDIFACT;ME26052702100325;241;10;0060437618919153;5;20260527;10;CN;0060437618919153;5;9858223880;98448102;;;0;;;;9858223880;;ME M63;;;0;PCE;113;4;20270125;20270131
VDA4905;ECAR;EDIFACT;ME26052702100325;241;10;0060437618919153;5;20260527;10;CN;0060437618919153;5;9858223880;98448102;;;0;;;;9858223880;;ME M63;;;0;PCE;113;4;20270201;20270207
VDA4905;ECAR;EDIFACT;ME26052702100325;241;10;0060437618919153;5;20260527;10;CN;0060437618919153;5;9858223880;98448102;;;0;;;;9858223880;;ME M63;;;0;PCE;113;4;20270208;20270214
VDA4905;ECAR;EDIFACT;ME26052702100325;241;10;0060437618919153;5;20260527;10;CN;0060437618919153;5;9858223880;98448102;;;0;;;;9858223880;;ME M63;;;0;PCE;113;4;20270215;20270221
VDA4905;ECAR;EDIFACT;ME26052702100325;241;10;0060437618919153;5;20260527;10;CN;0060437618919153;5;9858223880;98448102;;;0;;;;9858223880;;ME M63;;;0;PCE;113;4;20270222;20270228
VDA4905;ECAR;EDIFACT;ME26052702100325;241;10;0060437618919153;5;20260527;10;CN;0060437618919153;5;9858223880;98448102;;;0;;;;9858223880;;ME M63;;;0;PCE;113;4;20270301;20270307
VDA4905;ECAR;EDIFACT;ME26052702100325;241;10;0060437618919153;5;20260527;10;CN;0060437618919153;5;9858223880;98448102;;;0;;;;9858223880;;ME M63;;;0;PCE;113;4;20270308;20270314
VDA4905;ECAR;EDIFACT;ME26052702100325;241;10;0060437618919153;5;20260527;10;CN;0060437618919153;5;9858223880;98448102;;;0;;;;9858223880;;ME M63;;;0;PCE;113;4;20270315;20270321
VDA4905;ECAR;EDIFACT;ME26052702100325;241;10;0060437618919153;5;20260527;10;CN;0060437618919153;5;9858223880;98448102;;;0;;;;9858223880;;ME M63;;;0;PCE;113;4;20270322;20270328
VDA4905;ECAR;EDIFACT;ME26052702100325;241;10;0060437618919153;5;20260527;10;CN;0060437618919153;5;9858223880;98448102;;;0;;;;9858223880;;ME M63;;;0;PCE;113;4;20270329;20270404
VDA4905;ECAR;EDIFACT;ME26052702100325;241;10;0060437618919153;5;20260527;10;CN;0060437618919153;5;9858223880;98448102;;;0;;;;9858223880;;ME M63;;;0;PCE;113;4;20270405;20270411
VDA4905;ECAR;EDIFACT;ME26052702100325;241;10;0060437618919153;5;20260527;10;CN;0060437618919153;5;9858223880;98448102;;;0;;;;9858223880;;ME M63;;;0;PCE;113;4;20270412;20270418
VDA4905;ECAR;EDIFACT;ME26052702100325;241;10;0060437618919153;5;20260527;10;CN;0060437618919153;5;9858223880;98448102;;;0;;;;9858223880;;ME M63;;;0;PCE;113;4;20270419;20270425
VDA4905;ECAR;EDIFACT;ME26052702100325;241;10;0060437618919153;5;20260527;10;CN;0060437618919153;5;9858223880;98448102;;;0;;;;9858223880;;ME M63;;;0;PCE;113;4;20270426;20270502
VDA4905;ECAR;EDIFACT;ME26052702100325;241;10;0060437618919153;5;20260527;10;CN;0060437618919153;5;9858234980;98446438;;;0;;;;9858234980;;ME M63;;;0;PCE;113;4;20260603;20260603
VDA4905;ECAR;EDIFACT;ME26052702100325;241;10;0060437618919153;5;20260527;10;CN;0060437618919153;5;9858234980;98446438;;;0;;;;9858234980;;ME M63;;;0;PCE;113;4;20260612;20260612
VDA4905;ECAR;EDIFACT;ME26052702100325;241;10;0060437618919153;5;20260527;10;CN;0060437618919153;5;9858234980;98446438;;;0;;;;9858234980;;ME M63;;;0;PCE;113;4;20260713;20260719
VDA4905;ECAR;EDIFACT;ME26052702100325;241;10;0060437618919153;5;20260527;10;CN;0060437618919153;5;9858234980;98446438;;;0;;;;9858234980;;ME M63;;;0;PCE;113;4;20260824;20260830
VDA4905;ECAR;EDIFACT;ME26052702100325;241;10;0060437618919153;5;20260527;10;CN;0060437618919153;5;9858234980;98446438;;;0;;;;9858234980;;ME M63;;;0;PCE;113;4;20260928;20261004
VDA4905;ECAR;EDIFACT;ME26052702100325;241;10;0060437618919153;5;20260527;10;CN;0060437618919153;5;9858234980;98446438;;;0;;;;9858234980;;ME M63;;;0;PCE;113;4;20261102;20261108
VDA4905;ECAR;EDIFACT;ME26052702100325;241;10;0060437618919153;5;20260527;10;CN;0060437618919153;5;9858234980;98446438;;;0;;;;9858234980;;ME M63;;;0;PCE;113;4;20261130;20261206
VDA4905;ECAR;EDIFACT;ME26052702100325;241;10;0060437618919153;5;20260527;10;CN;0060437618919153;5;9858234980;98446438;;;0;;;;9858234980;;ME M63;;;0;PCE;113;4;20270104;20270110
VDA4905;ECAR;EDIFACT;ME26052702100325;241;10;0060437618919153;5;20260527;10;CN;0060437618919153;5;9858234980;98446438;;;0;;;;9858234980;;ME M63;;;0;PCE;113;4;20270111;20270117
VDA4905;ECAR;EDIFACT;ME26052702100325;241;10;0060437618919153;5;20260527;10;CN;0060437618919153;5;9858234980;98446438;;;0;;;;9858234980;;ME M63;;;0;PCE;113;4;20270118;20270124
VDA4905;ECAR;EDIFACT;ME26052702100325;241;10;0060437618919153;5;20260527;10;CN;0060437618919153;5;9858234980;98446438;;;0;;;;9858234980;;ME M63;;;0;PCE;113;4;20270125;20270131
VDA4905;ECAR;EDIFACT;ME26052702100325;241;10;0060437618919153;5;20260527;10;CN;0060437618919153;5;9858234980;98446438;;;0;;;;9858234980;;ME M63;;;0;PCE;113;4;20270201;20270207
VDA4905;ECAR;EDIFACT;ME26052702100325;241;10;0060437618919153;5;20260527;10;CN;0060437618919153;5;9858234980;98446438;;;0;;;;9858234980;;ME M63;;;0;PCE;113;4;20270208;20270214
VDA4905;ECAR;EDIFACT;ME26052702100325;241;10;0060437618919153;5;20260527;10;CN;0060437618919153;5;9858234980;98446438;;;0;;;;9858234980;;ME M63;;;0;PCE;113;4;20270215;20270221
VDA4905;ECAR;EDIFACT;ME26052702100325;241;10;0060437618919153;5;20260527;10;CN;0060437618919153;5;9858234980;98446438;;;0;;;;9858234980;;ME M63;;;0;PCE;113;4;20270222;20270228
VDA4905;ECAR;EDIFACT;ME26052702100325;241;10;0060437618919153;5;20260527;10;CN;0060437618919153;5;9858234980;98446438;;;0;;;;9858234980;;ME M63;;;0;PCE;113;4;20270301;20270307
VDA4905;ECAR;EDIFACT;ME26052702100325;241;10;0060437618919153;5;20260527;10;CN;0060437618919153;5;9858234980;98446438;;;0;;;;9858234980;;ME M63;;;0;PCE;113;4;20270308;20270314
VDA4905;ECAR;EDIFACT;ME26052702100325;241;10;0060437618919153;5;20260527;10;CN;0060437618919153;5;9858234980;98446438;;;0;;;;9858234980;;ME M63;;;0;PCE;113;4;20270315;20270321
VDA4905;ECAR;EDIFACT;ME26052702100325;241;10;0060437618919153;5;20260527;10;CN;0060437618919153;5;9858234980;98446438;;;0;;;;9858234980;;ME M63;;;0;PCE;113;4;20270322;20270328
VDA4905;ECAR;EDIFACT;ME26052702100325;241;10;0060437618919153;5;20260527;10;CN;0060437618919153;5;9858234980;98446438;;;0;;;;9858234980;;ME M63;;;0;PCE;113;4;20270329;20270404
VDA4905;ECAR;EDIFACT;ME26052702100325;241;10;0060437618919153;5;20260527;10;CN;0060437618919153;5;9858234980;98446438;;;0;;;;9858234980;;ME M63;;;0;PCE;113;4;20270405;20270411
VDA4905;ECAR;EDIFACT;ME26052702100325;241;10;0060437618919153;5;20260527;10;CN;0060437618919153;5;9858234980;98446438;;;0;;;;9858234980;;ME M63;;;0;PCE;113;4;20270412;20270418
VDA4905;ECAR;EDIFACT;ME26052702100325;241;10;0060437618919153;5;20260527;10;CN;0060437618919153;5;9858234980;98446438;;;0;;;;9858234980;;ME M63;;;0;PCE;113;4;20270419;20270425
VDA4905;ECAR;EDIFACT;ME26052702100325;241;10;0060437618919153;5;20260527;10;CN;0060437618919153;5;9858234980;98446438;;;0;;;;9858234980;;ME M63;;;0;PCE;113;4;20270426;20270502
VDA4905;ECAR;EDIFACT;ME26052702100325;241;10;0060437618919153;5;20260527;10;CN;0060437618919153;5;9858256180;98454390;;;0;;;;9858256180;;ME M63;;;0;PCE;113;4;20260603;20260603
VDA4905;ECAR;EDIFACT;ME26052702100325;241;10;0060437618919153;5;20260527;10;CN;0060437618919153;5;9858256180;98454390;;;0;;;;9858256180;;ME M63;;;0;PCE;113;4;20260605;20260605
VDA4905;ECAR;EDIFACT;ME26052702100325;241;10;0060437618919153;5;20260527;10;CN;0060437618919153;5;9858256180;98454390;;;0;;;;9858256180;;ME M63;;;0;PCE;113;4;20260609;20260609
VDA4905;ECAR;EDIFACT;ME26052702100325;241;10;0060437618919153;5;20260527;10;CN;0060437618919153;5;9858256180;98454390;;;0;;;;9858256180;;ME M63;;;0;PCE;113;4;20260611;20260611
VDA4905;ECAR;EDIFACT;ME26052702100325;241;10;0060437618919153;5;20260527;10;CN;0060437618919153;5;9858256180;98454390;;;0;;;;9858256180;;ME M63;;;0;PCE;113;4;20260615;20260615
VDA4905;ECAR;EDIFACT;ME26052702100325;241;10;0060437618919153;5;20260527;10;CN;0060437618919153;5;9858256180;98454390;;;0;;;;9858256180;;ME M63;;;0;PCE;113;4;20260616;20260616
VDA4905;ECAR;EDIFACT;ME26052702100325;241;10;0060437618919153;5;20260527;10;CN;0060437618919153;5;9858256180;98454390;;;0;;;;9858256180;;ME M63;;;0;PCE;113;4;20260617;20260617
VDA4905;ECAR;EDIFACT;ME26052702100325;241;10;0060437618919153;5;20260527;10;CN;0060437618919153;5;9858256180;98454390;;;0;;;;9858256180;;ME M63;;;0;PCE;113;4;20260618;20260618
VDA4905;ECAR;EDIFACT;ME26052702100325;241;10;0060437618919153;5;20260527;10;CN;0060437618919153;5;9858256180;98454390;;;0;;;;9858256180;;ME M63;;;0;PCE;113;4;20260619;20260619
VDA4905;ECAR;EDIFACT;ME26052702100325;241;10;0060437618919153;5;20260527;10;CN;0060437618919153;5;9858256180;98454390;;;0;;;;9858256180;;ME M63;;;0;PCE;113;4;20260620;20260620
VDA4905;ECAR;EDIFACT;ME26052702100325;241;10;0060437618919153;5;20260527;10;CN;0060437618919153;5;9858256180;98454390;;;0;;;;9858256180;;ME M63;;;0;PCE;113;4;20260621;20260621
VDA4905;ECAR;EDIFACT;ME26052702100325;241;10;0060437618919153;5;20260527;10;CN;0060437618919153;5;9858256180;98454390;;;0;;;;9858256180;;ME M63;;;0;PCE;113;4;20260622;20260628
VDA4905;ECAR;EDIFACT;ME26052702100325;241;10;0060437618919153;5;20260527;10;CN;0060437618919153;5;9858256180;98454390;;;0;;;;9858256180;;ME M63;;;0;PCE;113;4;20260629;20260705
VDA4905;ECAR;EDIFACT;ME26052702100325;241;10;0060437618919153;5;20260527;10;CN;0060437618919153;5;9858256180;98454390;;;0;;;;9858256180;;ME M63;;;0;PCE;113;4;20260706;20260712
VDA4905;ECAR;EDIFACT;ME26052702100325;241;10;0060437618919153;5;20260527;10;CN;0060437618919153;5;9858256180;98454390;;;0;;;;9858256180;;ME M63;;;0;PCE;113;4;20260713;20260719
VDA4905;ECAR;EDIFACT;ME26052702100325;241;10;0060437618919153;5;20260527;10;CN;0060437618919153;5;9858256180;98454390;;;0;;;;9858256180;;ME M63;;;0;PCE;113;4;20260720;20260726
VDA4905;ECAR;EDIFACT;ME26052702100325;241;10;0060437618919153;5;20260527;10;CN;0060437618919153;5;9858256180;98454390;;;0;;;;9858256180;;ME M63;;;0;PCE;113;4;20260817;20260823
VDA4905;ECAR;EDIFACT;ME26052702100325;241;10;0060437618919153;5;20260527;10;CN;0060437618919153;5;9858256180;98454390;;;0;;;;9858256180;;ME M63;;;0;PCE;113;4;20260824;20260830
VDA4905;ECAR;EDIFACT;ME26052702100325;241;10;0060437618919153;5;20260527;10;CN;0060437618919153;5;9858256180;98454390;;;0;;;;9858256180;;ME M63;;;0;PCE;113;4;20260831;20260906
VDA4905;ECAR;EDIFACT;ME26052702100325;241;10;0060437618919153;5;20260527;10;CN;0060437618919153;5;9858256180;98454390;;;0;;;;9858256180;;ME M63;;;0;PCE;113;4;20260907;20260913
VDA4905;ECAR;EDIFACT;ME26052702100325;241;10;0060437618919153;5;20260527;10;CN;0060437618919153;5;9858256180;98454390;;;0;;;;9858256180;;ME M63;;;0;PCE;113;4;20260914;20260920
VDA4905;ECAR;EDIFACT;ME26052702100325;241;10;0060437618919153;5;20260527;10;CN;0060437618919153;5;9858256180;98454390;;;0;;;;9858256180;;ME M63;;;0;PCE;113;4;20260921;20260927
VDA4905;ECAR;EDIFACT;ME26052702100325;241;10;0060437618919153;5;20260527;10;CN;0060437618919153;5;9858256180;98454390;;;0;;;;9858256180;;ME M63;;;0;PCE;113;4;20260928;20261004
VDA4905;ECAR;EDIFACT;ME26052702100325;241;10;0060437618919153;5;20260527;10;CN;0060437618919153;5;9858256180;98454390;;;0;;;;9858256180;;ME M63;;;0;PCE;113;4;20261005;20261011
VDA4905;ECAR;EDIFACT;ME26052702100325;241;10;0060437618919153;5;20260527;10;CN;0060437618919153;5;9858256180;98454390;;;0;;;;9858256180;;ME M63;;;0;PCE;113;4;20261012;20261018
VDA4905;ECAR;EDIFACT;ME26052702100325;241;10;0060437618919153;5;20260527;10;CN;0060437618919153;5;9858256180;98454390;;;0;;;;9858256180;;ME M63;;;0;PCE;113;4;20261019;20261025
VDA4905;ECAR;EDIFACT;ME26052702100325;241;10;0060437618919153;5;20260527;10;CN;0060437618919153;5;9858256180;98454390;;;0;;;;9858256180;;ME M63;;;0;PCE;113;4;20261026;20261101
VDA4905;ECAR;EDIFACT;ME26052702100325;241;10;0060437618919153;5;20260527;10;CN;0060437618919153;5;9858256180;98454390;;;0;;;;9858256180;;ME M63;;;0;PCE;113;4;20261102;20261108
VDA4905;ECAR;EDIFACT;ME26052702100325;241;10;0060437618919153;5;20260527;10;CN;0060437618919153;5;9858256180;98454390;;;0;;;;9858256180;;ME M63;;;0;PCE;113;4;20261109;20261115
VDA4905;ECAR;EDIFACT;ME26052702100325;241;10;0060437618919153;5;20260527;10;CN;0060437618919153;5;9858256180;98454390;;;0;;;;9858256180;;ME M63;;;0;PCE;113;4;20261116;20261122
VDA4905;ECAR;EDIFACT;ME26052702100325;241;10;0060437618919153;5;20260527;10;CN;0060437618919153;5;9858256180;98454390;;;0;;;;9858256180;;ME M63;;;0;PCE;113;4;20261123;20261129
VDA4905;ECAR;EDIFACT;ME26052702100325;241;10;0060437618919153;5;20260527;10;CN;0060437618919153;5;9858256180;98454390;;;0;;;;9858256180;;ME M63;;;0;PCE;113;4;20261130;20261206
VDA4905;ECAR;EDIFACT;ME26052702100325;241;10;0060437618919153;5;20260527;10;CN;0060437618919153;5;9858256180;98454390;;;0;;;;9858256180;;ME M63;;;0;PCE;113;4;20261207;20261213
VDA4905;ECAR;EDIFACT;ME26052702100325;241;10;0060437618919153;5;20260527;10;CN;0060437618919153;5;9858256180;98454390;;;0;;;;9858256180;;ME M63;;;0;PCE;113;4;20261214;20261220
VDA4905;ECAR;EDIFACT;ME26052702100325;241;10;0060437618919153;5;20260527;10;CN;0060437618919153;5;9858256180;98454390;;;0;;;;9858256180;;ME M63;;;0;PCE;113;4;20270101;20270103
VDA4905;ECAR;EDIFACT;ME26052702100325;241;10;0060437618919153;5;20260527;10;CN;0060437618919153;5;9858256180;98454390;;;0;;;;9858256180;;ME M63;;;0;PCE;113;4;20270111;20270117
VDA4905;ECAR;EDIFACT;ME26052702100325;241;10;0060437618919153;5;20260527;10;CN;0060437618919153;5;9858256180;98454390;;;0;;;;9858256180;;ME M63;;;0;PCE;113;4;20270118;20270124
VDA4905;ECAR;EDIFACT;ME26052702100325;241;10;0060437618919153;5;20260527;10;CN;0060437618919153;5;9858256180;98454390;;;0;;;;9858256180;;ME M63;;;0;PCE;113;4;20270125;20270131
VDA4905;ECAR;EDIFACT;ME26052702100325;241;10;0060437618919153;5;20260527;10;CN;0060437618919153;5;9858256180;98454390;;;0;;;;9858256180;;ME M63;;;0;PCE;113;4;20270201;20270207
VDA4905;ECAR;EDIFACT;ME26052702100325;241;10;0060437618919153;5;20260527;10;CN;0060437618919153;5;9858256180;98454390;;;0;;;;9858256180;;ME M63;;;0;PCE;113;4;20270208;20270214
VDA4905;ECAR;EDIFACT;ME26052702100325;241;10;0060437618919153;5;20260527;10;CN;0060437618919153;5;9858256180;98454390;;;0;;;;9858256180;;ME M63;;;0;PCE;113;4;20270215;20270221
VDA4905;ECAR;EDIFACT;ME26052702100325;241;10;0060437618919153;5;20260527;10;CN;0060437618919153;5;9858256180;98454390;;;0;;;;9858256180;;ME M63;;;0;PCE;113;4;20270222;20270228
VDA4905;ECAR;EDIFACT;ME26052702100325;241;10;0060437618919153;5;20260527;10;CN;0060437618919153;5;9858256180;98454390;;;0;;;;9858256180;;ME M63;;;0;PCE;113;4;20270301;20270307
VDA4905;ECAR;EDIFACT;ME26052702100325;241;10;0060437618919153;5;20260527;10;CN;0060437618919153;5;9858256180;98454390;;;0;;;;9858256180;;ME M63;;;0;PCE;113;4;20270308;20270314
VDA4905;ECAR;EDIFACT;ME26052702100325;241;10;0060437618919153;5;20260527;10;CN;0060437618919153;5;9858256180;98454390;;;0;;;;9858256180;;ME M63;;;0;PCE;113;4;20270315;20270321
VDA4905;ECAR;EDIFACT;ME26052702100325;241;10;0060437618919153;5;20260527;10;CN;0060437618919153;5;9858256180;98454390;;;0;;;;9858256180;;ME M63;;;0;PCE;113;4;20270322;20270328
VDA4905;ECAR;EDIFACT;ME26052702100325;241;10;0060437618919153;5;20260527;10;CN;0060437618919153;5;9858256180;98454390;;;0;;;;9858256180;;ME M63;;;0;PCE;113;4;20270329;20270404
VDA4905;ECAR;EDIFACT;ME26052702100325;241;10;0060437618919153;5;20260527;10;CN;0060437618919153;5;9858256180;98454390;;;0;;;;9858256180;;ME M63;;;0;PCE;113;4;20270405;20270411
VDA4905;ECAR;EDIFACT;ME26052702100325;241;10;0060437618919153;5;20260527;10;CN;0060437618919153;5;9858256180;98454390;;;0;;;;9858256180;;ME M63;;;0;PCE;113;4;20270412;20270418
VDA4905;ECAR;EDIFACT;ME26052702100325;241;10;0060437618919153;5;20260527;10;CN;0060437618919153;5;9858256180;98454390;;;0;;;;9858256180;;ME M63;;;0;PCE;113;4;20270419;20270425
VDA4905;ECAR;EDIFACT;ME26052702100325;241;10;0060437618919153;5;20260527;10;CN;0060437618919153;5;9858256180;98454390;;;0;;;;9858256180;;ME M63;;;0;PCE;113;4;20270426;20270502
VDA4905;ECAR;EDIFACT;ME26052702100325;241;10;0060437618919153;5;20260527;10;CN;0060437618919153;5;9863457380;98446312;;;0;;;;9863457380;;ME M63;;;0;PCE;113;4;20260601;20260601
VDA4905;ECAR;EDIFACT;ME26052702100325;241;10;0060437618919153;5;20260527;10;CN;0060437618919153;5;9863457380;98446312;;;0;;;;9863457380;;ME M63;;;0;PCE;113;4;20260602;20260602
VDA4905;ECAR;EDIFACT;ME26052702100325;241;10;0060437618919153;5;20260527;10;CN;0060437618919153;5;9863457380;98446312;;;0;;;;9863457380;;ME M63;;;0;PCE;113;4;20260603;20260603
VDA4905;ECAR;EDIFACT;ME26052702100325;241;10;0060437618919153;5;20260527;10;CN;0060437618919153;5;9863457380;98446312;;;0;;;;9863457380;;ME M63;;;0;PCE;113;4;20260605;20260605
VDA4905;ECAR;EDIFACT;ME26052702100325;241;10;0060437618919153;5;20260527;10;CN;0060437618919153;5;9863457380;98446312;;;0;;;;9863457380;;ME M63;;;0;PCE;113;4;20260608;20260608
VDA4905;ECAR;EDIFACT;ME26052702100325;241;10;0060437618919153;5;20260527;10;CN;0060437618919153;5;9863457380;98446312;;;0;;;;9863457380;;ME M63;;;0;PCE;113;4;20260609;20260609
VDA4905;ECAR;EDIFACT;ME26052702100325;241;10;0060437618919153;5;20260527;10;CN;0060437618919153;5;9863457380;98446312;;;0;;;;9863457380;;ME M63;;;0;PCE;113;4;20260610;20260610
VDA4905;ECAR;EDIFACT;ME26052702100325;241;10;0060437618919153;5;20260527;10;CN;0060437618919153;5;9863457380;98446312;;;0;;;;9863457380;;ME M63;;;0;PCE;113;4;20260611;20260611
VDA4905;ECAR;EDIFACT;ME26052702100325;241;10;0060437618919153;5;20260527;10;CN;0060437618919153;5;9863457380;98446312;;;0;;;;9863457380;;ME M63;;;0;PCE;113;4;20260612;20260612
VDA4905;ECAR;EDIFACT;ME26052702100325;241;10;0060437618919153;5;20260527;10;CN;0060437618919153;5;9863457380;98446312;;;0;;;;9863457380;;ME M63;;;0;PCE;113;4;20260615;20260615
VDA4905;ECAR;EDIFACT;ME26052702100325;241;10;0060437618919153;5;20260527;10;CN;0060437618919153;5;9863457380;98446312;;;0;;;;9863457380;;ME M63;;;0;PCE;113;4;20260616;20260616
VDA4905;ECAR;EDIFACT;ME26052702100325;241;10;0060437618919153;5;20260527;10;CN;0060437618919153;5;9863457380;98446312;;;0;;;;9863457380;;ME M63;;;0;PCE;113;4;20260617;20260617
VDA4905;ECAR;EDIFACT;ME26052702100325;241;10;0060437618919153;5;20260527;10;CN;0060437618919153;5;9863457380;98446312;;;0;;;;9863457380;;ME M63;;;0;PCE;113;4;20260618;20260618
VDA4905;ECAR;EDIFACT;ME26052702100325;241;10;0060437618919153;5;20260527;10;CN;0060437618919153;5;9863457380;98446312;;;0;;;;9863457380;;ME M63;;;0;PCE;113;4;20260619;20260619
VDA4905;ECAR;EDIFACT;ME26052702100325;241;10;0060437618919153;5;20260527;10;CN;0060437618919153;5;9863457380;98446312;;;0;;;;9863457380;;ME M63;;;0;PCE;113;4;20260620;20260620
VDA4905;ECAR;EDIFACT;ME26052702100325;241;10;0060437618919153;5;20260527;10;CN;0060437618919153;5;9863457380;98446312;;;0;;;;9863457380;;ME M63;;;0;PCE;113;4;20260621;20260621
VDA4905;ECAR;EDIFACT;ME26052702100325;241;10;0060437618919153;5;20260527;10;CN;0060437618919153;5;9863457380;98446312;;;0;;;;9863457380;;ME M63;;;0;PCE;113;4;20260622;20260628
VDA4905;ECAR;EDIFACT;ME26052702100325;241;10;0060437618919153;5;20260527;10;CN;0060437618919153;5;9863457380;98446312;;;0;;;;9863457380;;ME M63;;;0;PCE;113;4;20260629;20260705
VDA4905;ECAR;EDIFACT;ME26052702100325;241;10;0060437618919153;5;20260527;10;CN;0060437618919153;5;9863457380;98446312;;;0;;;;9863457380;;ME M63;;;0;PCE;113;4;20260706;20260712
VDA4905;ECAR;EDIFACT;ME26052702100325;241;10;0060437618919153;5;20260527;10;CN;0060437618919153;5;9863457380;98446312;;;0;;;;9863457380;;ME M63;;;0;PCE;113;4;20260713;20260719
VDA4905;ECAR;EDIFACT;ME26052702100325;241;10;0060437618919153;5;20260527;10;CN;0060437618919153;5;9863457380;98446312;;;0;;;;9863457380;;ME M63;;;0;PCE;113;4;20260720;20260726
VDA4905;ECAR;EDIFACT;ME26052702100325;241;10;0060437618919153;5;20260527;10;CN;0060437618919153;5;9863457380;98446312;;;0;;;;9863457380;;ME M63;;;0;PCE;113;4;20260810;20260816
VDA4905;ECAR;EDIFACT;ME26052702100325;241;10;0060437618919153;5;20260527;10;CN;0060437618919153;5;9863457380;98446312;;;0;;;;9863457380;;ME M63;;;0;PCE;113;4;20260817;20260823
VDA4905;ECAR;EDIFACT;ME26052702100325;241;10;0060437618919153;5;20260527;10;CN;0060437618919153;5;9863457380;98446312;;;0;;;;9863457380;;ME M63;;;0;PCE;113;4;20260824;20260830
VDA4905;ECAR;EDIFACT;ME26052702100325;241;10;0060437618919153;5;20260527;10;CN;0060437618919153;5;9863457380;98446312;;;0;;;;9863457380;;ME M63;;;0;PCE;113;4;20260831;20260906
VDA4905;ECAR;EDIFACT;ME26052702100325;241;10;0060437618919153;5;20260527;10;CN;0060437618919153;5;9863457380;98446312;;;0;;;;9863457380;;ME M63;;;0;PCE;113;4;20260907;20260913
VDA4905;ECAR;EDIFACT;ME26052702100325;241;10;0060437618919153;5;20260527;10;CN;0060437618919153;5;9863457380;98446312;;;0;;;;9863457380;;ME M63;;;0;PCE;113;4;20260914;20260920
VDA4905;ECAR;EDIFACT;ME26052702100325;241;10;0060437618919153;5;20260527;10;CN;0060437618919153;5;9863457380;98446312;;;0;;;;9863457380;;ME M63;;;0;PCE;113;4;20260921;20260927
VDA4905;ECAR;EDIFACT;ME26052702100325;241;10;0060437618919153;5;20260527;10;CN;0060437618919153;5;9863457380;98446312;;;0;;;;9863457380;;ME M63;;;0;PCE;113;4;20260928;20261004
VDA4905;ECAR;EDIFACT;ME26052702100325;241;10;0060437618919153;5;20260527;10;CN;0060437618919153;5;9863457380;98446312;;;0;;;;9863457380;;ME M63;;;0;PCE;113;4;20261005;20261011
VDA4905;ECAR;EDIFACT;ME26052702100325;241;10;0060437618919153;5;20260527;10;CN;0060437618919153;5;9863457380;98446312;;;0;;;;9863457380;;ME M63;;;0;PCE;113;4;20261012;20261018
VDA4905;ECAR;EDIFACT;ME26052702100325;241;10;0060437618919153;5;20260527;10;CN;0060437618919153;5;9863457380;98446312;;;0;;;;9863457380;;ME M63;;;0;PCE;113;4;20261019;20261025
VDA4905;ECAR;EDIFACT;ME26052702100325;241;10;0060437618919153;5;20260527;10;CN;0060437618919153;5;9863457380;98446312;;;0;;;;9863457380;;ME M63;;;0;PCE;113;4;20261026;20261101
VDA4905;ECAR;EDIFACT;ME26052702100325;241;10;0060437618919153;5;20260527;10;CN;0060437618919153;5;9863457380;98446312;;;0;;;;9863457380;;ME M63;;;0;PCE;113;4;20261102;20261108
VDA4905;ECAR;EDIFACT;ME26052702100325;241;10;0060437618919153;5;20260527;10;CN;0060437618919153;5;9863457380;98446312;;;0;;;;9863457380;;ME M63;;;0;PCE;113;4;20261109;20261115
VDA4905;ECAR;EDIFACT;ME26052702100325;241;10;0060437618919153;5;20260527;10;CN;0060437618919153;5;9863457380;98446312;;;0;;;;9863457380;;ME M63;;;0;PCE;113;4;20261116;20261122
VDA4905;ECAR;EDIFACT;ME26052702100325;241;10;0060437618919153;5;20260527;10;CN;0060437618919153;5;9863457380;98446312;;;0;;;;9863457380;;ME M63;;;0;PCE;113;4;20261123;20261129
VDA4905;ECAR;EDIFACT;ME26052702100325;241;10;0060437618919153;5;20260527;10;CN;0060437618919153;5;9863457380;98446312;;;0;;;;9863457380;;ME M63;;;0;PCE;113;4;20261130;20261206
VDA4905;ECAR;EDIFACT;ME26052702100325;241;10;0060437618919153;5;20260527;10;CN;0060437618919153;5;9863457380;98446312;;;0;;;;9863457380;;ME M63;;;0;PCE;113;4;20261207;20261213
VDA4905;ECAR;EDIFACT;ME26052702100325;241;10;0060437618919153;5;20260527;10;CN;0060437618919153;5;9863457380;98446312;;;0;;;;9863457380;;ME M63;;;0;PCE;113;4;20261214;20261220
VDA4905;ECAR;EDIFACT;ME26052702100325;241;10;0060437618919153;5;20260527;10;CN;0060437618919153;5;9863457380;98446312;;;0;;;;9863457380;;ME M63;;;0;PCE;113;4;20261221;20261227
VDA4905;ECAR;EDIFACT;ME26052702100325;241;10;0060437618919153;5;20260527;10;CN;0060437618919153;5;9863457380;98446312;;;0;;;;9863457380;;ME M63;;;0;PCE;113;4;20270101;20270103
VDA4905;ECAR;EDIFACT;ME26052702100325;241;10;0060437618919153;5;20260527;10;CN;0060437618919153;5;9863457380;98446312;;;0;;;;9863457380;;ME M63;;;0;PCE;113;4;20270104;20270110
VDA4905;ECAR;EDIFACT;ME26052702100325;241;10;0060437618919153;5;20260527;10;CN;0060437618919153;5;9863457380;98446312;;;0;;;;9863457380;;ME M63;;;0;PCE;113;4;20270111;20270117
VDA4905;ECAR;EDIFACT;ME26052702100325;241;10;0060437618919153;5;20260527;10;CN;0060437618919153;5;9863457380;98446312;;;0;;;;9863457380;;ME M63;;;0;PCE;113;4;20270118;20270124
VDA4905;ECAR;EDIFACT;ME26052702100325;241;10;0060437618919153;5;20260527;10;CN;0060437618919153;5;9863457380;98446312;;;0;;;;9863457380;;ME M63;;;0;PCE;113;4;20270125;20270131
VDA4905;ECAR;EDIFACT;ME26052702100325;241;10;0060437618919153;5;20260527;10;CN;0060437618919153;5;9863457380;98446312;;;0;;;;9863457380;;ME M63;;;0;PCE;113;4;20270201;20270207
VDA4905;ECAR;EDIFACT;ME26052702100325;241;10;0060437618919153;5;20260527;10;CN;0060437618919153;5;9863457380;98446312;;;0;;;;9863457380;;ME M63;;;0;PCE;113;4;20270208;20270214
VDA4905;ECAR;EDIFACT;ME26052702100325;241;10;0060437618919153;5;20260527;10;CN;0060437618919153;5;9863457380;98446312;;;0;;;;9863457380;;ME M63;;;0;PCE;113;4;20270215;20270221
VDA4905;ECAR;EDIFACT;ME26052702100325;241;10;0060437618919153;5;20260527;10;CN;0060437618919153;5;9863457380;98446312;;;0;;;;9863457380;;ME M63;;;0;PCE;113;4;20270222;20270228
VDA4905;ECAR;EDIFACT;ME26052702100325;241;10;0060437618919153;5;20260527;10;CN;0060437618919153;5;9863457380;98446312;;;0;;;;9863457380;;ME M63;;;0;PCE;113;4;20270301;20270307
VDA4905;ECAR;EDIFACT;ME26052702100325;241;10;0060437618919153;5;20260527;10;CN;0060437618919153;5;9863457380;98446312;;;0;;;;9863457380;;ME M63;;;0;PCE;113;4;20270308;20270314
VDA4905;ECAR;EDIFACT;ME26052702100325;241;10;0060437618919153;5;20260527;10;CN;0060437618919153;5;9863457380;98446312;;;0;;;;9863457380;;ME M63;;;0;PCE;113;4;20270315;20270321
VDA4905;ECAR;EDIFACT;ME26052702100325;241;10;0060437618919153;5;20260527;10;CN;0060437618919153;5;9863457380;98446312;;;0;;;;9863457380;;ME M63;;;0;PCE;113;4;20270322;20270328
VDA4905;ECAR;EDIFACT;ME26052702100325;241;10;0060437618919153;5;20260527;10;CN;0060437618919153;5;9863457380;98446312;;;0;;;;9863457380;;ME M63;;;0;PCE;113;4;20270329;20270404
VDA4905;ECAR;EDIFACT;ME26052702100325;241;10;0060437618919153;5;20260527;10;CN;0060437618919153;5;9863457380;98446312;;;0;;;;9863457380;;ME M63;;;0;PCE;113;4;20270405;20270411
VDA4905;ECAR;EDIFACT;ME26052702100325;241;10;0060437618919153;5;20260527;10;CN;0060437618919153;5;9863457380;98446312;;;0;;;;9863457380;;ME M63;;;0;PCE;113;4;20270412;20270418
VDA4905;ECAR;EDIFACT;ME26052702100325;241;10;0060437618919153;5;20260527;10;CN;0060437618919153;5;9863457380;98446312;;;0;;;;9863457380;;ME M63;;;0;PCE;113;4;20270419;20270425
VDA4905;ECAR;EDIFACT;ME26052702100325;241;10;0060437618919153;5;20260527;10;CN;0060437618919153;5;9863457380;98446312;;;0;;;;9863457380;;ME M63;;;0;PCE;113;4;20270426;20270502
VDA4905;ECAR;EDIFACT;ME26052702100325;241;10;0060437618919153;5;20260527;10;CN;0060437618919153;5;9863457980;98446332;;;0;;;;9863457980;;ME M63;;;0;PCE;113;4;20260601;20260601
VDA4905;ECAR;EDIFACT;ME26052702100325;241;10;0060437618919153;5;20260527;10;CN;0060437618919153;5;9863457980;98446332;;;0;;;;9863457980;;ME M63;;;0;PCE;113;4;20260603;20260603
VDA4905;ECAR;EDIFACT;ME26052702100325;241;10;0060437618919153;5;20260527;10;CN;0060437618919153;5;9863457980;98446332;;;0;;;;9863457980;;ME M63;;;0;PCE;113;4;20260609;20260609
VDA4905;ECAR;EDIFACT;ME26052702100325;241;10;0060437618919153;5;20260527;10;CN;0060437618919153;5;9863457980;98446332;;;0;;;;9863457980;;ME M63;;;0;PCE;113;4;20260610;20260610
VDA4905;ECAR;EDIFACT;ME26052702100325;241;10;0060437618919153;5;20260527;10;CN;0060437618919153;5;9863457980;98446332;;;0;;;;9863457980;;ME M63;;;0;PCE;113;4;20260611;20260611
VDA4905;ECAR;EDIFACT;ME26052702100325;241;10;0060437618919153;5;20260527;10;CN;0060437618919153;5;9863457980;98446332;;;0;;;;9863457980;;ME M63;;;0;PCE;113;4;20260612;20260612
VDA4905;ECAR;EDIFACT;ME26052702100325;241;10;0060437618919153;5;20260527;10;CN;0060437618919153;5;9863457980;98446332;;;0;;;;9863457980;;ME M63;;;0;PCE;113;4;20260615;20260615
VDA4905;ECAR;EDIFACT;ME26052702100325;241;10;0060437618919153;5;20260527;10;CN;0060437618919153;5;9863457980;98446332;;;0;;;;9863457980;;ME M63;;;0;PCE;113;4;20260616;20260616
VDA4905;ECAR;EDIFACT;ME26052702100325;241;10;0060437618919153;5;20260527;10;CN;0060437618919153;5;9863457980;98446332;;;0;;;;9863457980;;ME M63;;;0;PCE;113;4;20260617;20260617
VDA4905;ECAR;EDIFACT;ME26052702100325;241;10;0060437618919153;5;20260527;10;CN;0060437618919153;5;9863457980;98446332;;;0;;;;9863457980;;ME M63;;;0;PCE;113;4;20260618;20260618
VDA4905;ECAR;EDIFACT;ME26052702100325;241;10;0060437618919153;5;20260527;10;CN;0060437618919153;5;9863457980;98446332;;;0;;;;9863457980;;ME M63;;;0;PCE;113;4;20260619;20260619
VDA4905;ECAR;EDIFACT;ME26052702100325;241;10;0060437618919153;5;20260527;10;CN;0060437618919153;5;9863457980;98446332;;;0;;;;9863457980;;ME M63;;;0;PCE;113;4;20260620;20260620
VDA4905;ECAR;EDIFACT;ME26052702100325;241;10;0060437618919153;5;20260527;10;CN;0060437618919153;5;9863457980;98446332;;;0;;;;9863457980;;ME M63;;;0;PCE;113;4;20260621;20260621
VDA4905;ECAR;EDIFACT;ME26052702100325;241;10;0060437618919153;5;20260527;10;CN;0060437618919153;5;9863457980;98446332;;;0;;;;9863457980;;ME M63;;;0;PCE;113;4;20260622;20260628
VDA4905;ECAR;EDIFACT;ME26052702100325;241;10;0060437618919153;5;20260527;10;CN;0060437618919153;5;9863457980;98446332;;;0;;;;9863457980;;ME M63;;;0;PCE;113;4;20260629;20260705
VDA4905;ECAR;EDIFACT;ME26052702100325;241;10;0060437618919153;5;20260527;10;CN;0060437618919153;5;9863457980;98446332;;;0;;;;9863457980;;ME M63;;;0;PCE;113;4;20260706;20260712
VDA4905;ECAR;EDIFACT;ME26052702100325;241;10;0060437618919153;5;20260527;10;CN;0060437618919153;5;9863457980;98446332;;;0;;;;9863457980;;ME M63;;;0;PCE;113;4;20260713;20260719
VDA4905;ECAR;EDIFACT;ME26052702100325;241;10;0060437618919153;5;20260527;10;CN;0060437618919153;5;9863457980;98446332;;;0;;;;9863457980;;ME M63;;;0;PCE;113;4;20260720;20260726
VDA4905;ECAR;EDIFACT;ME26052702100325;241;10;0060437618919153;5;20260527;10;CN;0060437618919153;5;9863457980;98446332;;;0;;;;9863457980;;ME M63;;;0;PCE;113;4;20260817;20260823
VDA4905;ECAR;EDIFACT;ME26052702100325;241;10;0060437618919153;5;20260527;10;CN;0060437618919153;5;9863457980;98446332;;;0;;;;9863457980;;ME M63;;;0;PCE;113;4;20260824;20260830
VDA4905;ECAR;EDIFACT;ME26052702100325;241;10;0060437618919153;5;20260527;10;CN;0060437618919153;5;9863457980;98446332;;;0;;;;9863457980;;ME M63;;;0;PCE;113;4;20260831;20260906
VDA4905;ECAR;EDIFACT;ME26052702100325;241;10;0060437618919153;5;20260527;10;CN;0060437618919153;5;9863457980;98446332;;;0;;;;9863457980;;ME M63;;;0;PCE;113;4;20260907;20260913
VDA4905;ECAR;EDIFACT;ME26052702100325;241;10;0060437618919153;5;20260527;10;CN;0060437618919153;5;9863457980;98446332;;;0;;;;9863457980;;ME M63;;;0;PCE;113;4;20260914;20260920
VDA4905;ECAR;EDIFACT;ME26052702100325;241;10;0060437618919153;5;20260527;10;CN;0060437618919153;5;9863457980;98446332;;;0;;;;9863457980;;ME M63;;;0;PCE;113;4;20260921;20260927
VDA4905;ECAR;EDIFACT;ME26052702100325;241;10;0060437618919153;5;20260527;10;CN;0060437618919153;5;9863457980;98446332;;;0;;;;9863457980;;ME M63;;;0;PCE;113;4;20260928;20261004
VDA4905;ECAR;EDIFACT;ME26052702100325;241;10;0060437618919153;5;20260527;10;CN;0060437618919153;5;9863457980;98446332;;;0;;;;9863457980;;ME M63;;;0;PCE;113;4;20261005;20261011
VDA4905;ECAR;EDIFACT;ME26052702100325;241;10;0060437618919153;5;20260527;10;CN;0060437618919153;5;9863457980;98446332;;;0;;;;9863457980;;ME M63;;;0;PCE;113;4;20261012;20261018
VDA4905;ECAR;EDIFACT;ME26052702100325;241;10;0060437618919153;5;20260527;10;CN;0060437618919153;5;9863457980;98446332;;;0;;;;9863457980;;ME M63;;;0;PCE;113;4;20261019;20261025
VDA4905;ECAR;EDIFACT;ME26052702100325;241;10;0060437618919153;5;20260527;10;CN;0060437618919153;5;9863457980;98446332;;;0;;;;9863457980;;ME M63;;;0;PCE;113;4;20261026;20261101
VDA4905;ECAR;EDIFACT;ME26052702100325;241;10;0060437618919153;5;20260527;10;CN;0060437618919153;5;9863457980;98446332;;;0;;;;9863457980;;ME M63;;;0;PCE;113;4;20261102;20261108
VDA4905;ECAR;EDIFACT;ME26052702100325;241;10;0060437618919153;5;20260527;10;CN;0060437618919153;5;9863457980;98446332;;;0;;;;9863457980;;ME M63;;;0;PCE;113;4;20261109;20261115
VDA4905;ECAR;EDIFACT;ME26052702100325;241;10;0060437618919153;5;20260527;10;CN;0060437618919153;5;9863457980;98446332;;;0;;;;9863457980;;ME M63;;;0;PCE;113;4;20261116;20261122
VDA4905;ECAR;EDIFACT;ME26052702100325;241;10;0060437618919153;5;20260527;10;CN;0060437618919153;5;9863457980;98446332;;;0;;;;9863457980;;ME M63;;;0;PCE;113;4;20261123;20261129
VDA4905;ECAR;EDIFACT;ME26052702100325;241;10;0060437618919153;5;20260527;10;CN;0060437618919153;5;9863457980;98446332;;;0;;;;9863457980;;ME M63;;;0;PCE;113;4;20261130;20261206
VDA4905;ECAR;EDIFACT;ME26052702100325;241;10;0060437618919153;5;20260527;10;CN;0060437618919153;5;9863457980;98446332;;;0;;;;9863457980;;ME M63;;;0;PCE;113;4;20261207;20261213
VDA4905;ECAR;EDIFACT;ME26052702100325;241;10;0060437618919153;5;20260527;10;CN;0060437618919153;5;9863457980;98446332;;;0;;;;9863457980;;ME M63;;;0;PCE;113;4;20261214;20261220
VDA4905;ECAR;EDIFACT;ME26052702100325;241;10;0060437618919153;5;20260527;10;CN;0060437618919153;5;9863457980;98446332;;;0;;;;9863457980;;ME M63;;;0;PCE;113;4;20270104;20270110
VDA4905;ECAR;EDIFACT;ME26052702100325;241;10;0060437618919153;5;20260527;10;CN;0060437618919153;5;9863457980;98446332;;;0;;;;9863457980;;ME M63;;;0;PCE;113;4;20270111;20270117
VDA4905;ECAR;EDIFACT;ME26052702100325;241;10;0060437618919153;5;20260527;10;CN;0060437618919153;5;9863457980;98446332;;;0;;;;9863457980;;ME M63;;;0;PCE;113;4;20270125;20270131
VDA4905;ECAR;EDIFACT;ME26052702100325;241;10;0060437618919153;5;20260527;10;CN;0060437618919153;5;9863457980;98446332;;;0;;;;9863457980;;ME M63;;;0;PCE;113;4;20270201;20270207
VDA4905;ECAR;EDIFACT;ME26052702100325;241;10;0060437618919153;5;20260527;10;CN;0060437618919153;5;9863457980;98446332;;;0;;;;9863457980;;ME M63;;;0;PCE;113;4;20270208;20270214
VDA4905;ECAR;EDIFACT;ME26052702100325;241;10;0060437618919153;5;20260527;10;CN;0060437618919153;5;9863457980;98446332;;;0;;;;9863457980;;ME M63;;;0;PCE;113;4;20270215;20270221
VDA4905;ECAR;EDIFACT;ME26052702100325;241;10;0060437618919153;5;20260527;10;CN;0060437618919153;5;9863457980;98446332;;;0;;;;9863457980;;ME M63;;;0;PCE;113;4;20270222;20270228
VDA4905;ECAR;EDIFACT;ME26052702100325;241;10;0060437618919153;5;20260527;10;CN;0060437618919153;5;9863457980;98446332;;;0;;;;9863457980;;ME M63;;;0;PCE;113;4;20270301;20270307
VDA4905;ECAR;EDIFACT;ME26052702100325;241;10;0060437618919153;5;20260527;10;CN;0060437618919153;5;9863457980;98446332;;;0;;;;9863457980;;ME M63;;;0;PCE;113;4;20270308;20270314
VDA4905;ECAR;EDIFACT;ME26052702100325;241;10;0060437618919153;5;20260527;10;CN;0060437618919153;5;9863457980;98446332;;;0;;;;9863457980;;ME M63;;;0;PCE;113;4;20270315;20270321
VDA4905;ECAR;EDIFACT;ME26052702100325;241;10;0060437618919153;5;20260527;10;CN;0060437618919153;5;9863457980;98446332;;;0;;;;9863457980;;ME M63;;;0;PCE;113;4;20270322;20270328
VDA4905;ECAR;EDIFACT;ME26052702100325;241;10;0060437618919153;5;20260527;10;CN;0060437618919153;5;9863457980;98446332;;;0;;;;9863457980;;ME M63;;;0;PCE;113;4;20270329;20270404
VDA4905;ECAR;EDIFACT;ME26052702100325;241;10;0060437618919153;5;20260527;10;CN;0060437618919153;5;9863457980;98446332;;;0;;;;9863457980;;ME M63;;;0;PCE;113;4;20270405;20270411
VDA4905;ECAR;EDIFACT;ME26052702100325;241;10;0060437618919153;5;20260527;10;CN;0060437618919153;5;9863457980;98446332;;;0;;;;9863457980;;ME M63;;;0;PCE;113;4;20270412;20270418
VDA4905;ECAR;EDIFACT;ME26052702100325;241;10;0060437618919153;5;20260527;10;CN;0060437618919153;5;9863457980;98446332;;;0;;;;9863457980;;ME M63;;;0;PCE;113;4;20270419;20270425
VDA4905;ECAR;EDIFACT;ME26052702100325;241;10;0060437618919153;5;20260527;10;CN;0060437618919153;5;9863457980;98446332;;;0;;;;9863457980;;ME M63;;;0;PCE;113;4;20270426;20270502
VDA4905;ECAR;EDIFACT;ME26052702100325;241;10;0060437618919153;5;20260527;10;CN;0060437618919153;5;9863458180;98446394;;;0;;;;9863458180;;ME M63;;;0;PCE;113;4;20260603;20260603
VDA4905;ECAR;EDIFACT;ME26052702100325;241;10;0060437618919153;5;20260527;10;CN;0060437618919153;5;9863458180;98446394;;;0;;;;9863458180;;ME M63;;;0;PCE;113;4;20260605;20260605
VDA4905;ECAR;EDIFACT;ME26052702100325;241;10;0060437618919153;5;20260527;10;CN;0060437618919153;5;9863458180;98446394;;;0;;;;9863458180;;ME M63;;;0;PCE;113;4;20260609;20260609
VDA4905;ECAR;EDIFACT;ME26052702100325;241;10;0060437618919153;5;20260527;10;CN;0060437618919153;5;9863458180;98446394;;;0;;;;9863458180;;ME M63;;;0;PCE;113;4;20260610;20260610
VDA4905;ECAR;EDIFACT;ME26052702100325;241;10;0060437618919153;5;20260527;10;CN;0060437618919153;5;9863458180;98446394;;;0;;;;9863458180;;ME M63;;;0;PCE;113;4;20260611;20260611
VDA4905;ECAR;EDIFACT;ME26052702100325;241;10;0060437618919153;5;20260527;10;CN;0060437618919153;5;9863458180;98446394;;;0;;;;9863458180;;ME M63;;;0;PCE;113;4;20260612;20260612
VDA4905;ECAR;EDIFACT;ME26052702100325;241;10;0060437618919153;5;20260527;10;CN;0060437618919153;5;9863458180;98446394;;;0;;;;9863458180;;ME M63;;;0;PCE;113;4;20260615;20260615
VDA4905;ECAR;EDIFACT;ME26052702100325;241;10;0060437618919153;5;20260527;10;CN;0060437618919153;5;9863458180;98446394;;;0;;;;9863458180;;ME M63;;;0;PCE;113;4;20260616;20260616
VDA4905;ECAR;EDIFACT;ME26052702100325;241;10;0060437618919153;5;20260527;10;CN;0060437618919153;5;9863458180;98446394;;;0;;;;9863458180;;ME M63;;;0;PCE;113;4;20260617;20260617
VDA4905;ECAR;EDIFACT;ME26052702100325;241;10;0060437618919153;5;20260527;10;CN;0060437618919153;5;9863458180;98446394;;;0;;;;9863458180;;ME M63;;;0;PCE;113;4;20260618;20260618
VDA4905;ECAR;EDIFACT;ME26052702100325;241;10;0060437618919153;5;20260527;10;CN;0060437618919153;5;9863458180;98446394;;;0;;;;9863458180;;ME M63;;;0;PCE;113;4;20260619;20260619
VDA4905;ECAR;EDIFACT;ME26052702100325;241;10;0060437618919153;5;20260527;10;CN;0060437618919153;5;9863458180;98446394;;;0;;;;9863458180;;ME M63;;;0;PCE;113;4;20260620;20260620
VDA4905;ECAR;EDIFACT;ME26052702100325;241;10;0060437618919153;5;20260527;10;CN;0060437618919153;5;9863458180;98446394;;;0;;;;9863458180;;ME M63;;;0;PCE;113;4;20260621;20260621
VDA4905;ECAR;EDIFACT;ME26052702100325;241;10;0060437618919153;5;20260527;10;CN;0060437618919153;5;9863458180;98446394;;;0;;;;9863458180;;ME M63;;;0;PCE;113;4;20260622;20260628
VDA4905;ECAR;EDIFACT;ME26052702100325;241;10;0060437618919153;5;20260527;10;CN;0060437618919153;5;9863458180;98446394;;;0;;;;9863458180;;ME M63;;;0;PCE;113;4;20260629;20260705
VDA4905;ECAR;EDIFACT;ME26052702100325;241;10;0060437618919153;5;20260527;10;CN;0060437618919153;5;9863458180;98446394;;;0;;;;9863458180;;ME M63;;;0;PCE;113;4;20260706;20260712
VDA4905;ECAR;EDIFACT;ME26052702100325;241;10;0060437618919153;5;20260527;10;CN;0060437618919153;5;9863458180;98446394;;;0;;;;9863458180;;ME M63;;;0;PCE;113;4;20260713;20260719
VDA4905;ECAR;EDIFACT;ME26052702100325;241;10;0060437618919153;5;20260527;10;CN;0060437618919153;5;9863458180;98446394;;;0;;;;9863458180;;ME M63;;;0;PCE;113;4;20260720;20260726
VDA4905;ECAR;EDIFACT;ME26052702100325;241;10;0060437618919153;5;20260527;10;CN;0060437618919153;5;9863458180;98446394;;;0;;;;9863458180;;ME M63;;;0;PCE;113;4;20260817;20260823
VDA4905;ECAR;EDIFACT;ME26052702100325;241;10;0060437618919153;5;20260527;10;CN;0060437618919153;5;9863458180;98446394;;;0;;;;9863458180;;ME M63;;;0;PCE;113;4;20260824;20260830
VDA4905;ECAR;EDIFACT;ME26052702100325;241;10;0060437618919153;5;20260527;10;CN;0060437618919153;5;9863458180;98446394;;;0;;;;9863458180;;ME M63;;;0;PCE;113;4;20260831;20260906
VDA4905;ECAR;EDIFACT;ME26052702100325;241;10;0060437618919153;5;20260527;10;CN;0060437618919153;5;9863458180;98446394;;;0;;;;9863458180;;ME M63;;;0;PCE;113;4;20260907;20260913
VDA4905;ECAR;EDIFACT;ME26052702100325;241;10;0060437618919153;5;20260527;10;CN;0060437618919153;5;9863458180;98446394;;;0;;;;9863458180;;ME M63;;;0;PCE;113;4;20260914;20260920
VDA4905;ECAR;EDIFACT;ME26052702100325;241;10;0060437618919153;5;20260527;10;CN;0060437618919153;5;9863458180;98446394;;;0;;;;9863458180;;ME M63;;;0;PCE;113;4;20260921;20260927
VDA4905;ECAR;EDIFACT;ME26052702100325;241;10;0060437618919153;5;20260527;10;CN;0060437618919153;5;9863458180;98446394;;;0;;;;9863458180;;ME M63;;;0;PCE;113;4;20260928;20261004
VDA4905;ECAR;EDIFACT;ME26052702100325;241;10;0060437618919153;5;20260527;10;CN;0060437618919153;5;9863458180;98446394;;;0;;;;9863458180;;ME M63;;;0;PCE;113;4;20261005;20261011
VDA4905;ECAR;EDIFACT;ME26052702100325;241;10;0060437618919153;5;20260527;10;CN;0060437618919153;5;9863458180;98446394;;;0;;;;9863458180;;ME M63;;;0;PCE;113;4;20261012;20261018
VDA4905;ECAR;EDIFACT;ME26052702100325;241;10;0060437618919153;5;20260527;10;CN;0060437618919153;5;9863458180;98446394;;;0;;;;9863458180;;ME M63;;;0;PCE;113;4;20261019;20261025
VDA4905;ECAR;EDIFACT;ME26052702100325;241;10;0060437618919153;5;20260527;10;CN;0060437618919153;5;9863458180;98446394;;;0;;;;9863458180;;ME M63;;;0;PCE;113;4;20261026;20261101
VDA4905;ECAR;EDIFACT;ME26052702100325;241;10;0060437618919153;5;20260527;10;CN;0060437618919153;5;9863458180;98446394;;;0;;;;9863458180;;ME M63;;;0;PCE;113;4;20261102;20261108
VDA4905;ECAR;EDIFACT;ME26052702100325;241;10;0060437618919153;5;20260527;10;CN;0060437618919153;5;9863458180;98446394;;;0;;;;9863458180;;ME M63;;;0;PCE;113;4;20261109;20261115
VDA4905;ECAR;EDIFACT;ME26052702100325;241;10;0060437618919153;5;20260527;10;CN;0060437618919153;5;9863458180;98446394;;;0;;;;9863458180;;ME M63;;;0;PCE;113;4;20261116;20261122
VDA4905;ECAR;EDIFACT;ME26052702100325;241;10;0060437618919153;5;20260527;10;CN;0060437618919153;5;9863458180;98446394;;;0;;;;9863458180;;ME M63;;;0;PCE;113;4;20261123;20261129
VDA4905;ECAR;EDIFACT;ME26052702100325;241;10;0060437618919153;5;20260527;10;CN;0060437618919153;5;9863458180;98446394;;;0;;;;9863458180;;ME M63;;;0;PCE;113;4;20261130;20261206
VDA4905;ECAR;EDIFACT;ME26052702100325;241;10;0060437618919153;5;20260527;10;CN;0060437618919153;5;9863458180;98446394;;;0;;;;9863458180;;ME M63;;;0;PCE;113;4;20261207;20261213
VDA4905;ECAR;EDIFACT;ME26052702100325;241;10;0060437618919153;5;20260527;10;CN;0060437618919153;5;9863458180;98446394;;;0;;;;9863458180;;ME M63;;;0;PCE;113;4;20261214;20261220
VDA4905;ECAR;EDIFACT;ME26052702100325;241;10;0060437618919153;5;20260527;10;CN;0060437618919153;5;9863458180;98446394;;;0;;;;9863458180;;ME M63;;;0;PCE;113;4;20270111;20270117
VDA4905;ECAR;EDIFACT;ME26052702100325;241;10;0060437618919153;5;20260527;10;CN;0060437618919153;5;9863458180;98446394;;;0;;;;9863458180;;ME M63;;;0;PCE;113;4;20270118;20270124
VDA4905;ECAR;EDIFACT;ME26052702100325;241;10;0060437618919153;5;20260527;10;CN;0060437618919153;5;9863458180;98446394;;;0;;;;9863458180;;ME M63;;;0;PCE;113;4;20270125;20270131
VDA4905;ECAR;EDIFACT;ME26052702100325;241;10;0060437618919153;5;20260527;10;CN;0060437618919153;5;9863458180;98446394;;;0;;;;9863458180;;ME M63;;;0;PCE;113;4;20270201;20270207
VDA4905;ECAR;EDIFACT;ME26052702100325;241;10;0060437618919153;5;20260527;10;CN;0060437618919153;5;9863458180;98446394;;;0;;;;9863458180;;ME M63;;;0;PCE;113;4;20270208;20270214
VDA4905;ECAR;EDIFACT;ME26052702100325;241;10;0060437618919153;5;20260527;10;CN;0060437618919153;5;9863458180;98446394;;;0;;;;9863458180;;ME M63;;;0;PCE;113;4;20270215;20270221
VDA4905;ECAR;EDIFACT;ME26052702100325;241;10;0060437618919153;5;20260527;10;CN;0060437618919153;5;9863458180;98446394;;;0;;;;9863458180;;ME M63;;;0;PCE;113;4;20270222;20270228
VDA4905;ECAR;EDIFACT;ME26052702100325;241;10;0060437618919153;5;20260527;10;CN;0060437618919153;5;9863458180;98446394;;;0;;;;9863458180;;ME M63;;;0;PCE;113;4;20270301;20270307
VDA4905;ECAR;EDIFACT;ME26052702100325;241;10;0060437618919153;5;20260527;10;CN;0060437618919153;5;9863458180;98446394;;;0;;;;9863458180;;ME M63;;;0;PCE;113;4;20270308;20270314
VDA4905;ECAR;EDIFACT;ME26052702100325;241;10;0060437618919153;5;20260527;10;CN;0060437618919153;5;9863458180;98446394;;;0;;;;9863458180;;ME M63;;;0;PCE;113;4;20270315;20270321
VDA4905;ECAR;EDIFACT;ME26052702100325;241;10;0060437618919153;5;20260527;10;CN;0060437618919153;5;9863458180;98446394;;;0;;;;9863458180;;ME M63;;;0;PCE;113;4;20270322;20270328
VDA4905;ECAR;EDIFACT;ME26052702100325;241;10;0060437618919153;5;20260527;10;CN;0060437618919153;5;9863458180;98446394;;;0;;;;9863458180;;ME M63;;;0;PCE;113;4;20270329;20270404
VDA4905;ECAR;EDIFACT;ME26052702100325;241;10;0060437618919153;5;20260527;10;CN;0060437618919153;5;9863458180;98446394;;;0;;;;9863458180;;ME M63;;;0;PCE;113;4;20270405;20270411
VDA4905;ECAR;EDIFACT;ME26052702100325;241;10;0060437618919153;5;20260527;10;CN;0060437618919153;5;9863458180;98446394;;;0;;;;9863458180;;ME M63;;;0;PCE;113;4;20270412;20270418
VDA4905;ECAR;EDIFACT;ME26052702100325;241;10;0060437618919153;5;20260527;10;CN;0060437618919153;5;9863458180;98446394;;;0;;;;9863458180;;ME M63;;;0;PCE;113;4;20270419;20270425
VDA4905;ECAR;EDIFACT;ME26052702100325;241;10;0060437618919153;5;20260527;10;CN;0060437618919153;5;9863458180;98446394;;;0;;;;9863458180;;ME M63;;;0;PCE;113;4;20270426;20270502
VDA4905;ECAR;EDIFACT;ME26052702100325;241;10;0060437618919153;5;20260527;10;CN;0060437618919153;5;9863458380;98446416;;;0;;;;9863458380;;ME M63;;;0;PCE;113;4;20260601;20260601
VDA4905;ECAR;EDIFACT;ME26052702100325;241;10;0060437618919153;5;20260527;10;CN;0060437618919153;5;9863458380;98446416;;;0;;;;9863458380;;ME M63;;;0;PCE;113;4;20260603;20260603
VDA4905;ECAR;EDIFACT;ME26052702100325;241;10;0060437618919153;5;20260527;10;CN;0060437618919153;5;9863458380;98446416;;;0;;;;9863458380;;ME M63;;;0;PCE;113;4;20260604;20260604
VDA4905;ECAR;EDIFACT;ME26052702100325;241;10;0060437618919153;5;20260527;10;CN;0060437618919153;5;9863458380;98446416;;;0;;;;9863458380;;ME M63;;;0;PCE;113;4;20260605;20260605
VDA4905;ECAR;EDIFACT;ME26052702100325;241;10;0060437618919153;5;20260527;10;CN;0060437618919153;5;9863458380;98446416;;;0;;;;9863458380;;ME M63;;;0;PCE;113;4;20260608;20260608
VDA4905;ECAR;EDIFACT;ME26052702100325;241;10;0060437618919153;5;20260527;10;CN;0060437618919153;5;9863458380;98446416;;;0;;;;9863458380;;ME M63;;;0;PCE;113;4;20260609;20260609
VDA4905;ECAR;EDIFACT;ME26052702100325;241;10;0060437618919153;5;20260527;10;CN;0060437618919153;5;9863458380;98446416;;;0;;;;9863458380;;ME M63;;;0;PCE;113;4;20260610;20260610
VDA4905;ECAR;EDIFACT;ME26052702100325;241;10;0060437618919153;5;20260527;10;CN;0060437618919153;5;9863458380;98446416;;;0;;;;9863458380;;ME M63;;;0;PCE;113;4;20260611;20260611
VDA4905;ECAR;EDIFACT;ME26052702100325;241;10;0060437618919153;5;20260527;10;CN;0060437618919153;5;9863458380;98446416;;;0;;;;9863458380;;ME M63;;;0;PCE;113;4;20260612;20260612
VDA4905;ECAR;EDIFACT;ME26052702100325;241;10;0060437618919153;5;20260527;10;CN;0060437618919153;5;9863458380;98446416;;;0;;;;9863458380;;ME M63;;;0;PCE;113;4;20260615;20260615
VDA4905;ECAR;EDIFACT;ME26052702100325;241;10;0060437618919153;5;20260527;10;CN;0060437618919153;5;9863458380;98446416;;;0;;;;9863458380;;ME M63;;;0;PCE;113;4;20260616;20260616
VDA4905;ECAR;EDIFACT;ME26052702100325;241;10;0060437618919153;5;20260527;10;CN;0060437618919153;5;9863458380;98446416;;;0;;;;9863458380;;ME M63;;;0;PCE;113;4;20260617;20260617
VDA4905;ECAR;EDIFACT;ME26052702100325;241;10;0060437618919153;5;20260527;10;CN;0060437618919153;5;9863458380;98446416;;;0;;;;9863458380;;ME M63;;;0;PCE;113;4;20260618;20260618
VDA4905;ECAR;EDIFACT;ME26052702100325;241;10;0060437618919153;5;20260527;10;CN;0060437618919153;5;9863458380;98446416;;;0;;;;9863458380;;ME M63;;;0;PCE;113;4;20260619;20260619
VDA4905;ECAR;EDIFACT;ME26052702100325;241;10;0060437618919153;5;20260527;10;CN;0060437618919153;5;9863458380;98446416;;;0;;;;9863458380;;ME M63;;;0;PCE;113;4;20260620;20260620
VDA4905;ECAR;EDIFACT;ME26052702100325;241;10;0060437618919153;5;20260527;10;CN;0060437618919153;5;9863458380;98446416;;;0;;;;9863458380;;ME M63;;;0;PCE;113;4;20260621;20260621
VDA4905;ECAR;EDIFACT;ME26052702100325;241;10;0060437618919153;5;20260527;10;CN;0060437618919153;5;9863458380;98446416;;;0;;;;9863458380;;ME M63;;;0;PCE;113;4;20260622;20260628
VDA4905;ECAR;EDIFACT;ME26052702100325;241;10;0060437618919153;5;20260527;10;CN;0060437618919153;5;9863458380;98446416;;;0;;;;9863458380;;ME M63;;;0;PCE;113;4;20260629;20260705
VDA4905;ECAR;EDIFACT;ME26052702100325;241;10;0060437618919153;5;20260527;10;CN;0060437618919153;5;9863458380;98446416;;;0;;;;9863458380;;ME M63;;;0;PCE;113;4;20260706;20260712
VDA4905;ECAR;EDIFACT;ME26052702100325;241;10;0060437618919153;5;20260527;10;CN;0060437618919153;5;9863458380;98446416;;;0;;;;9863458380;;ME M63;;;0;PCE;113;4;20260713;20260719
VDA4905;ECAR;EDIFACT;ME26052702100325;241;10;0060437618919153;5;20260527;10;CN;0060437618919153;5;9863458380;98446416;;;0;;;;9863458380;;ME M63;;;0;PCE;113;4;20260720;20260726
VDA4905;ECAR;EDIFACT;ME26052702100325;241;10;0060437618919153;5;20260527;10;CN;0060437618919153;5;9863458380;98446416;;;0;;;;9863458380;;ME M63;;;0;PCE;113;4;20260810;20260816
VDA4905;ECAR;EDIFACT;ME26052702100325;241;10;0060437618919153;5;20260527;10;CN;0060437618919153;5;9863458380;98446416;;;0;;;;9863458380;;ME M63;;;0;PCE;113;4;20260817;20260823
VDA4905;ECAR;EDIFACT;ME26052702100325;241;10;0060437618919153;5;20260527;10;CN;0060437618919153;5;9863458380;98446416;;;0;;;;9863458380;;ME M63;;;0;PCE;113;4;20260824;20260830
VDA4905;ECAR;EDIFACT;ME26052702100325;241;10;0060437618919153;5;20260527;10;CN;0060437618919153;5;9863458380;98446416;;;0;;;;9863458380;;ME M63;;;0;PCE;113;4;20260831;20260906
VDA4905;ECAR;EDIFACT;ME26052702100325;241;10;0060437618919153;5;20260527;10;CN;0060437618919153;5;9863458380;98446416;;;0;;;;9863458380;;ME M63;;;0;PCE;113;4;20260907;20260913
VDA4905;ECAR;EDIFACT;ME26052702100325;241;10;0060437618919153;5;20260527;10;CN;0060437618919153;5;9863458380;98446416;;;0;;;;9863458380;;ME M63;;;0;PCE;113;4;20260914;20260920
VDA4905;ECAR;EDIFACT;ME26052702100325;241;10;0060437618919153;5;20260527;10;CN;0060437618919153;5;9863458380;98446416;;;0;;;;9863458380;;ME M63;;;0;PCE;113;4;20260921;20260927
VDA4905;ECAR;EDIFACT;ME26052702100325;241;10;0060437618919153;5;20260527;10;CN;0060437618919153;5;9863458380;98446416;;;0;;;;9863458380;;ME M63;;;0;PCE;113;4;20260928;20261004
VDA4905;ECAR;EDIFACT;ME26052702100325;241;10;0060437618919153;5;20260527;10;CN;0060437618919153;5;9863458380;98446416;;;0;;;;9863458380;;ME M63;;;0;PCE;113;4;20261005;20261011
VDA4905;ECAR;EDIFACT;ME26052702100325;241;10;0060437618919153;5;20260527;10;CN;0060437618919153;5;9863458380;98446416;;;0;;;;9863458380;;ME M63;;;0;PCE;113;4;20261012;20261018
VDA4905;ECAR;EDIFACT;ME26052702100325;241;10;0060437618919153;5;20260527;10;CN;0060437618919153;5;9863458380;98446416;;;0;;;;9863458380;;ME M63;;;0;PCE;113;4;20261019;20261025
VDA4905;ECAR;EDIFACT;ME26052702100325;241;10;0060437618919153;5;20260527;10;CN;0060437618919153;5;9863458380;98446416;;;0;;;;9863458380;;ME M63;;;0;PCE;113;4;20261026;20261101
VDA4905;ECAR;EDIFACT;ME26052702100325;241;10;0060437618919153;5;20260527;10;CN;0060437618919153;5;9863458380;98446416;;;0;;;;9863458380;;ME M63;;;0;PCE;113;4;20261102;20261108
VDA4905;ECAR;EDIFACT;ME26052702100325;241;10;0060437618919153;5;20260527;10;CN;0060437618919153;5;9863458380;98446416;;;0;;;;9863458380;;ME M63;;;0;PCE;113;4;20261109;20261115
VDA4905;ECAR;EDIFACT;ME26052702100325;241;10;0060437618919153;5;20260527;10;CN;0060437618919153;5;9863458380;98446416;;;0;;;;9863458380;;ME M63;;;0;PCE;113;4;20261116;20261122
VDA4905;ECAR;EDIFACT;ME26052702100325;241;10;0060437618919153;5;20260527;10;CN;0060437618919153;5;9863458380;98446416;;;0;;;;9863458380;;ME M63;;;0;PCE;113;4;20261123;20261129
VDA4905;ECAR;EDIFACT;ME26052702100325;241;10;0060437618919153;5;20260527;10;CN;0060437618919153;5;9863458380;98446416;;;0;;;;9863458380;;ME M63;;;0;PCE;113;4;20261130;20261206
VDA4905;ECAR;EDIFACT;ME26052702100325;241;10;0060437618919153;5;20260527;10;CN;0060437618919153;5;9863458380;98446416;;;0;;;;9863458380;;ME M63;;;0;PCE;113;4;20261207;20261213
VDA4905;ECAR;EDIFACT;ME26052702100325;241;10;0060437618919153;5;20260527;10;CN;0060437618919153;5;9863458380;98446416;;;0;;;;9863458380;;ME M63;;;0;PCE;113;4;20261214;20261220
VDA4905;ECAR;EDIFACT;ME26052702100325;241;10;0060437618919153;5;20260527;10;CN;0060437618919153;5;9863458380;98446416;;;0;;;;9863458380;;ME M63;;;0;PCE;113;4;20261221;20261227
VDA4905;ECAR;EDIFACT;ME26052702100325;241;10;0060437618919153;5;20260527;10;CN;0060437618919153;5;9863458380;98446416;;;0;;;;9863458380;;ME M63;;;0;PCE;113;4;20270101;20270103
VDA4905;ECAR;EDIFACT;ME26052702100325;241;10;0060437618919153;5;20260527;10;CN;0060437618919153;5;9863458380;98446416;;;0;;;;9863458380;;ME M63;;;0;PCE;113;4;20270104;20270110
VDA4905;ECAR;EDIFACT;ME26052702100325;241;10;0060437618919153;5;20260527;10;CN;0060437618919153;5;9863458380;98446416;;;0;;;;9863458380;;ME M63;;;0;PCE;113;4;20270111;20270117
VDA4905;ECAR;EDIFACT;ME26052702100325;241;10;0060437618919153;5;20260527;10;CN;0060437618919153;5;9863458380;98446416;;;0;;;;9863458380;;ME M63;;;0;PCE;113;4;20270118;20270124
VDA4905;ECAR;EDIFACT;ME26052702100325;241;10;0060437618919153;5;20260527;10;CN;0060437618919153;5;9863458380;98446416;;;0;;;;9863458380;;ME M63;;;0;PCE;113;4;20270125;20270131
VDA4905;ECAR;EDIFACT;ME26052702100325;241;10;0060437618919153;5;20260527;10;CN;0060437618919153;5;9863458380;98446416;;;0;;;;9863458380;;ME M63;;;0;PCE;113;4;20270201;20270207
VDA4905;ECAR;EDIFACT;ME26052702100325;241;10;0060437618919153;5;20260527;10;CN;0060437618919153;5;9863458380;98446416;;;0;;;;9863458380;;ME M63;;;0;PCE;113;4;20270208;20270214
VDA4905;ECAR;EDIFACT;ME26052702100325;241;10;0060437618919153;5;20260527;10;CN;0060437618919153;5;9863458380;98446416;;;0;;;;9863458380;;ME M63;;;0;PCE;113;4;20270215;20270221
VDA4905;ECAR;EDIFACT;ME26052702100325;241;10;0060437618919153;5;20260527;10;CN;0060437618919153;5;9863458380;98446416;;;0;;;;9863458380;;ME M63;;;0;PCE;113;4;20270222;20270228
VDA4905;ECAR;EDIFACT;ME26052702100325;241;10;0060437618919153;5;20260527;10;CN;0060437618919153;5;9863458380;98446416;;;0;;;;9863458380;;ME M63;;;0;PCE;113;4;20270301;20270307
VDA4905;ECAR;EDIFACT;ME26052702100325;241;10;0060437618919153;5;20260527;10;CN;0060437618919153;5;9863458380;98446416;;;0;;;;9863458380;;ME M63;;;0;PCE;113;4;20270308;20270314
VDA4905;ECAR;EDIFACT;ME26052702100325;241;10;0060437618919153;5;20260527;10;CN;0060437618919153;5;9863458380;98446416;;;0;;;;9863458380;;ME M63;;;0;PCE;113;4;20270315;20270321
VDA4905;ECAR;EDIFACT;ME26052702100325;241;10;0060437618919153;5;20260527;10;CN;0060437618919153;5;9863458380;98446416;;;0;;;;9863458380;;ME M63;;;0;PCE;113;4;20270322;20270328
VDA4905;ECAR;EDIFACT;ME26052702100325;241;10;0060437618919153;5;20260527;10;CN;0060437618919153;5;9863458380;98446416;;;0;;;;9863458380;;ME M63;;;0;PCE;113;4;20270329;20270404
VDA4905;ECAR;EDIFACT;ME26052702100325;241;10;0060437618919153;5;20260527;10;CN;0060437618919153;5;9863458380;98446416;;;0;;;;9863458380;;ME M63;;;0;PCE;113;4;20270405;20270411
VDA4905;ECAR;EDIFACT;ME26052702100325;241;10;0060437618919153;5;20260527;10;CN;0060437618919153;5;9863458380;98446416;;;0;;;;9863458380;;ME M63;;;0;PCE;113;4;20270412;20270418
VDA4905;ECAR;EDIFACT;ME26052702100325;241;10;0060437618919153;5;20260527;10;CN;0060437618919153;5;9863458380;98446416;;;0;;;;9863458380;;ME M63;;;0;PCE;113;4;20270419;20270425
VDA4905;ECAR;EDIFACT;ME26052702100325;241;10;0060437618919153;5;20260527;10;CN;0060437618919153;5;9863458380;98446416;;;0;;;;9863458380;;ME M63;;;0;PCE;113;4;20270426;20270502
VDA4905;ECAR;EDIFACT;ME26052702100325;241;10;0060437618919153;5;20260527;10;CN;0060437618919153;5;9863458580;98446296;;;0;;;;9863458580;;ME M63;;;0;PCE;113;4;20260601;20260601
VDA4905;ECAR;EDIFACT;ME26052702100325;241;10;0060437618919153;5;20260527;10;CN;0060437618919153;5;9863458580;98446296;;;0;;;;9863458580;;ME M63;;;0;PCE;113;4;20260603;20260603
VDA4905;ECAR;EDIFACT;ME26052702100325;241;10;0060437618919153;5;20260527;10;CN;0060437618919153;5;9863458580;98446296;;;0;;;;9863458580;;ME M63;;;0;PCE;113;4;20260605;20260605
VDA4905;ECAR;EDIFACT;ME26052702100325;241;10;0060437618919153;5;20260527;10;CN;0060437618919153;5;9863458580;98446296;;;0;;;;9863458580;;ME M63;;;0;PCE;113;4;20260608;20260608
VDA4905;ECAR;EDIFACT;ME26052702100325;241;10;0060437618919153;5;20260527;10;CN;0060437618919153;5;9863458580;98446296;;;0;;;;9863458580;;ME M63;;;0;PCE;113;4;20260609;20260609
VDA4905;ECAR;EDIFACT;ME26052702100325;241;10;0060437618919153;5;20260527;10;CN;0060437618919153;5;9863458580;98446296;;;0;;;;9863458580;;ME M63;;;0;PCE;113;4;20260610;20260610
VDA4905;ECAR;EDIFACT;ME26052702100325;241;10;0060437618919153;5;20260527;10;CN;0060437618919153;5;9863458580;98446296;;;0;;;;9863458580;;ME M63;;;0;PCE;113;4;20260611;20260611
VDA4905;ECAR;EDIFACT;ME26052702100325;241;10;0060437618919153;5;20260527;10;CN;0060437618919153;5;9863458580;98446296;;;0;;;;9863458580;;ME M63;;;0;PCE;113;4;20260612;20260612
VDA4905;ECAR;EDIFACT;ME26052702100325;241;10;0060437618919153;5;20260527;10;CN;0060437618919153;5;9863458580;98446296;;;0;;;;9863458580;;ME M63;;;0;PCE;113;4;20260615;20260615
VDA4905;ECAR;EDIFACT;ME26052702100325;241;10;0060437618919153;5;20260527;10;CN;0060437618919153;5;9863458580;98446296;;;0;;;;9863458580;;ME M63;;;0;PCE;113;4;20260616;20260616
VDA4905;ECAR;EDIFACT;ME26052702100325;241;10;0060437618919153;5;20260527;10;CN;0060437618919153;5;9863458580;98446296;;;0;;;;9863458580;;ME M63;;;0;PCE;113;4;20260617;20260617
VDA4905;ECAR;EDIFACT;ME26052702100325;241;10;0060437618919153;5;20260527;10;CN;0060437618919153;5;9863458580;98446296;;;0;;;;9863458580;;ME M63;;;0;PCE;113;4;20260618;20260618
VDA4905;ECAR;EDIFACT;ME26052702100325;241;10;0060437618919153;5;20260527;10;CN;0060437618919153;5;9863458580;98446296;;;0;;;;9863458580;;ME M63;;;0;PCE;113;4;20260619;20260619
VDA4905;ECAR;EDIFACT;ME26052702100325;241;10;0060437618919153;5;20260527;10;CN;0060437618919153;5;9863458580;98446296;;;0;;;;9863458580;;ME M63;;;0;PCE;113;4;20260620;20260620
VDA4905;ECAR;EDIFACT;ME26052702100325;241;10;0060437618919153;5;20260527;10;CN;0060437618919153;5;9863458580;98446296;;;0;;;;9863458580;;ME M63;;;0;PCE;113;4;20260621;20260621
VDA4905;ECAR;EDIFACT;ME26052702100325;241;10;0060437618919153;5;20260527;10;CN;0060437618919153;5;9863458580;98446296;;;0;;;;9863458580;;ME M63;;;0;PCE;113;4;20260622;20260628
VDA4905;ECAR;EDIFACT;ME26052702100325;241;10;0060437618919153;5;20260527;10;CN;0060437618919153;5;9863458580;98446296;;;0;;;;9863458580;;ME M63;;;0;PCE;113;4;20260629;20260705
VDA4905;ECAR;EDIFACT;ME26052702100325;241;10;0060437618919153;5;20260527;10;CN;0060437618919153;5;9863458580;98446296;;;0;;;;9863458580;;ME M63;;;0;PCE;113;4;20260706;20260712
VDA4905;ECAR;EDIFACT;ME26052702100325;241;10;0060437618919153;5;20260527;10;CN;0060437618919153;5;9863458580;98446296;;;0;;;;9863458580;;ME M63;;;0;PCE;113;4;20260713;20260719
VDA4905;ECAR;EDIFACT;ME26052702100325;241;10;0060437618919153;5;20260527;10;CN;0060437618919153;5;9863458580;98446296;;;0;;;;9863458580;;ME M63;;;0;PCE;113;4;20260720;20260726
VDA4905;ECAR;EDIFACT;ME26052702100325;241;10;0060437618919153;5;20260527;10;CN;0060437618919153;5;9863458580;98446296;;;0;;;;9863458580;;ME M63;;;0;PCE;113;4;20260817;20260823
VDA4905;ECAR;EDIFACT;ME26052702100325;241;10;0060437618919153;5;20260527;10;CN;0060437618919153;5;9863458580;98446296;;;0;;;;9863458580;;ME M63;;;0;PCE;113;4;20260824;20260830
VDA4905;ECAR;EDIFACT;ME26052702100325;241;10;0060437618919153;5;20260527;10;CN;0060437618919153;5;9863458580;98446296;;;0;;;;9863458580;;ME M63;;;0;PCE;113;4;20260831;20260906
VDA4905;ECAR;EDIFACT;ME26052702100325;241;10;0060437618919153;5;20260527;10;CN;0060437618919153;5;9863458580;98446296;;;0;;;;9863458580;;ME M63;;;0;PCE;113;4;20260907;20260913
VDA4905;ECAR;EDIFACT;ME26052702100325;241;10;0060437618919153;5;20260527;10;CN;0060437618919153;5;9863458580;98446296;;;0;;;;9863458580;;ME M63;;;0;PCE;113;4;20260914;20260920
VDA4905;ECAR;EDIFACT;ME26052702100325;241;10;0060437618919153;5;20260527;10;CN;0060437618919153;5;9863458580;98446296;;;0;;;;9863458580;;ME M63;;;0;PCE;113;4;20260921;20260927
VDA4905;ECAR;EDIFACT;ME26052702100325;241;10;0060437618919153;5;20260527;10;CN;0060437618919153;5;9863458580;98446296;;;0;;;;9863458580;;ME M63;;;0;PCE;113;4;20260928;20261004
VDA4905;ECAR;EDIFACT;ME26052702100325;241;10;0060437618919153;5;20260527;10;CN;0060437618919153;5;9863458580;98446296;;;0;;;;9863458580;;ME M63;;;0;PCE;113;4;20261005;20261011
VDA4905;ECAR;EDIFACT;ME26052702100325;241;10;0060437618919153;5;20260527;10;CN;0060437618919153;5;9863458580;98446296;;;0;;;;9863458580;;ME M63;;;0;PCE;113;4;20261012;20261018
VDA4905;ECAR;EDIFACT;ME26052702100325;241;10;0060437618919153;5;20260527;10;CN;0060437618919153;5;9863458580;98446296;;;0;;;;9863458580;;ME M63;;;0;PCE;113;4;20261019;20261025
VDA4905;ECAR;EDIFACT;ME26052702100325;241;10;0060437618919153;5;20260527;10;CN;0060437618919153;5;9863458580;98446296;;;0;;;;9863458580;;ME M63;;;0;PCE;113;4;20261026;20261101
VDA4905;ECAR;EDIFACT;ME26052702100325;241;10;0060437618919153;5;20260527;10;CN;0060437618919153;5;9863458580;98446296;;;0;;;;9863458580;;ME M63;;;0;PCE;113;4;20261102;20261108
VDA4905;ECAR;EDIFACT;ME26052702100325;241;10;0060437618919153;5;20260527;10;CN;0060437618919153;5;9863458580;98446296;;;0;;;;9863458580;;ME M63;;;0;PCE;113;4;20261109;20261115
VDA4905;ECAR;EDIFACT;ME26052702100325;241;10;0060437618919153;5;20260527;10;CN;0060437618919153;5;9863458580;98446296;;;0;;;;9863458580;;ME M63;;;0;PCE;113;4;20261116;20261122
VDA4905;ECAR;EDIFACT;ME26052702100325;241;10;0060437618919153;5;20260527;10;CN;0060437618919153;5;9863458580;98446296;;;0;;;;9863458580;;ME M63;;;0;PCE;113;4;20261123;20261129
VDA4905;ECAR;EDIFACT;ME26052702100325;241;10;0060437618919153;5;20260527;10;CN;0060437618919153;5;9863458580;98446296;;;0;;;;9863458580;;ME M63;;;0;PCE;113;4;20261130;20261206
VDA4905;ECAR;EDIFACT;ME26052702100325;241;10;0060437618919153;5;20260527;10;CN;0060437618919153;5;9863458580;98446296;;;0;;;;9863458580;;ME M63;;;0;PCE;113;4;20261207;20261213
VDA4905;ECAR;EDIFACT;ME26052702100325;241;10;0060437618919153;5;20260527;10;CN;0060437618919153;5;9863458580;98446296;;;0;;;;9863458580;;ME M63;;;0;PCE;113;4;20261214;20261220
VDA4905;ECAR;EDIFACT;ME26052702100325;241;10;0060437618919153;5;20260527;10;CN;0060437618919153;5;9863458580;98446296;;;0;;;;9863458580;;ME M63;;;0;PCE;113;4;20261221;20261227
VDA4905;ECAR;EDIFACT;ME26052702100325;241;10;0060437618919153;5;20260527;10;CN;0060437618919153;5;9863458580;98446296;;;0;;;;9863458580;;ME M63;;;0;PCE;113;4;20270101;20270103
VDA4905;ECAR;EDIFACT;ME26052702100325;241;10;0060437618919153;5;20260527;10;CN;0060437618919153;5;9863458580;98446296;;;0;;;;9863458580;;ME M63;;;0;PCE;113;4;20270104;20270110
VDA4905;ECAR;EDIFACT;ME26052702100325;241;10;0060437618919153;5;20260527;10;CN;0060437618919153;5;9863458580;98446296;;;0;;;;9863458580;;ME M63;;;0;PCE;113;4;20270111;20270117
VDA4905;ECAR;EDIFACT;ME26052702100325;241;10;0060437618919153;5;20260527;10;CN;0060437618919153;5;9863458580;98446296;;;0;;;;9863458580;;ME M63;;;0;PCE;113;4;20270118;20270124
VDA4905;ECAR;EDIFACT;ME26052702100325;241;10;0060437618919153;5;20260527;10;CN;0060437618919153;5;9863458580;98446296;;;0;;;;9863458580;;ME M63;;;0;PCE;113;4;20270125;20270131
VDA4905;ECAR;EDIFACT;ME26052702100325;241;10;0060437618919153;5;20260527;10;CN;0060437618919153;5;9863458580;98446296;;;0;;;;9863458580;;ME M63;;;0;PCE;113;4;20270201;20270207
VDA4905;ECAR;EDIFACT;ME26052702100325;241;10;0060437618919153;5;20260527;10;CN;0060437618919153;5;9863458580;98446296;;;0;;;;9863458580;;ME M63;;;0;PCE;113;4;20270208;20270214
VDA4905;ECAR;EDIFACT;ME26052702100325;241;10;0060437618919153;5;20260527;10;CN;0060437618919153;5;9863458580;98446296;;;0;;;;9863458580;;ME M63;;;0;PCE;113;4;20270215;20270221
VDA4905;ECAR;EDIFACT;ME26052702100325;241;10;0060437618919153;5;20260527;10;CN;0060437618919153;5;9863458580;98446296;;;0;;;;9863458580;;ME M63;;;0;PCE;113;4;20270222;20270228
VDA4905;ECAR;EDIFACT;ME26052702100325;241;10;0060437618919153;5;20260527;10;CN;0060437618919153;5;9863458580;98446296;;;0;;;;9863458580;;ME M63;;;0;PCE;113;4;20270301;20270307
VDA4905;ECAR;EDIFACT;ME26052702100325;241;10;0060437618919153;5;20260527;10;CN;0060437618919153;5;9863458580;98446296;;;0;;;;9863458580;;ME M63;;;0;PCE;113;4;20270308;20270314
VDA4905;ECAR;EDIFACT;ME26052702100325;241;10;0060437618919153;5;20260527;10;CN;0060437618919153;5;9863458580;98446296;;;0;;;;9863458580;;ME M63;;;0;PCE;113;4;20270315;20270321
VDA4905;ECAR;EDIFACT;ME26052702100325;241;10;0060437618919153;5;20260527;10;CN;0060437618919153;5;9863458580;98446296;;;0;;;;9863458580;;ME M63;;;0;PCE;113;4;20270322;20270328
VDA4905;ECAR;EDIFACT;ME26052702100325;241;10;0060437618919153;5;20260527;10;CN;0060437618919153;5;9863458580;98446296;;;0;;;;9863458580;;ME M63;;;0;PCE;113;4;20270329;20270404
VDA4905;ECAR;EDIFACT;ME26052702100325;241;10;0060437618919153;5;20260527;10;CN;0060437618919153;5;9863458580;98446296;;;0;;;;9863458580;;ME M63;;;0;PCE;113;4;20270405;20270411
VDA4905;ECAR;EDIFACT;ME26052702100325;241;10;0060437618919153;5;20260527;10;CN;0060437618919153;5;9863458580;98446296;;;0;;;;9863458580;;ME M63;;;0;PCE;113;4;20270412;20270418
VDA4905;ECAR;EDIFACT;ME26052702100325;241;10;0060437618919153;5;20260527;10;CN;0060437618919153;5;9863458580;98446296;;;0;;;;9863458580;;ME M63;;;0;PCE;113;4;20270419;20270425
VDA4905;ECAR;EDIFACT;ME26052702100325;241;10;0060437618919153;5;20260527;10;CN;0060437618919153;5;9863458580;98446296;;;0;;;;9863458580;;ME M63;;;0;PCE;113;4;20270426;20270502
VDA4905;ECAR;EDIFACT;ME26052702100325;241;10;0060437618919153;5;20260527;10;CN;0060437618919153;5;9864443180;98446485;;;0;;;;9864443180;;ME M63;;;0;PCE;113;4;20260605;20260605
VDA4905;ECAR;EDIFACT;ME26052702100325;241;10;0060437618919153;5;20260527;10;CN;0060437618919153;5;9864443180;98446485;;;0;;;;9864443180;;ME M63;;;0;PCE;113;4;20260615;20260615
VDA4905;ECAR;EDIFACT;ME26052702100325;241;10;0060437618919153;5;20260527;10;CN;0060437618919153;5;9864443180;98446485;;;0;;;;9864443180;;ME M63;;;0;PCE;113;4;20260616;20260616
VDA4905;ECAR;EDIFACT;ME26052702100325;241;10;0060437618919153;5;20260527;10;CN;0060437618919153;5;9864443180;98446485;;;0;;;;9864443180;;ME M63;;;0;PCE;113;4;20260617;20260617
VDA4905;ECAR;EDIFACT;ME26052702100325;241;10;0060437618919153;5;20260527;10;CN;0060437618919153;5;9864443180;98446485;;;0;;;;9864443180;;ME M63;;;0;PCE;113;4;20260618;20260618
VDA4905;ECAR;EDIFACT;ME26052702100325;241;10;0060437618919153;5;20260527;10;CN;0060437618919153;5;9864443180;98446485;;;0;;;;9864443180;;ME M63;;;0;PCE;113;4;20260619;20260619
VDA4905;ECAR;EDIFACT;ME26052702100325;241;10;0060437618919153;5;20260527;10;CN;0060437618919153;5;9864443180;98446485;;;0;;;;9864443180;;ME M63;;;0;PCE;113;4;20260620;20260620
VDA4905;ECAR;EDIFACT;ME26052702100325;241;10;0060437618919153;5;20260527;10;CN;0060437618919153;5;9864443180;98446485;;;0;;;;9864443180;;ME M63;;;0;PCE;113;4;20260621;20260621
VDA4905;ECAR;EDIFACT;ME26052702100325;241;10;0060437618919153;5;20260527;10;CN;0060437618919153;5;9864443180;98446485;;;0;;;;9864443180;;ME M63;;;0;PCE;113;4;20260629;20260705
VDA4905;ECAR;EDIFACT;ME26052702100325;241;10;0060437618919153;5;20260527;10;CN;0060437618919153;5;9864443180;98446485;;;0;;;;9864443180;;ME M63;;;0;PCE;113;4;20260706;20260712
VDA4905;ECAR;EDIFACT;ME26052702100325;241;10;0060437618919153;5;20260527;10;CN;0060437618919153;5;9864443180;98446485;;;0;;;;9864443180;;ME M63;;;0;PCE;113;4;20260713;20260719
VDA4905;ECAR;EDIFACT;ME26052702100325;241;10;0060437618919153;5;20260527;10;CN;0060437618919153;5;9864443180;98446485;;;0;;;;9864443180;;ME M63;;;0;PCE;113;4;20260720;20260726
VDA4905;ECAR;EDIFACT;ME26052702100325;241;10;0060437618919153;5;20260527;10;CN;0060437618919153;5;9864443180;98446485;;;0;;;;9864443180;;ME M63;;;0;PCE;113;4;20260817;20260823
VDA4905;ECAR;EDIFACT;ME26052702100325;241;10;0060437618919153;5;20260527;10;CN;0060437618919153;5;9864443180;98446485;;;0;;;;9864443180;;ME M63;;;0;PCE;113;4;20260824;20260830
VDA4905;ECAR;EDIFACT;ME26052702100325;241;10;0060437618919153;5;20260527;10;CN;0060437618919153;5;9864443180;98446485;;;0;;;;9864443180;;ME M63;;;0;PCE;113;4;20260831;20260906
VDA4905;ECAR;EDIFACT;ME26052702100325;241;10;0060437618919153;5;20260527;10;CN;0060437618919153;5;9864443180;98446485;;;0;;;;9864443180;;ME M63;;;0;PCE;113;4;20260907;20260913
VDA4905;ECAR;EDIFACT;ME26052702100325;241;10;0060437618919153;5;20260527;10;CN;0060437618919153;5;9864443180;98446485;;;0;;;;9864443180;;ME M63;;;0;PCE;113;4;20260914;20260920
VDA4905;ECAR;EDIFACT;ME26052702100325;241;10;0060437618919153;5;20260527;10;CN;0060437618919153;5;9864443180;98446485;;;0;;;;9864443180;;ME M63;;;0;PCE;113;4;20260921;20260927
VDA4905;ECAR;EDIFACT;ME26052702100325;241;10;0060437618919153;5;20260527;10;CN;0060437618919153;5;9864443180;98446485;;;0;;;;9864443180;;ME M63;;;0;PCE;113;4;20260928;20261004
VDA4905;ECAR;EDIFACT;ME26052702100325;241;10;0060437618919153;5;20260527;10;CN;0060437618919153;5;9864443180;98446485;;;0;;;;9864443180;;ME M63;;;0;PCE;113;4;20261005;20261011
VDA4905;ECAR;EDIFACT;ME26052702100325;241;10;0060437618919153;5;20260527;10;CN;0060437618919153;5;9864443180;98446485;;;0;;;;9864443180;;ME M63;;;0;PCE;113;4;20261012;20261018
VDA4905;ECAR;EDIFACT;ME26052702100325;241;10;0060437618919153;5;20260527;10;CN;0060437618919153;5;9864443180;98446485;;;0;;;;9864443180;;ME M63;;;0;PCE;113;4;20261019;20261025
VDA4905;ECAR;EDIFACT;ME26052702100325;241;10;0060437618919153;5;20260527;10;CN;0060437618919153;5;9864443180;98446485;;;0;;;;9864443180;;ME M63;;;0;PCE;113;4;20261026;20261101
VDA4905;ECAR;EDIFACT;ME26052702100325;241;10;0060437618919153;5;20260527;10;CN;0060437618919153;5;9864443180;98446485;;;0;;;;9864443180;;ME M63;;;0;PCE;113;4;20261102;20261108
VDA4905;ECAR;EDIFACT;ME26052702100325;241;10;0060437618919153;5;20260527;10;CN;0060437618919153;5;9864443180;98446485;;;0;;;;9864443180;;ME M63;;;0;PCE;113;4;20261109;20261115
VDA4905;ECAR;EDIFACT;ME26052702100325;241;10;0060437618919153;5;20260527;10;CN;0060437618919153;5;9864443180;98446485;;;0;;;;9864443180;;ME M63;;;0;PCE;113;4;20261116;20261122
VDA4905;ECAR;EDIFACT;ME26052702100325;241;10;0060437618919153;5;20260527;10;CN;0060437618919153;5;9864443180;98446485;;;0;;;;9864443180;;ME M63;;;0;PCE;113;4;20261123;20261129
VDA4905;ECAR;EDIFACT;ME26052702100325;241;10;0060437618919153;5;20260527;10;CN;0060437618919153;5;9864443180;98446485;;;0;;;;9864443180;;ME M63;;;0;PCE;113;4;20261130;20261206
VDA4905;ECAR;EDIFACT;ME26052702100325;241;10;0060437618919153;5;20260527;10;CN;0060437618919153;5;9864443180;98446485;;;0;;;;9864443180;;ME M63;;;0;PCE;113;4;20261207;20261213
VDA4905;ECAR;EDIFACT;ME26052702100325;241;10;0060437618919153;5;20260527;10;CN;0060437618919153;5;9864443180;98446485;;;0;;;;9864443180;;ME M63;;;0;PCE;113;4;20261214;20261220
VDA4905;ECAR;EDIFACT;ME26052702100325;241;10;0060437618919153;5;20260527;10;CN;0060437618919153;5;9864443180;98446485;;;0;;;;9864443180;;ME M63;;;0;PCE;113;4;20270104;20270110
VDA4905;ECAR;EDIFACT;ME26052702100325;241;10;0060437618919153;5;20260527;10;CN;0060437618919153;5;9864443180;98446485;;;0;;;;9864443180;;ME M63;;;0;PCE;113;4;20270111;20270117
VDA4905;ECAR;EDIFACT;ME26052702100325;241;10;0060437618919153;5;20260527;10;CN;0060437618919153;5;9864443180;98446485;;;0;;;;9864443180;;ME M63;;;0;PCE;113;4;20270118;20270124
VDA4905;ECAR;EDIFACT;ME26052702100325;241;10;0060437618919153;5;20260527;10;CN;0060437618919153;5;9864443180;98446485;;;0;;;;9864443180;;ME M63;;;0;PCE;113;4;20270125;20270131
VDA4905;ECAR;EDIFACT;ME26052702100325;241;10;0060437618919153;5;20260527;10;CN;0060437618919153;5;9864443180;98446485;;;0;;;;9864443180;;ME M63;;;0;PCE;113;4;20270201;20270207
VDA4905;ECAR;EDIFACT;ME26052702100325;241;10;0060437618919153;5;20260527;10;CN;0060437618919153;5;9864443180;98446485;;;0;;;;9864443180;;ME M63;;;0;PCE;113;4;20270208;20270214
VDA4905;ECAR;EDIFACT;ME26052702100325;241;10;0060437618919153;5;20260527;10;CN;0060437618919153;5;9864443180;98446485;;;0;;;;9864443180;;ME M63;;;0;PCE;113;4;20270215;20270221
VDA4905;ECAR;EDIFACT;ME26052702100325;241;10;0060437618919153;5;20260527;10;CN;0060437618919153;5;9864443180;98446485;;;0;;;;9864443180;;ME M63;;;0;PCE;113;4;20270222;20270228
VDA4905;ECAR;EDIFACT;ME26052702100325;241;10;0060437618919153;5;20260527;10;CN;0060437618919153;5;9864443180;98446485;;;0;;;;9864443180;;ME M63;;;0;PCE;113;4;20270301;20270307
VDA4905;ECAR;EDIFACT;ME26052702100325;241;10;0060437618919153;5;20260527;10;CN;0060437618919153;5;9864443180;98446485;;;0;;;;9864443180;;ME M63;;;0;PCE;113;4;20270308;20270314
VDA4905;ECAR;EDIFACT;ME26052702100325;241;10;0060437618919153;5;20260527;10;CN;0060437618919153;5;9864443180;98446485;;;0;;;;9864443180;;ME M63;;;0;PCE;113;4;20270315;20270321
VDA4905;ECAR;EDIFACT;ME26052702100325;241;10;0060437618919153;5;20260527;10;CN;0060437618919153;5;9864443180;98446485;;;0;;;;9864443180;;ME M63;;;0;PCE;113;4;20270322;20270328
VDA4905;ECAR;EDIFACT;ME26052702100325;241;10;0060437618919153;5;20260527;10;CN;0060437618919153;5;9864443180;98446485;;;0;;;;9864443180;;ME M63;;;0;PCE;113;4;20270329;20270404
VDA4905;ECAR;EDIFACT;ME26052702100325;241;10;0060437618919153;5;20260527;10;CN;0060437618919153;5;9864443180;98446485;;;0;;;;9864443180;;ME M63;;;0;PCE;113;4;20270405;20270411
VDA4905;ECAR;EDIFACT;ME26052702100325;241;10;0060437618919153;5;20260527;10;CN;0060437618919153;5;9864443180;98446485;;;0;;;;9864443180;;ME M63;;;0;PCE;113;4;20270412;20270418
VDA4905;ECAR;EDIFACT;ME26052702100325;241;10;0060437618919153;5;20260527;10;CN;0060437618919153;5;9864443180;98446485;;;0;;;;9864443180;;ME M63;;;0;PCE;113;4;20270419;20270425
VDA4905;ECAR;EDIFACT;ME26052702100325;241;10;0060437618919153;5;20260527;10;CN;0060437618919153;5;9864443180;98446485;;;0;;;;9864443180;;ME M63;;;0;PCE;113;4;20270426;20270502
VDA4905;ECAR;EDIFACT;ME26052702100325;241;10;0060437618919153;5;20260527;10;CN;0060437618919153;5;9866301980;98459398;;;0;;;;9866301980;;ME M63;;;0;PCE;113;4;20260602;20260602
VDA4905;ECAR;EDIFACT;ME26052702100325;241;10;0060437618919153;5;20260527;10;CN;0060437618919153;5;9866301980;98459398;;;0;;;;9866301980;;ME M63;;;0;PCE;113;4;20260603;20260603
VDA4905;ECAR;EDIFACT;ME26052702100325;241;10;0060437618919153;5;20260527;10;CN;0060437618919153;5;9866301980;98459398;;;0;;;;9866301980;;ME M63;;;0;PCE;113;4;20260605;20260605
VDA4905;ECAR;EDIFACT;ME26052702100325;241;10;0060437618919153;5;20260527;10;CN;0060437618919153;5;9866301980;98459398;;;0;;;;9866301980;;ME M63;;;0;PCE;113;4;20260608;20260608
VDA4905;ECAR;EDIFACT;ME26052702100325;241;10;0060437618919153;5;20260527;10;CN;0060437618919153;5;9866301980;98459398;;;0;;;;9866301980;;ME M63;;;0;PCE;113;4;20260609;20260609
VDA4905;ECAR;EDIFACT;ME26052702100325;241;10;0060437618919153;5;20260527;10;CN;0060437618919153;5;9866301980;98459398;;;0;;;;9866301980;;ME M63;;;0;PCE;113;4;20260610;20260610
VDA4905;ECAR;EDIFACT;ME26052702100325;241;10;0060437618919153;5;20260527;10;CN;0060437618919153;5;9866301980;98459398;;;0;;;;9866301980;;ME M63;;;0;PCE;113;4;20260612;20260612
VDA4905;ECAR;EDIFACT;ME26052702100325;241;10;0060437618919153;5;20260527;10;CN;0060437618919153;5;9866301980;98459398;;;0;;;;9866301980;;ME M63;;;0;PCE;113;4;20260615;20260615
VDA4905;ECAR;EDIFACT;ME26052702100325;241;10;0060437618919153;5;20260527;10;CN;0060437618919153;5;9866301980;98459398;;;0;;;;9866301980;;ME M63;;;0;PCE;113;4;20260616;20260616
VDA4905;ECAR;EDIFACT;ME26052702100325;241;10;0060437618919153;5;20260527;10;CN;0060437618919153;5;9866301980;98459398;;;0;;;;9866301980;;ME M63;;;0;PCE;113;4;20260617;20260617
VDA4905;ECAR;EDIFACT;ME26052702100325;241;10;0060437618919153;5;20260527;10;CN;0060437618919153;5;9866301980;98459398;;;0;;;;9866301980;;ME M63;;;0;PCE;113;4;20260618;20260618
VDA4905;ECAR;EDIFACT;ME26052702100325;241;10;0060437618919153;5;20260527;10;CN;0060437618919153;5;9866301980;98459398;;;0;;;;9866301980;;ME M63;;;0;PCE;113;4;20260619;20260619
VDA4905;ECAR;EDIFACT;ME26052702100325;241;10;0060437618919153;5;20260527;10;CN;0060437618919153;5;9866301980;98459398;;;0;;;;9866301980;;ME M63;;;0;PCE;113;4;20260620;20260620
VDA4905;ECAR;EDIFACT;ME26052702100325;241;10;0060437618919153;5;20260527;10;CN;0060437618919153;5;9866301980;98459398;;;0;;;;9866301980;;ME M63;;;0;PCE;113;4;20260621;20260621
VDA4905;ECAR;EDIFACT;ME26052702100325;241;10;0060437618919153;5;20260527;10;CN;0060437618919153;5;9866301980;98459398;;;0;;;;9866301980;;ME M63;;;0;PCE;113;4;20260622;20260628
VDA4905;ECAR;EDIFACT;ME26052702100325;241;10;0060437618919153;5;20260527;10;CN;0060437618919153;5;9866301980;98459398;;;0;;;;9866301980;;ME M63;;;0;PCE;113;4;20260629;20260705
VDA4905;ECAR;EDIFACT;ME26052702100325;241;10;0060437618919153;5;20260527;10;CN;0060437618919153;5;9866301980;98459398;;;0;;;;9866301980;;ME M63;;;0;PCE;113;4;20260706;20260712
VDA4905;ECAR;EDIFACT;ME26052702100325;241;10;0060437618919153;5;20260527;10;CN;0060437618919153;5;9866301980;98459398;;;0;;;;9866301980;;ME M63;;;0;PCE;113;4;20260713;20260719
VDA4905;ECAR;EDIFACT;ME26052702100325;241;10;0060437618919153;5;20260527;10;CN;0060437618919153;5;9866301980;98459398;;;0;;;;9866301980;;ME M63;;;0;PCE;113;4;20260720;20260726
VDA4905;ECAR;EDIFACT;ME26052702100325;241;10;0060437618919153;5;20260527;10;CN;0060437618919153;5;9866301980;98459398;;;0;;;;9866301980;;ME M63;;;0;PCE;113;4;20260817;20260823
VDA4905;ECAR;EDIFACT;ME26052702100325;241;10;0060437618919153;5;20260527;10;CN;0060437618919153;5;9866301980;98459398;;;0;;;;9866301980;;ME M63;;;0;PCE;113;4;20260824;20260830
VDA4905;ECAR;EDIFACT;ME26052702100325;241;10;0060437618919153;5;20260527;10;CN;0060437618919153;5;9866301980;98459398;;;0;;;;9866301980;;ME M63;;;0;PCE;113;4;20260831;20260906
VDA4905;ECAR;EDIFACT;ME26052702100325;241;10;0060437618919153;5;20260527;10;CN;0060437618919153;5;9866301980;98459398;;;0;;;;9866301980;;ME M63;;;0;PCE;113;4;20260907;20260913
VDA4905;ECAR;EDIFACT;ME26052702100325;241;10;0060437618919153;5;20260527;10;CN;0060437618919153;5;9866301980;98459398;;;0;;;;9866301980;;ME M63;;;0;PCE;113;4;20260914;20260920
VDA4905;ECAR;EDIFACT;ME26052702100325;241;10;0060437618919153;5;20260527;10;CN;0060437618919153;5;9866301980;98459398;;;0;;;;9866301980;;ME M63;;;0;PCE;113;4;20260921;20260927
VDA4905;ECAR;EDIFACT;ME26052702100325;241;10;0060437618919153;5;20260527;10;CN;0060437618919153;5;9866301980;98459398;;;0;;;;9866301980;;ME M63;;;0;PCE;113;4;20260928;20261004
VDA4905;ECAR;EDIFACT;ME26052702100325;241;10;0060437618919153;5;20260527;10;CN;0060437618919153;5;9866301980;98459398;;;0;;;;9866301980;;ME M63;;;0;PCE;113;4;20261005;20261011
VDA4905;ECAR;EDIFACT;ME26052702100325;241;10;0060437618919153;5;20260527;10;CN;0060437618919153;5;9866301980;98459398;;;0;;;;9866301980;;ME M63;;;0;PCE;113;4;20261012;20261018
VDA4905;ECAR;EDIFACT;ME26052702100325;241;10;0060437618919153;5;20260527;10;CN;0060437618919153;5;9866301980;98459398;;;0;;;;9866301980;;ME M63;;;0;PCE;113;4;20261019;20261025
VDA4905;ECAR;EDIFACT;ME26052702100325;241;10;0060437618919153;5;20260527;10;CN;0060437618919153;5;9866301980;98459398;;;0;;;;9866301980;;ME M63;;;0;PCE;113;4;20261026;20261101
VDA4905;ECAR;EDIFACT;ME26052702100325;241;10;0060437618919153;5;20260527;10;CN;0060437618919153;5;9866301980;98459398;;;0;;;;9866301980;;ME M63;;;0;PCE;113;4;20261102;20261108
VDA4905;ECAR;EDIFACT;ME26052702100325;241;10;0060437618919153;5;20260527;10;CN;0060437618919153;5;9866301980;98459398;;;0;;;;9866301980;;ME M63;;;0;PCE;113;4;20261109;20261115
VDA4905;ECAR;EDIFACT;ME26052702100325;241;10;0060437618919153;5;20260527;10;CN;0060437618919153;5;9866301980;98459398;;;0;;;;9866301980;;ME M63;;;0;PCE;113;4;20261116;20261122
VDA4905;ECAR;EDIFACT;ME26052702100325;241;10;0060437618919153;5;20260527;10;CN;0060437618919153;5;9866301980;98459398;;;0;;;;9866301980;;ME M63;;;0;PCE;113;4;20261123;20261129
VDA4905;ECAR;EDIFACT;ME26052702100325;241;10;0060437618919153;5;20260527;10;CN;0060437618919153;5;9866301980;98459398;;;0;;;;9866301980;;ME M63;;;0;PCE;113;4;20261130;20261206
VDA4905;ECAR;EDIFACT;ME26052702100325;241;10;0060437618919153;5;20260527;10;CN;0060437618919153;5;9866301980;98459398;;;0;;;;9866301980;;ME M63;;;0;PCE;113;4;20261207;20261213
VDA4905;ECAR;EDIFACT;ME26052702100325;241;10;0060437618919153;5;20260527;10;CN;0060437618919153;5;9866301980;98459398;;;0;;;;9866301980;;ME M63;;;0;PCE;113;4;20261214;20261220
VDA4905;ECAR;EDIFACT;ME26052702100325;241;10;0060437618919153;5;20260527;10;CN;0060437618919153;5;9866301980;98459398;;;0;;;;9866301980;;ME M63;;;0;PCE;113;4;20261221;20261227
VDA4905;ECAR;EDIFACT;ME26052702100325;241;10;0060437618919153;5;20260527;10;CN;0060437618919153;5;9866301980;98459398;;;0;;;;9866301980;;ME M63;;;0;PCE;113;4;20261228;20261231
VDA4905;ECAR;EDIFACT;ME26052702100325;241;10;0060437618919153;5;20260527;10;CN;0060437618919153;5;9866301980;98459398;;;0;;;;9866301980;;ME M63;;;0;PCE;113;4;20270104;20270110
VDA4905;ECAR;EDIFACT;ME26052702100325;241;10;0060437618919153;5;20260527;10;CN;0060437618919153;5;9866301980;98459398;;;0;;;;9866301980;;ME M63;;;0;PCE;113;4;20270111;20270117
VDA4905;ECAR;EDIFACT;ME26052702100325;241;10;0060437618919153;5;20260527;10;CN;0060437618919153;5;9866301980;98459398;;;0;;;;9866301980;;ME M63;;;0;PCE;113;4;20270118;20270124
VDA4905;ECAR;EDIFACT;ME26052702100325;241;10;0060437618919153;5;20260527;10;CN;0060437618919153;5;9866301980;98459398;;;0;;;;9866301980;;ME M63;;;0;PCE;113;4;20270125;20270131
VDA4905;ECAR;EDIFACT;ME26052702100325;241;10;0060437618919153;5;20260527;10;CN;0060437618919153;5;9866301980;98459398;;;0;;;;9866301980;;ME M63;;;0;PCE;113;4;20270201;20270207
VDA4905;ECAR;EDIFACT;ME26052702100325;241;10;0060437618919153;5;20260527;10;CN;0060437618919153;5;9866301980;98459398;;;0;;;;9866301980;;ME M63;;;0;PCE;113;4;20270208;20270214
VDA4905;ECAR;EDIFACT;ME26052702100325;241;10;0060437618919153;5;20260527;10;CN;0060437618919153;5;9866301980;98459398;;;0;;;;9866301980;;ME M63;;;0;PCE;113;4;20270215;20270221
VDA4905;ECAR;EDIFACT;ME26052702100325;241;10;0060437618919153;5;20260527;10;CN;0060437618919153;5;9866301980;98459398;;;0;;;;9866301980;;ME M63;;;0;PCE;113;4;20270222;20270228
VDA4905;ECAR;EDIFACT;ME26052702100325;241;10;0060437618919153;5;20260527;10;CN;0060437618919153;5;9866301980;98459398;;;0;;;;9866301980;;ME M63;;;0;PCE;113;4;20270301;20270307
VDA4905;ECAR;EDIFACT;ME26052702100325;241;10;0060437618919153;5;20260527;10;CN;0060437618919153;5;9866301980;98459398;;;0;;;;9866301980;;ME M63;;;0;PCE;113;4;20270308;20270314
VDA4905;ECAR;EDIFACT;ME26052702100325;241;10;0060437618919153;5;20260527;10;CN;0060437618919153;5;9866301980;98459398;;;0;;;;9866301980;;ME M63;;;0;PCE;113;4;20270315;20270321
VDA4905;ECAR;EDIFACT;ME26052702100325;241;10;0060437618919153;5;20260527;10;CN;0060437618919153;5;9866301980;98459398;;;0;;;;9866301980;;ME M63;;;0;PCE;113;4;20270322;20270328
VDA4905;ECAR;EDIFACT;ME26052702100325;241;10;0060437618919153;5;20260527;10;CN;0060437618919153;5;9866301980;98459398;;;0;;;;9866301980;;ME M63;;;0;PCE;113;4;20270329;20270404
VDA4905;ECAR;EDIFACT;ME26052702100325;241;10;0060437618919153;5;20260527;10;CN;0060437618919153;5;9866301980;98459398;;;0;;;;9866301980;;ME M63;;;0;PCE;113;4;20270405;20270411
VDA4905;ECAR;EDIFACT;ME26052702100325;241;10;0060437618919153;5;20260527;10;CN;0060437618919153;5;9866301980;98459398;;;0;;;;9866301980;;ME M63;;;0;PCE;113;4;20270412;20270418
VDA4905;ECAR;EDIFACT;ME26052702100325;241;10;0060437618919153;5;20260527;10;CN;0060437618919153;5;9866301980;98459398;;;0;;;;9866301980;;ME M63;;;0;PCE;113;4;20270419;20270425
VDA4905;ECAR;EDIFACT;ME26052702100325;241;10;0060437618919153;5;20260527;10;CN;0060437618919153;5;9866301980;98459398;;;0;;;;9866301980;;ME M63;;;0;PCE;113;4;20270426;20270502
VDA4905;ECAR;EDIFACT;ME26052702100325;241;10;0060437618919153;5;20260527;10;CN;0060437618919153;5;9867072780;98446300;;;0;;;;9867072780;;ME M63;;;0;PCE;113;4;20260602;20260602
VDA4905;ECAR;EDIFACT;ME26052702100325;241;10;0060437618919153;5;20260527;10;CN;0060437618919153;5;9867072780;98446300;;;0;;;;9867072780;;ME M63;;;0;PCE;113;4;20260603;20260603
VDA4905;ECAR;EDIFACT;ME26052702100325;241;10;0060437618919153;5;20260527;10;CN;0060437618919153;5;9867072780;98446300;;;0;;;;9867072780;;ME M63;;;0;PCE;113;4;20260608;20260608
VDA4905;ECAR;EDIFACT;ME26052702100325;241;10;0060437618919153;5;20260527;10;CN;0060437618919153;5;9867072780;98446300;;;0;;;;9867072780;;ME M63;;;0;PCE;113;4;20260609;20260609
VDA4905;ECAR;EDIFACT;ME26052702100325;241;10;0060437618919153;5;20260527;10;CN;0060437618919153;5;9867072780;98446300;;;0;;;;9867072780;;ME M63;;;0;PCE;113;4;20260612;20260612
VDA4905;ECAR;EDIFACT;ME26052702100325;241;10;0060437618919153;5;20260527;10;CN;0060437618919153;5;9867072780;98446300;;;0;;;;9867072780;;ME M63;;;0;PCE;113;4;20260615;20260615
VDA4905;ECAR;EDIFACT;ME26052702100325;241;10;0060437618919153;5;20260527;10;CN;0060437618919153;5;9867072780;98446300;;;0;;;;9867072780;;ME M63;;;0;PCE;113;4;20260616;20260616
VDA4905;ECAR;EDIFACT;ME26052702100325;241;10;0060437618919153;5;20260527;10;CN;0060437618919153;5;9867072780;98446300;;;0;;;;9867072780;;ME M63;;;0;PCE;113;4;20260617;20260617
VDA4905;ECAR;EDIFACT;ME26052702100325;241;10;0060437618919153;5;20260527;10;CN;0060437618919153;5;9867072780;98446300;;;0;;;;9867072780;;ME M63;;;0;PCE;113;4;20260618;20260618
VDA4905;ECAR;EDIFACT;ME26052702100325;241;10;0060437618919153;5;20260527;10;CN;0060437618919153;5;9867072780;98446300;;;0;;;;9867072780;;ME M63;;;0;PCE;113;4;20260619;20260619
VDA4905;ECAR;EDIFACT;ME26052702100325;241;10;0060437618919153;5;20260527;10;CN;0060437618919153;5;9867072780;98446300;;;0;;;;9867072780;;ME M63;;;0;PCE;113;4;20260620;20260620
VDA4905;ECAR;EDIFACT;ME26052702100325;241;10;0060437618919153;5;20260527;10;CN;0060437618919153;5;9867072780;98446300;;;0;;;;9867072780;;ME M63;;;0;PCE;113;4;20260621;20260621
VDA4905;ECAR;EDIFACT;ME26052702100325;241;10;0060437618919153;5;20260527;10;CN;0060437618919153;5;9867072780;98446300;;;0;;;;9867072780;;ME M63;;;0;PCE;113;4;20260622;20260628
VDA4905;ECAR;EDIFACT;ME26052702100325;241;10;0060437618919153;5;20260527;10;CN;0060437618919153;5;9867072780;98446300;;;0;;;;9867072780;;ME M63;;;0;PCE;113;4;20260629;20260705
VDA4905;ECAR;EDIFACT;ME26052702100325;241;10;0060437618919153;5;20260527;10;CN;0060437618919153;5;9867072780;98446300;;;0;;;;9867072780;;ME M63;;;0;PCE;113;4;20260706;20260712
VDA4905;ECAR;EDIFACT;ME26052702100325;241;10;0060437618919153;5;20260527;10;CN;0060437618919153;5;9867072780;98446300;;;0;;;;9867072780;;ME M63;;;0;PCE;113;4;20260713;20260719
VDA4905;ECAR;EDIFACT;ME26052702100325;241;10;0060437618919153;5;20260527;10;CN;0060437618919153;5;9867072780;98446300;;;0;;;;9867072780;;ME M63;;;0;PCE;113;4;20260720;20260726
VDA4905;ECAR;EDIFACT;ME26052702100325;241;10;0060437618919153;5;20260527;10;CN;0060437618919153;5;9867072780;98446300;;;0;;;;9867072780;;ME M63;;;0;PCE;113;4;20260817;20260823
VDA4905;ECAR;EDIFACT;ME26052702100325;241;10;0060437618919153;5;20260527;10;CN;0060437618919153;5;9867072780;98446300;;;0;;;;9867072780;;ME M63;;;0;PCE;113;4;20260824;20260830
VDA4905;ECAR;EDIFACT;ME26052702100325;241;10;0060437618919153;5;20260527;10;CN;0060437618919153;5;9867072780;98446300;;;0;;;;9867072780;;ME M63;;;0;PCE;113;4;20260831;20260906
VDA4905;ECAR;EDIFACT;ME26052702100325;241;10;0060437618919153;5;20260527;10;CN;0060437618919153;5;9867072780;98446300;;;0;;;;9867072780;;ME M63;;;0;PCE;113;4;20260907;20260913
VDA4905;ECAR;EDIFACT;ME26052702100325;241;10;0060437618919153;5;20260527;10;CN;0060437618919153;5;9867072780;98446300;;;0;;;;9867072780;;ME M63;;;0;PCE;113;4;20260914;20260920
VDA4905;ECAR;EDIFACT;ME26052702100325;241;10;0060437618919153;5;20260527;10;CN;0060437618919153;5;9867072780;98446300;;;0;;;;9867072780;;ME M63;;;0;PCE;113;4;20260921;20260927
VDA4905;ECAR;EDIFACT;ME26052702100325;241;10;0060437618919153;5;20260527;10;CN;0060437618919153;5;9867072780;98446300;;;0;;;;9867072780;;ME M63;;;0;PCE;113;4;20260928;20261004
VDA4905;ECAR;EDIFACT;ME26052702100325;241;10;0060437618919153;5;20260527;10;CN;0060437618919153;5;9867072780;98446300;;;0;;;;9867072780;;ME M63;;;0;PCE;113;4;20261005;20261011
VDA4905;ECAR;EDIFACT;ME26052702100325;241;10;0060437618919153;5;20260527;10;CN;0060437618919153;5;9867072780;98446300;;;0;;;;9867072780;;ME M63;;;0;PCE;113;4;20261012;20261018
VDA4905;ECAR;EDIFACT;ME26052702100325;241;10;0060437618919153;5;20260527;10;CN;0060437618919153;5;9867072780;98446300;;;0;;;;9867072780;;ME M63;;;0;PCE;113;4;20261019;20261025
VDA4905;ECAR;EDIFACT;ME26052702100325;241;10;0060437618919153;5;20260527;10;CN;0060437618919153;5;9867072780;98446300;;;0;;;;9867072780;;ME M63;;;0;PCE;113;4;20261026;20261101
VDA4905;ECAR;EDIFACT;ME26052702100325;241;10;0060437618919153;5;20260527;10;CN;0060437618919153;5;9867072780;98446300;;;0;;;;9867072780;;ME M63;;;0;PCE;113;4;20261102;20261108
VDA4905;ECAR;EDIFACT;ME26052702100325;241;10;0060437618919153;5;20260527;10;CN;0060437618919153;5;9867072780;98446300;;;0;;;;9867072780;;ME M63;;;0;PCE;113;4;20261109;20261115
VDA4905;ECAR;EDIFACT;ME26052702100325;241;10;0060437618919153;5;20260527;10;CN;0060437618919153;5;9867072780;98446300;;;0;;;;9867072780;;ME M63;;;0;PCE;113;4;20261116;20261122
VDA4905;ECAR;EDIFACT;ME26052702100325;241;10;0060437618919153;5;20260527;10;CN;0060437618919153;5;9867072780;98446300;;;0;;;;9867072780;;ME M63;;;0;PCE;113;4;20261123;20261129
VDA4905;ECAR;EDIFACT;ME26052702100325;241;10;0060437618919153;5;20260527;10;CN;0060437618919153;5;9867072780;98446300;;;0;;;;9867072780;;ME M63;;;0;PCE;113;4;20261130;20261206
VDA4905;ECAR;EDIFACT;ME26052702100325;241;10;0060437618919153;5;20260527;10;CN;0060437618919153;5;9867072780;98446300;;;0;;;;9867072780;;ME M63;;;0;PCE;113;4;20261207;20261213
VDA4905;ECAR;EDIFACT;ME26052702100325;241;10;0060437618919153;5;20260527;10;CN;0060437618919153;5;9867072780;98446300;;;0;;;;9867072780;;ME M63;;;0;PCE;113;4;20261214;20261220
VDA4905;ECAR;EDIFACT;ME26052702100325;241;10;0060437618919153;5;20260527;10;CN;0060437618919153;5;9867072780;98446300;;;0;;;;9867072780;;ME M63;;;0;PCE;113;4;20261221;20261227
VDA4905;ECAR;EDIFACT;ME26052702100325;241;10;0060437618919153;5;20260527;10;CN;0060437618919153;5;9867072780;98446300;;;0;;;;9867072780;;ME M63;;;0;PCE;113;4;20270104;20270110
VDA4905;ECAR;EDIFACT;ME26052702100325;241;10;0060437618919153;5;20260527;10;CN;0060437618919153;5;9867072780;98446300;;;0;;;;9867072780;;ME M63;;;0;PCE;113;4;20270111;20270117
VDA4905;ECAR;EDIFACT;ME26052702100325;241;10;0060437618919153;5;20260527;10;CN;0060437618919153;5;9867072780;98446300;;;0;;;;9867072780;;ME M63;;;0;PCE;113;4;20270118;20270124
VDA4905;ECAR;EDIFACT;ME26052702100325;241;10;0060437618919153;5;20260527;10;CN;0060437618919153;5;9867072780;98446300;;;0;;;;9867072780;;ME M63;;;0;PCE;113;4;20270125;20270131
VDA4905;ECAR;EDIFACT;ME26052702100325;241;10;0060437618919153;5;20260527;10;CN;0060437618919153;5;9867072780;98446300;;;0;;;;9867072780;;ME M63;;;0;PCE;113;4;20270215;20270221
VDA4905;ECAR;EDIFACT;ME26052702100325;241;10;0060437618919153;5;20260527;10;CN;0060437618919153;5;9867072780;98446300;;;0;;;;9867072780;;ME M63;;;0;PCE;113;4;20270222;20270228
VDA4905;ECAR;EDIFACT;ME26052702100325;241;10;0060437618919153;5;20260527;10;CN;0060437618919153;5;9867072780;98446300;;;0;;;;9867072780;;ME M63;;;0;PCE;113;4;20270301;20270307
VDA4905;ECAR;EDIFACT;ME26052702100325;241;10;0060437618919153;5;20260527;10;CN;0060437618919153;5;9867072780;98446300;;;0;;;;9867072780;;ME M63;;;0;PCE;113;4;20270308;20270314
VDA4905;ECAR;EDIFACT;ME26052702100325;241;10;0060437618919153;5;20260527;10;CN;0060437618919153;5;9867072780;98446300;;;0;;;;9867072780;;ME M63;;;0;PCE;113;4;20270322;20270328
VDA4905;ECAR;EDIFACT;ME26052702100325;241;10;0060437618919153;5;20260527;10;CN;0060437618919153;5;9867072780;98446300;;;0;;;;9867072780;;ME M63;;;0;PCE;113;4;20270405;20270411
VDA4905;ECAR;EDIFACT;ME26052702100325;241;10;0060437618919153;5;20260527;10;CN;0060437618919153;5;9867072780;98446300;;;0;;;;9867072780;;ME M63;;;0;PCE;113;4;20270419;20270425
VDA4905;ECAR;EDIFACT;ME26052702100325;241;10;0060437618919153;5;20260527;10;CN;0060437618919153;5;9867072780;98446300;;;0;;;;9867072780;;ME M63;;;0;PCE;113;4;20270426;20270502
VDA4905;ECAR;EDIFACT;ME26052702100325;241;10;0060437618919153;5;20260527;10;CN;0060437618919153;5;9867073380;98446298;;;0;;;;9867073380;;ME M63;;;0;PCE;113;4;20260603;20260603
VDA4905;ECAR;EDIFACT;ME26052702100325;241;10;0060437618919153;5;20260527;10;CN;0060437618919153;5;9867073380;98446298;;;0;;;;9867073380;;ME M63;;;0;PCE;113;4;20260608;20260608
VDA4905;ECAR;EDIFACT;ME26052702100325;241;10;0060437618919153;5;20260527;10;CN;0060437618919153;5;9867073380;98446298;;;0;;;;9867073380;;ME M63;;;0;PCE;113;4;20260615;20260615
VDA4905;ECAR;EDIFACT;ME26052702100325;241;10;0060437618919153;5;20260527;10;CN;0060437618919153;5;9867073380;98446298;;;0;;;;9867073380;;ME M63;;;0;PCE;113;4;20260616;20260616
VDA4905;ECAR;EDIFACT;ME26052702100325;241;10;0060437618919153;5;20260527;10;CN;0060437618919153;5;9867073380;98446298;;;0;;;;9867073380;;ME M63;;;0;PCE;113;4;20260617;20260617
VDA4905;ECAR;EDIFACT;ME26052702100325;241;10;0060437618919153;5;20260527;10;CN;0060437618919153;5;9867073380;98446298;;;0;;;;9867073380;;ME M63;;;0;PCE;113;4;20260618;20260618
VDA4905;ECAR;EDIFACT;ME26052702100325;241;10;0060437618919153;5;20260527;10;CN;0060437618919153;5;9867073380;98446298;;;0;;;;9867073380;;ME M63;;;0;PCE;113;4;20260619;20260619
VDA4905;ECAR;EDIFACT;ME26052702100325;241;10;0060437618919153;5;20260527;10;CN;0060437618919153;5;9867073380;98446298;;;0;;;;9867073380;;ME M63;;;0;PCE;113;4;20260620;20260620
VDA4905;ECAR;EDIFACT;ME26052702100325;241;10;0060437618919153;5;20260527;10;CN;0060437618919153;5;9867073380;98446298;;;0;;;;9867073380;;ME M63;;;0;PCE;113;4;20260621;20260621
VDA4905;ECAR;EDIFACT;ME26052702100325;241;10;0060437618919153;5;20260527;10;CN;0060437618919153;5;9867073380;98446298;;;0;;;;9867073380;;ME M63;;;0;PCE;113;4;20260622;20260628
VDA4905;ECAR;EDIFACT;ME26052702100325;241;10;0060437618919153;5;20260527;10;CN;0060437618919153;5;9867073380;98446298;;;0;;;;9867073380;;ME M63;;;0;PCE;113;4;20260706;20260712
VDA4905;ECAR;EDIFACT;ME26052702100325;241;10;0060437618919153;5;20260527;10;CN;0060437618919153;5;9867073380;98446298;;;0;;;;9867073380;;ME M63;;;0;PCE;113;4;20260713;20260719
VDA4905;ECAR;EDIFACT;ME26052702100325;241;10;0060437618919153;5;20260527;10;CN;0060437618919153;5;9867073380;98446298;;;0;;;;9867073380;;ME M63;;;0;PCE;113;4;20260720;20260726
VDA4905;ECAR;EDIFACT;ME26052702100325;241;10;0060437618919153;5;20260527;10;CN;0060437618919153;5;9867073380;98446298;;;0;;;;9867073380;;ME M63;;;0;PCE;113;4;20260817;20260823
VDA4905;ECAR;EDIFACT;ME26052702100325;241;10;0060437618919153;5;20260527;10;CN;0060437618919153;5;9867073380;98446298;;;0;;;;9867073380;;ME M63;;;0;PCE;113;4;20260824;20260830
VDA4905;ECAR;EDIFACT;ME26052702100325;241;10;0060437618919153;5;20260527;10;CN;0060437618919153;5;9867073380;98446298;;;0;;;;9867073380;;ME M63;;;0;PCE;113;4;20260907;20260913
VDA4905;ECAR;EDIFACT;ME26052702100325;241;10;0060437618919153;5;20260527;10;CN;0060437618919153;5;9867073380;98446298;;;0;;;;9867073380;;ME M63;;;0;PCE;113;4;20260921;20260927
VDA4905;ECAR;EDIFACT;ME26052702100325;241;10;0060437618919153;5;20260527;10;CN;0060437618919153;5;9867073380;98446298;;;0;;;;9867073380;;ME M63;;;0;PCE;113;4;20260928;20261004
VDA4905;ECAR;EDIFACT;ME26052702100325;241;10;0060437618919153;5;20260527;10;CN;0060437618919153;5;9867073380;98446298;;;0;;;;9867073380;;ME M63;;;0;PCE;113;4;20261005;20261011
VDA4905;ECAR;EDIFACT;ME26052702100325;241;10;0060437618919153;5;20260527;10;CN;0060437618919153;5;9867073380;98446298;;;0;;;;9867073380;;ME M63;;;0;PCE;113;4;20261012;20261018
VDA4905;ECAR;EDIFACT;ME26052702100325;241;10;0060437618919153;5;20260527;10;CN;0060437618919153;5;9867073380;98446298;;;0;;;;9867073380;;ME M63;;;0;PCE;113;4;20261019;20261025
VDA4905;ECAR;EDIFACT;ME26052702100325;241;10;0060437618919153;5;20260527;10;CN;0060437618919153;5;9867073380;98446298;;;0;;;;9867073380;;ME M63;;;0;PCE;113;4;20261026;20261101
VDA4905;ECAR;EDIFACT;ME26052702100325;241;10;0060437618919153;5;20260527;10;CN;0060437618919153;5;9867073380;98446298;;;0;;;;9867073380;;ME M63;;;0;PCE;113;4;20261102;20261108
VDA4905;ECAR;EDIFACT;ME26052702100325;241;10;0060437618919153;5;20260527;10;CN;0060437618919153;5;9867073380;98446298;;;0;;;;9867073380;;ME M63;;;0;PCE;113;4;20261109;20261115
VDA4905;ECAR;EDIFACT;ME26052702100325;241;10;0060437618919153;5;20260527;10;CN;0060437618919153;5;9867073380;98446298;;;0;;;;9867073380;;ME M63;;;0;PCE;113;4;20261116;20261122
VDA4905;ECAR;EDIFACT;ME26052702100325;241;10;0060437618919153;5;20260527;10;CN;0060437618919153;5;9867073380;98446298;;;0;;;;9867073380;;ME M63;;;0;PCE;113;4;20261123;20261129
VDA4905;ECAR;EDIFACT;ME26052702100325;241;10;0060437618919153;5;20260527;10;CN;0060437618919153;5;9867073380;98446298;;;0;;;;9867073380;;ME M63;;;0;PCE;113;4;20261130;20261206
VDA4905;ECAR;EDIFACT;ME26052702100325;241;10;0060437618919153;5;20260527;10;CN;0060437618919153;5;9867073380;98446298;;;0;;;;9867073380;;ME M63;;;0;PCE;113;4;20261214;20261220
VDA4905;ECAR;EDIFACT;ME26052702100325;241;10;0060437618919153;5;20260527;10;CN;0060437618919153;5;9867073380;98446298;;;0;;;;9867073380;;ME M63;;;0;PCE;113;4;20270104;20270110
VDA4905;ECAR;EDIFACT;ME26052702100325;241;10;0060437618919153;5;20260527;10;CN;0060437618919153;5;9867073380;98446298;;;0;;;;9867073380;;ME M63;;;0;PCE;113;4;20270118;20270124
VDA4905;ECAR;EDIFACT;ME26052702100325;241;10;0060437618919153;5;20260527;10;CN;0060437618919153;5;9867073380;98446298;;;0;;;;9867073380;;ME M63;;;0;PCE;113;4;20270215;20270221
VDA4905;ECAR;EDIFACT;ME26052702100325;241;10;0060437618919153;5;20260527;10;CN;0060437618919153;5;9867073380;98446298;;;0;;;;9867073380;;ME M63;;;0;PCE;113;4;20270222;20270228
VDA4905;ECAR;EDIFACT;ME26052702100325;241;10;0060437618919153;5;20260527;10;CN;0060437618919153;5;9867073380;98446298;;;0;;;;9867073380;;ME M63;;;0;PCE;113;4;20270329;20270404
VDA4905;ECAR;EDIFACT;ME26052702100325;241;10;0060437618919153;5;20260527;10;CN;0060437618919153;5;9867073380;98446298;;;0;;;;9867073380;;ME M63;;;0;PCE;113;4;20270419;20270425
VDA4905;ECAR;EDIFACT;ME26052702100325;241;10;0060437618919153;5;20260527;10;CN;0060437618919153;5;9867073380;98446298;;;0;;;;9867073380;;ME M63;;;0;PCE;113;4;20270426;20270502
VDA4905;ECAR;EDIFACT;ME26052702100325;241;10;0060437618919153;5;20260527;10;CN;0060437618919153;5;9867073580;98446302;;;0;;;;9867073580;;ME M63;;;0;PCE;113;4;20260713;20260719
VDA4905;ECAR;EDIFACT;ME26052702100325;241;10;0060437618919153;5;20260527;10;CN;0060437618919153;5;9867073580;98446302;;;0;;;;9867073580;;ME M63;;;0;PCE;113;4;20261012;20261018
VDA4905;ECAR;EDIFACT;ME26052702100325;241;10;0060437618919153;5;20260527;10;CN;0060437618919153;5;9867073580;98446302;;;0;;;;9867073580;;ME M63;;;0;PCE;113;4;20270215;20270221
VDA4905;ECAR;EDIFACT;ME26052702100325;241;10;0060437618919153;5;20260527;10;CN;0060437618919153;5;9867074580;98446469;;;0;;;;9867074580;;ME M63;;;0;PCE;113;4;20260601;20260601
VDA4905;ECAR;EDIFACT;ME26052702100325;241;10;0060437618919153;5;20260527;10;CN;0060437618919153;5;9867074580;98446469;;;0;;;;9867074580;;ME M63;;;0;PCE;113;4;20260603;20260603
VDA4905;ECAR;EDIFACT;ME26052702100325;241;10;0060437618919153;5;20260527;10;CN;0060437618919153;5;9867074580;98446469;;;0;;;;9867074580;;ME M63;;;0;PCE;113;4;20260604;20260604
VDA4905;ECAR;EDIFACT;ME26052702100325;241;10;0060437618919153;5;20260527;10;CN;0060437618919153;5;9867074580;98446469;;;0;;;;9867074580;;ME M63;;;0;PCE;113;4;20260605;20260605
VDA4905;ECAR;EDIFACT;ME26052702100325;241;10;0060437618919153;5;20260527;10;CN;0060437618919153;5;9867074580;98446469;;;0;;;;9867074580;;ME M63;;;0;PCE;113;4;20260608;20260608
VDA4905;ECAR;EDIFACT;ME26052702100325;241;10;0060437618919153;5;20260527;10;CN;0060437618919153;5;9867074580;98446469;;;0;;;;9867074580;;ME M63;;;0;PCE;113;4;20260609;20260609
VDA4905;ECAR;EDIFACT;ME26052702100325;241;10;0060437618919153;5;20260527;10;CN;0060437618919153;5;9867074580;98446469;;;0;;;;9867074580;;ME M63;;;0;PCE;113;4;20260610;20260610
VDA4905;ECAR;EDIFACT;ME26052702100325;241;10;0060437618919153;5;20260527;10;CN;0060437618919153;5;9867074580;98446469;;;0;;;;9867074580;;ME M63;;;0;PCE;113;4;20260611;20260611
VDA4905;ECAR;EDIFACT;ME26052702100325;241;10;0060437618919153;5;20260527;10;CN;0060437618919153;5;9867074580;98446469;;;0;;;;9867074580;;ME M63;;;0;PCE;113;4;20260612;20260612
VDA4905;ECAR;EDIFACT;ME26052702100325;241;10;0060437618919153;5;20260527;10;CN;0060437618919153;5;9867074580;98446469;;;0;;;;9867074580;;ME M63;;;0;PCE;113;4;20260615;20260615
VDA4905;ECAR;EDIFACT;ME26052702100325;241;10;0060437618919153;5;20260527;10;CN;0060437618919153;5;9867074580;98446469;;;0;;;;9867074580;;ME M63;;;0;PCE;113;4;20260616;20260616
VDA4905;ECAR;EDIFACT;ME26052702100325;241;10;0060437618919153;5;20260527;10;CN;0060437618919153;5;9867074580;98446469;;;0;;;;9867074580;;ME M63;;;0;PCE;113;4;20260617;20260617
VDA4905;ECAR;EDIFACT;ME26052702100325;241;10;0060437618919153;5;20260527;10;CN;0060437618919153;5;9867074580;98446469;;;0;;;;9867074580;;ME M63;;;0;PCE;113;4;20260618;20260618
VDA4905;ECAR;EDIFACT;ME26052702100325;241;10;0060437618919153;5;20260527;10;CN;0060437618919153;5;9867074580;98446469;;;0;;;;9867074580;;ME M63;;;0;PCE;113;4;20260619;20260619
VDA4905;ECAR;EDIFACT;ME26052702100325;241;10;0060437618919153;5;20260527;10;CN;0060437618919153;5;9867074580;98446469;;;0;;;;9867074580;;ME M63;;;0;PCE;113;4;20260620;20260620
VDA4905;ECAR;EDIFACT;ME26052702100325;241;10;0060437618919153;5;20260527;10;CN;0060437618919153;5;9867074580;98446469;;;0;;;;9867074580;;ME M63;;;0;PCE;113;4;20260621;20260621
VDA4905;ECAR;EDIFACT;ME26052702100325;241;10;0060437618919153;5;20260527;10;CN;0060437618919153;5;9867074580;98446469;;;0;;;;9867074580;;ME M63;;;0;PCE;113;4;20260622;20260628
VDA4905;ECAR;EDIFACT;ME26052702100325;241;10;0060437618919153;5;20260527;10;CN;0060437618919153;5;9867074580;98446469;;;0;;;;9867074580;;ME M63;;;0;PCE;113;4;20260629;20260705
VDA4905;ECAR;EDIFACT;ME26052702100325;241;10;0060437618919153;5;20260527;10;CN;0060437618919153;5;9867074580;98446469;;;0;;;;9867074580;;ME M63;;;0;PCE;113;4;20260706;20260712
VDA4905;ECAR;EDIFACT;ME26052702100325;241;10;0060437618919153;5;20260527;10;CN;0060437618919153;5;9867074580;98446469;;;0;;;;9867074580;;ME M63;;;0;PCE;113;4;20260713;20260719
VDA4905;ECAR;EDIFACT;ME26052702100325;241;10;0060437618919153;5;20260527;10;CN;0060437618919153;5;9867074580;98446469;;;0;;;;9867074580;;ME M63;;;0;PCE;113;4;20260720;20260726
VDA4905;ECAR;EDIFACT;ME26052702100325;241;10;0060437618919153;5;20260527;10;CN;0060437618919153;5;9867074580;98446469;;;0;;;;9867074580;;ME M63;;;0;PCE;113;4;20260810;20260816
VDA4905;ECAR;EDIFACT;ME26052702100325;241;10;0060437618919153;5;20260527;10;CN;0060437618919153;5;9867074580;98446469;;;0;;;;9867074580;;ME M63;;;0;PCE;113;4;20260817;20260823
VDA4905;ECAR;EDIFACT;ME26052702100325;241;10;0060437618919153;5;20260527;10;CN;0060437618919153;5;9867074580;98446469;;;0;;;;9867074580;;ME M63;;;0;PCE;113;4;20260824;20260830
VDA4905;ECAR;EDIFACT;ME26052702100325;241;10;0060437618919153;5;20260527;10;CN;0060437618919153;5;9867074580;98446469;;;0;;;;9867074580;;ME M63;;;0;PCE;113;4;20260831;20260906
VDA4905;ECAR;EDIFACT;ME26052702100325;241;10;0060437618919153;5;20260527;10;CN;0060437618919153;5;9867074580;98446469;;;0;;;;9867074580;;ME M63;;;0;PCE;113;4;20260907;20260913
VDA4905;ECAR;EDIFACT;ME26052702100325;241;10;0060437618919153;5;20260527;10;CN;0060437618919153;5;9867074580;98446469;;;0;;;;9867074580;;ME M63;;;0;PCE;113;4;20260914;20260920
VDA4905;ECAR;EDIFACT;ME26052702100325;241;10;0060437618919153;5;20260527;10;CN;0060437618919153;5;9867074580;98446469;;;0;;;;9867074580;;ME M63;;;0;PCE;113;4;20260921;20260927
VDA4905;ECAR;EDIFACT;ME26052702100325;241;10;0060437618919153;5;20260527;10;CN;0060437618919153;5;9867074580;98446469;;;0;;;;9867074580;;ME M63;;;0;PCE;113;4;20260928;20261004
VDA4905;ECAR;EDIFACT;ME26052702100325;241;10;0060437618919153;5;20260527;10;CN;0060437618919153;5;9867074580;98446469;;;0;;;;9867074580;;ME M63;;;0;PCE;113;4;20261005;20261011
VDA4905;ECAR;EDIFACT;ME26052702100325;241;10;0060437618919153;5;20260527;10;CN;0060437618919153;5;9867074580;98446469;;;0;;;;9867074580;;ME M63;;;0;PCE;113;4;20261012;20261018
VDA4905;ECAR;EDIFACT;ME26052702100325;241;10;0060437618919153;5;20260527;10;CN;0060437618919153;5;9867074580;98446469;;;0;;;;9867074580;;ME M63;;;0;PCE;113;4;20261019;20261025
VDA4905;ECAR;EDIFACT;ME26052702100325;241;10;0060437618919153;5;20260527;10;CN;0060437618919153;5;9867074580;98446469;;;0;;;;9867074580;;ME M63;;;0;PCE;113;4;20261026;20261101
VDA4905;ECAR;EDIFACT;ME26052702100325;241;10;0060437618919153;5;20260527;10;CN;0060437618919153;5;9867074580;98446469;;;0;;;;9867074580;;ME M63;;;0;PCE;113;4;20261102;20261108
VDA4905;ECAR;EDIFACT;ME26052702100325;241;10;0060437618919153;5;20260527;10;CN;0060437618919153;5;9867074580;98446469;;;0;;;;9867074580;;ME M63;;;0;PCE;113;4;20261109;20261115
VDA4905;ECAR;EDIFACT;ME26052702100325;241;10;0060437618919153;5;20260527;10;CN;0060437618919153;5;9867074580;98446469;;;0;;;;9867074580;;ME M63;;;0;PCE;113;4;20261116;20261122
VDA4905;ECAR;EDIFACT;ME26052702100325;241;10;0060437618919153;5;20260527;10;CN;0060437618919153;5;9867074580;98446469;;;0;;;;9867074580;;ME M63;;;0;PCE;113;4;20261123;20261129
VDA4905;ECAR;EDIFACT;ME26052702100325;241;10;0060437618919153;5;20260527;10;CN;0060437618919153;5;9867074580;98446469;;;0;;;;9867074580;;ME M63;;;0;PCE;113;4;20261130;20261206
VDA4905;ECAR;EDIFACT;ME26052702100325;241;10;0060437618919153;5;20260527;10;CN;0060437618919153;5;9867074580;98446469;;;0;;;;9867074580;;ME M63;;;0;PCE;113;4;20261207;20261213
VDA4905;ECAR;EDIFACT;ME26052702100325;241;10;0060437618919153;5;20260527;10;CN;0060437618919153;5;9867074580;98446469;;;0;;;;9867074580;;ME M63;;;0;PCE;113;4;20261214;20261220
VDA4905;ECAR;EDIFACT;ME26052702100325;241;10;0060437618919153;5;20260527;10;CN;0060437618919153;5;9867074580;98446469;;;0;;;;9867074580;;ME M63;;;0;PCE;113;4;20261221;20261227
VDA4905;ECAR;EDIFACT;ME26052702100325;241;10;0060437618919153;5;20260527;10;CN;0060437618919153;5;9867074580;98446469;;;0;;;;9867074580;;ME M63;;;0;PCE;113;4;20270101;20270103
VDA4905;ECAR;EDIFACT;ME26052702100325;241;10;0060437618919153;5;20260527;10;CN;0060437618919153;5;9867074580;98446469;;;0;;;;9867074580;;ME M63;;;0;PCE;113;4;20270104;20270110
VDA4905;ECAR;EDIFACT;ME26052702100325;241;10;0060437618919153;5;20260527;10;CN;0060437618919153;5;9867074580;98446469;;;0;;;;9867074580;;ME M63;;;0;PCE;113;4;20270111;20270117
VDA4905;ECAR;EDIFACT;ME26052702100325;241;10;0060437618919153;5;20260527;10;CN;0060437618919153;5;9867074580;98446469;;;0;;;;9867074580;;ME M63;;;0;PCE;113;4;20270118;20270124
VDA4905;ECAR;EDIFACT;ME26052702100325;241;10;0060437618919153;5;20260527;10;CN;0060437618919153;5;9867074580;98446469;;;0;;;;9867074580;;ME M63;;;0;PCE;113;4;20270125;20270131
VDA4905;ECAR;EDIFACT;ME26052702100325;241;10;0060437618919153;5;20260527;10;CN;0060437618919153;5;9867074580;98446469;;;0;;;;9867074580;;ME M63;;;0;PCE;113;4;20270201;20270207
VDA4905;ECAR;EDIFACT;ME26052702100325;241;10;0060437618919153;5;20260527;10;CN;0060437618919153;5;9867074580;98446469;;;0;;;;9867074580;;ME M63;;;0;PCE;113;4;20270208;20270214
VDA4905;ECAR;EDIFACT;ME26052702100325;241;10;0060437618919153;5;20260527;10;CN;0060437618919153;5;9867074580;98446469;;;0;;;;9867074580;;ME M63;;;0;PCE;113;4;20270215;20270221
VDA4905;ECAR;EDIFACT;ME26052702100325;241;10;0060437618919153;5;20260527;10;CN;0060437618919153;5;9867074580;98446469;;;0;;;;9867074580;;ME M63;;;0;PCE;113;4;20270222;20270228
VDA4905;ECAR;EDIFACT;ME26052702100325;241;10;0060437618919153;5;20260527;10;CN;0060437618919153;5;9867074580;98446469;;;0;;;;9867074580;;ME M63;;;0;PCE;113;4;20270301;20270307
VDA4905;ECAR;EDIFACT;ME26052702100325;241;10;0060437618919153;5;20260527;10;CN;0060437618919153;5;9867074580;98446469;;;0;;;;9867074580;;ME M63;;;0;PCE;113;4;20270308;20270314
VDA4905;ECAR;EDIFACT;ME26052702100325;241;10;0060437618919153;5;20260527;10;CN;0060437618919153;5;9867074580;98446469;;;0;;;;9867074580;;ME M63;;;0;PCE;113;4;20270315;20270321
VDA4905;ECAR;EDIFACT;ME26052702100325;241;10;0060437618919153;5;20260527;10;CN;0060437618919153;5;9867074580;98446469;;;0;;;;9867074580;;ME M63;;;0;PCE;113;4;20270322;20270328
VDA4905;ECAR;EDIFACT;ME26052702100325;241;10;0060437618919153;5;20260527;10;CN;0060437618919153;5;9867074580;98446469;;;0;;;;9867074580;;ME M63;;;0;PCE;113;4;20270329;20270404
VDA4905;ECAR;EDIFACT;ME26052702100325;241;10;0060437618919153;5;20260527;10;CN;0060437618919153;5;9867074580;98446469;;;0;;;;9867074580;;ME M63;;;0;PCE;113;4;20270405;20270411
VDA4905;ECAR;EDIFACT;ME26052702100325;241;10;0060437618919153;5;20260527;10;CN;0060437618919153;5;9867074580;98446469;;;0;;;;9867074580;;ME M63;;;0;PCE;113;4;20270412;20270418
VDA4905;ECAR;EDIFACT;ME26052702100325;241;10;0060437618919153;5;20260527;10;CN;0060437618919153;5;9867074580;98446469;;;0;;;;9867074580;;ME M63;;;0;PCE;113;4;20270419;20270425
VDA4905;ECAR;EDIFACT;ME26052702100325;241;10;0060437618919153;5;20260527;10;CN;0060437618919153;5;9867074580;98446469;;;0;;;;9867074580;;ME M63;;;0;PCE;113;4;20270426;20270502
VDA4905;ECAR;EDIFACT;ME26052702100325;241;10;0060437618919153;5;20260527;10;CN;0060437618919153;5;9867075780;98448097;;;0;;;;9867075780;;ME M63;;;0;PCE;113;4;20260622;20260628
VDA4905;ECAR;EDIFACT;ME26052702100325;241;10;0060437618919153;5;20260527;10;CN;0060437618919153;5;9867075780;98448097;;;0;;;;9867075780;;ME M63;;;0;PCE;113;4;20260706;20260712
VDA4905;ECAR;EDIFACT;ME26052702100325;241;10;0060437618919153;5;20260527;10;CN;0060437618919153;5;9867075780;98448097;;;0;;;;9867075780;;ME M63;;;0;PCE;113;4;20260713;20260719
VDA4905;ECAR;EDIFACT;ME26052702100325;241;10;0060437618919153;5;20260527;10;CN;0060437618919153;5;9867075780;98448097;;;0;;;;9867075780;;ME M63;;;0;PCE;113;4;20260817;20260823
VDA4905;ECAR;EDIFACT;ME26052702100325;241;10;0060437618919153;5;20260527;10;CN;0060437618919153;5;9867075780;98448097;;;0;;;;9867075780;;ME M63;;;0;PCE;113;4;20260824;20260830
VDA4905;ECAR;EDIFACT;ME26052702100325;241;10;0060437618919153;5;20260527;10;CN;0060437618919153;5;9867075780;98448097;;;0;;;;9867075780;;ME M63;;;0;PCE;113;4;20260831;20260906
VDA4905;ECAR;EDIFACT;ME26052702100325;241;10;0060437618919153;5;20260527;10;CN;0060437618919153;5;9867075780;98448097;;;0;;;;9867075780;;ME M63;;;0;PCE;113;4;20260907;20260913
VDA4905;ECAR;EDIFACT;ME26052702100325;241;10;0060437618919153;5;20260527;10;CN;0060437618919153;5;9867075780;98448097;;;0;;;;9867075780;;ME M63;;;0;PCE;113;4;20260914;20260920
VDA4905;ECAR;EDIFACT;ME26052702100325;241;10;0060437618919153;5;20260527;10;CN;0060437618919153;5;9867075780;98448097;;;0;;;;9867075780;;ME M63;;;0;PCE;113;4;20260928;20261004
VDA4905;ECAR;EDIFACT;ME26052702100325;241;10;0060437618919153;5;20260527;10;CN;0060437618919153;5;9867075780;98448097;;;0;;;;9867075780;;ME M63;;;0;PCE;113;4;20261005;20261011
VDA4905;ECAR;EDIFACT;ME26052702100325;241;10;0060437618919153;5;20260527;10;CN;0060437618919153;5;9867075780;98448097;;;0;;;;9867075780;;ME M63;;;0;PCE;113;4;20261012;20261018
VDA4905;ECAR;EDIFACT;ME26052702100325;241;10;0060437618919153;5;20260527;10;CN;0060437618919153;5;9867075780;98448097;;;0;;;;9867075780;;ME M63;;;0;PCE;113;4;20261019;20261025
VDA4905;ECAR;EDIFACT;ME26052702100325;241;10;0060437618919153;5;20260527;10;CN;0060437618919153;5;9867075780;98448097;;;0;;;;9867075780;;ME M63;;;0;PCE;113;4;20261102;20261108
VDA4905;ECAR;EDIFACT;ME26052702100325;241;10;0060437618919153;5;20260527;10;CN;0060437618919153;5;9867075780;98448097;;;0;;;;9867075780;;ME M63;;;0;PCE;113;4;20261109;20261115
VDA4905;ECAR;EDIFACT;ME26052702100325;241;10;0060437618919153;5;20260527;10;CN;0060437618919153;5;9867075780;98448097;;;0;;;;9867075780;;ME M63;;;0;PCE;113;4;20261116;20261122
VDA4905;ECAR;EDIFACT;ME26052702100325;241;10;0060437618919153;5;20260527;10;CN;0060437618919153;5;9867075780;98448097;;;0;;;;9867075780;;ME M63;;;0;PCE;113;4;20261123;20261129
VDA4905;ECAR;EDIFACT;ME26052702100325;241;10;0060437618919153;5;20260527;10;CN;0060437618919153;5;9867075780;98448097;;;0;;;;9867075780;;ME M63;;;0;PCE;113;4;20261130;20261206
VDA4905;ECAR;EDIFACT;ME26052702100325;241;10;0060437618919153;5;20260527;10;CN;0060437618919153;5;9867075780;98448097;;;0;;;;9867075780;;ME M63;;;0;PCE;113;4;20261207;20261213
VDA4905;ECAR;EDIFACT;ME26052702100325;241;10;0060437618919153;5;20260527;10;CN;0060437618919153;5;9867075780;98448097;;;0;;;;9867075780;;ME M63;;;0;PCE;113;4;20261214;20261220
VDA4905;ECAR;EDIFACT;ME26052702100325;241;10;0060437618919153;5;20260527;10;CN;0060437618919153;5;9867075780;98448097;;;0;;;;9867075780;;ME M63;;;0;PCE;113;4;20270111;20270117
VDA4905;ECAR;EDIFACT;ME26052702100325;241;10;0060437618919153;5;20260527;10;CN;0060437618919153;5;9867075780;98448097;;;0;;;;9867075780;;ME M63;;;0;PCE;113;4;20270125;20270131
VDA4905;ECAR;EDIFACT;ME26052702100325;241;10;0060437618919153;5;20260527;10;CN;0060437618919153;5;9867075780;98448097;;;0;;;;9867075780;;ME M63;;;0;PCE;113;4;20270201;20270207
VDA4905;ECAR;EDIFACT;ME26052702100325;241;10;0060437618919153;5;20260527;10;CN;0060437618919153;5;9867075780;98448097;;;0;;;;9867075780;;ME M63;;;0;PCE;113;4;20270222;20270228
VDA4905;ECAR;EDIFACT;ME26052702100325;241;10;0060437618919153;5;20260527;10;CN;0060437618919153;5;9867075780;98448097;;;0;;;;9867075780;;ME M63;;;0;PCE;113;4;20270308;20270314
VDA4905;ECAR;EDIFACT;ME26052702100325;241;10;0060437618919153;5;20260527;10;CN;0060437618919153;5;9867075780;98448097;;;0;;;;9867075780;;ME M63;;;0;PCE;113;4;20270315;20270321
VDA4905;ECAR;EDIFACT;ME26052702100325;241;10;0060437618919153;5;20260527;10;CN;0060437618919153;5;9867075780;98448097;;;0;;;;9867075780;;ME M63;;;0;PCE;113;4;20270405;20270411
VDA4905;ECAR;EDIFACT;ME26052702100325;241;10;0060437618919153;5;20260527;10;CN;0060437618919153;5;9867075780;98448097;;;0;;;;9867075780;;ME M63;;;0;PCE;113;4;20270419;20270425
VDA4905;ECAR;EDIFACT;ME26052702100325;241;10;0060437618919153;5;20260527;10;CN;0060437618919153;5;9867075980;98451237;;;0;;;;9867075980;;ME M62;;;0;PCE;113;4;20260602;20260602
VDA4905;ECAR;EDIFACT;ME26052702100325;241;10;0060437618919153;5;20260527;10;CN;0060437618919153;5;9867075980;98451237;;;0;;;;9867075980;;ME M62;;;0;PCE;113;4;20260603;20260603
VDA4905;ECAR;EDIFACT;ME26052702100325;241;10;0060437618919153;5;20260527;10;CN;0060437618919153;5;9867075980;98451237;;;0;;;;9867075980;;ME M62;;;0;PCE;113;4;20260605;20260605
VDA4905;ECAR;EDIFACT;ME26052702100325;241;10;0060437618919153;5;20260527;10;CN;0060437618919153;5;9867075980;98451237;;;0;;;;9867075980;;ME M62;;;0;PCE;113;4;20260608;20260608
VDA4905;ECAR;EDIFACT;ME26052702100325;241;10;0060437618919153;5;20260527;10;CN;0060437618919153;5;9867075980;98451237;;;0;;;;9867075980;;ME M62;;;0;PCE;113;4;20260609;20260609
VDA4905;ECAR;EDIFACT;ME26052702100325;241;10;0060437618919153;5;20260527;10;CN;0060437618919153;5;9867075980;98451237;;;0;;;;9867075980;;ME M62;;;0;PCE;113;4;20260610;20260610
VDA4905;ECAR;EDIFACT;ME26052702100325;241;10;0060437618919153;5;20260527;10;CN;0060437618919153;5;9867075980;98451237;;;0;;;;9867075980;;ME M62;;;0;PCE;113;4;20260612;20260612
VDA4905;ECAR;EDIFACT;ME26052702100325;241;10;0060437618919153;5;20260527;10;CN;0060437618919153;5;9867075980;98451237;;;0;;;;9867075980;;ME M62;;;0;PCE;113;4;20260615;20260615
VDA4905;ECAR;EDIFACT;ME26052702100325;241;10;0060437618919153;5;20260527;10;CN;0060437618919153;5;9867075980;98451237;;;0;;;;9867075980;;ME M62;;;0;PCE;113;4;20260616;20260616
VDA4905;ECAR;EDIFACT;ME26052702100325;241;10;0060437618919153;5;20260527;10;CN;0060437618919153;5;9867075980;98451237;;;0;;;;9867075980;;ME M62;;;0;PCE;113;4;20260617;20260617
VDA4905;ECAR;EDIFACT;ME26052702100325;241;10;0060437618919153;5;20260527;10;CN;0060437618919153;5;9867075980;98451237;;;0;;;;9867075980;;ME M62;;;0;PCE;113;4;20260618;20260618
VDA4905;ECAR;EDIFACT;ME26052702100325;241;10;0060437618919153;5;20260527;10;CN;0060437618919153;5;9867075980;98451237;;;0;;;;9867075980;;ME M62;;;0;PCE;113;4;20260619;20260619
VDA4905;ECAR;EDIFACT;ME26052702100325;241;10;0060437618919153;5;20260527;10;CN;0060437618919153;5;9867075980;98451237;;;0;;;;9867075980;;ME M62;;;0;PCE;113;4;20260620;20260620
VDA4905;ECAR;EDIFACT;ME26052702100325;241;10;0060437618919153;5;20260527;10;CN;0060437618919153;5;9867075980;98451237;;;0;;;;9867075980;;ME M62;;;0;PCE;113;4;20260621;20260621
VDA4905;ECAR;EDIFACT;ME26052702100325;241;10;0060437618919153;5;20260527;10;CN;0060437618919153;5;9867075980;98451237;;;0;;;;9867075980;;ME M62;;;0;PCE;113;4;20260622;20260628
VDA4905;ECAR;EDIFACT;ME26052702100325;241;10;0060437618919153;5;20260527;10;CN;0060437618919153;5;9867075980;98451237;;;0;;;;9867075980;;ME M62;;;0;PCE;113;4;20260629;20260705
VDA4905;ECAR;EDIFACT;ME26052702100325;241;10;0060437618919153;5;20260527;10;CN;0060437618919153;5;9867075980;98451237;;;0;;;;9867075980;;ME M62;;;0;PCE;113;4;20260706;20260712
VDA4905;ECAR;EDIFACT;ME26052702100325;241;10;0060437618919153;5;20260527;10;CN;0060437618919153;5;9867075980;98451237;;;0;;;;9867075980;;ME M62;;;0;PCE;113;4;20260713;20260719
VDA4905;ECAR;EDIFACT;ME26052702100325;241;10;0060437618919153;5;20260527;10;CN;0060437618919153;5;9867075980;98451237;;;0;;;;9867075980;;ME M62;;;0;PCE;113;4;20260720;20260726
VDA4905;ECAR;EDIFACT;ME26052702100325;241;10;0060437618919153;5;20260527;10;CN;0060437618919153;5;9867075980;98451237;;;0;;;;9867075980;;ME M62;;;0;PCE;113;4;20260810;20260816
VDA4905;ECAR;EDIFACT;ME26052702100325;241;10;0060437618919153;5;20260527;10;CN;0060437618919153;5;9867075980;98451237;;;0;;;;9867075980;;ME M62;;;0;PCE;113;4;20260817;20260823
VDA4905;ECAR;EDIFACT;ME26052702100325;241;10;0060437618919153;5;20260527;10;CN;0060437618919153;5;9867075980;98451237;;;0;;;;9867075980;;ME M62;;;0;PCE;113;4;20260824;20260830
VDA4905;ECAR;EDIFACT;ME26052702100325;241;10;0060437618919153;5;20260527;10;CN;0060437618919153;5;9867075980;98451237;;;0;;;;9867075980;;ME M62;;;0;PCE;113;4;20260831;20260906
VDA4905;ECAR;EDIFACT;ME26052702100325;241;10;0060437618919153;5;20260527;10;CN;0060437618919153;5;9867075980;98451237;;;0;;;;9867075980;;ME M62;;;0;PCE;113;4;20260907;20260913
VDA4905;ECAR;EDIFACT;ME26052702100325;241;10;0060437618919153;5;20260527;10;CN;0060437618919153;5;9867075980;98451237;;;0;;;;9867075980;;ME M62;;;0;PCE;113;4;20260914;20260920
VDA4905;ECAR;EDIFACT;ME26052702100325;241;10;0060437618919153;5;20260527;10;CN;0060437618919153;5;9867075980;98451237;;;0;;;;9867075980;;ME M62;;;0;PCE;113;4;20260921;20260927
VDA4905;ECAR;EDIFACT;ME26052702100325;241;10;0060437618919153;5;20260527;10;CN;0060437618919153;5;9867075980;98451237;;;0;;;;9867075980;;ME M62;;;0;PCE;113;4;20260928;20261004
VDA4905;ECAR;EDIFACT;ME26052702100325;241;10;0060437618919153;5;20260527;10;CN;0060437618919153;5;9867075980;98451237;;;0;;;;9867075980;;ME M62;;;0;PCE;113;4;20261005;20261011
VDA4905;ECAR;EDIFACT;ME26052702100325;241;10;0060437618919153;5;20260527;10;CN;0060437618919153;5;9867075980;98451237;;;0;;;;9867075980;;ME M62;;;0;PCE;113;4;20261012;20261018
VDA4905;ECAR;EDIFACT;ME26052702100325;241;10;0060437618919153;5;20260527;10;CN;0060437618919153;5;9867075980;98451237;;;0;;;;9867075980;;ME M62;;;0;PCE;113;4;20261019;20261025
VDA4905;ECAR;EDIFACT;ME26052702100325;241;10;0060437618919153;5;20260527;10;CN;0060437618919153;5;9867075980;98451237;;;0;;;;9867075980;;ME M62;;;0;PCE;113;4;20261026;20261101
VDA4905;ECAR;EDIFACT;ME26052702100325;241;10;0060437618919153;5;20260527;10;CN;0060437618919153;5;9867075980;98451237;;;0;;;;9867075980;;ME M62;;;0;PCE;113;4;20261102;20261108
VDA4905;ECAR;EDIFACT;ME26052702100325;241;10;0060437618919153;5;20260527;10;CN;0060437618919153;5;9867075980;98451237;;;0;;;;9867075980;;ME M62;;;0;PCE;113;4;20261109;20261115
VDA4905;ECAR;EDIFACT;ME26052702100325;241;10;0060437618919153;5;20260527;10;CN;0060437618919153;5;9867075980;98451237;;;0;;;;9867075980;;ME M62;;;0;PCE;113;4;20261116;20261122
VDA4905;ECAR;EDIFACT;ME26052702100325;241;10;0060437618919153;5;20260527;10;CN;0060437618919153;5;9867075980;98451237;;;0;;;;9867075980;;ME M62;;;0;PCE;113;4;20261123;20261129
VDA4905;ECAR;EDIFACT;ME26052702100325;241;10;0060437618919153;5;20260527;10;CN;0060437618919153;5;9867075980;98451237;;;0;;;;9867075980;;ME M62;;;0;PCE;113;4;20261130;20261206
VDA4905;ECAR;EDIFACT;ME26052702100325;241;10;0060437618919153;5;20260527;10;CN;0060437618919153;5;9867075980;98451237;;;0;;;;9867075980;;ME M62;;;0;PCE;113;4;20261207;20261213
VDA4905;ECAR;EDIFACT;ME26052702100325;241;10;0060437618919153;5;20260527;10;CN;0060437618919153;5;9867075980;98451237;;;0;;;;9867075980;;ME M62;;;0;PCE;113;4;20261214;20261220
VDA4905;ECAR;EDIFACT;ME26052702100325;241;10;0060437618919153;5;20260527;10;CN;0060437618919153;5;9867075980;98451237;;;0;;;;9867075980;;ME M62;;;0;PCE;113;4;20261221;20261227
VDA4905;ECAR;EDIFACT;ME26052702100325;241;10;0060437618919153;5;20260527;10;CN;0060437618919153;5;9867075980;98451237;;;0;;;;9867075980;;ME M62;;;0;PCE;113;4;20270104;20270110
VDA4905;ECAR;EDIFACT;ME26052702100325;241;10;0060437618919153;5;20260527;10;CN;0060437618919153;5;9867075980;98451237;;;0;;;;9867075980;;ME M62;;;0;PCE;113;4;20270111;20270117
VDA4905;ECAR;EDIFACT;ME26052702100325;241;10;0060437618919153;5;20260527;10;CN;0060437618919153;5;9867075980;98451237;;;0;;;;9867075980;;ME M62;;;0;PCE;113;4;20270118;20270124
VDA4905;ECAR;EDIFACT;ME26052702100325;241;10;0060437618919153;5;20260527;10;CN;0060437618919153;5;9867075980;98451237;;;0;;;;9867075980;;ME M62;;;0;PCE;113;4;20270125;20270131
VDA4905;ECAR;EDIFACT;ME26052702100325;241;10;0060437618919153;5;20260527;10;CN;0060437618919153;5;9867075980;98451237;;;0;;;;9867075980;;ME M62;;;0;PCE;113;4;20270201;20270207
VDA4905;ECAR;EDIFACT;ME26052702100325;241;10;0060437618919153;5;20260527;10;CN;0060437618919153;5;9867075980;98451237;;;0;;;;9867075980;;ME M62;;;0;PCE;113;4;20270208;20270214
VDA4905;ECAR;EDIFACT;ME26052702100325;241;10;0060437618919153;5;20260527;10;CN;0060437618919153;5;9867075980;98451237;;;0;;;;9867075980;;ME M62;;;0;PCE;113;4;20270215;20270221
VDA4905;ECAR;EDIFACT;ME26052702100325;241;10;0060437618919153;5;20260527;10;CN;0060437618919153;5;9867075980;98451237;;;0;;;;9867075980;;ME M62;;;0;PCE;113;4;20270222;20270228
VDA4905;ECAR;EDIFACT;ME26052702100325;241;10;0060437618919153;5;20260527;10;CN;0060437618919153;5;9867075980;98451237;;;0;;;;9867075980;;ME M62;;;0;PCE;113;4;20270301;20270307
VDA4905;ECAR;EDIFACT;ME26052702100325;241;10;0060437618919153;5;20260527;10;CN;0060437618919153;5;9867075980;98451237;;;0;;;;9867075980;;ME M62;;;0;PCE;113;4;20270308;20270314
VDA4905;ECAR;EDIFACT;ME26052702100325;241;10;0060437618919153;5;20260527;10;CN;0060437618919153;5;9867075980;98451237;;;0;;;;9867075980;;ME M62;;;0;PCE;113;4;20270315;20270321
VDA4905;ECAR;EDIFACT;ME26052702100325;241;10;0060437618919153;5;20260527;10;CN;0060437618919153;5;9867075980;98451237;;;0;;;;9867075980;;ME M62;;;0;PCE;113;4;20270322;20270328
VDA4905;ECAR;EDIFACT;ME26052702100325;241;10;0060437618919153;5;20260527;10;CN;0060437618919153;5;9867075980;98451237;;;0;;;;9867075980;;ME M62;;;0;PCE;113;4;20270329;20270404
VDA4905;ECAR;EDIFACT;ME26052702100325;241;10;0060437618919153;5;20260527;10;CN;0060437618919153;5;9867075980;98451237;;;0;;;;9867075980;;ME M62;;;0;PCE;113;4;20270405;20270411
VDA4905;ECAR;EDIFACT;ME26052702100325;241;10;0060437618919153;5;20260527;10;CN;0060437618919153;5;9867075980;98451237;;;0;;;;9867075980;;ME M62;;;0;PCE;113;4;20270412;20270418
VDA4905;ECAR;EDIFACT;ME26052702100325;241;10;0060437618919153;5;20260527;10;CN;0060437618919153;5;9867075980;98451237;;;0;;;;9867075980;;ME M62;;;0;PCE;113;4;20270419;20270425
VDA4905;ECAR;EDIFACT;ME26052702100325;241;10;0060437618919153;5;20260527;10;CN;0060437618919153;5;9867075980;98451237;;;0;;;;9867075980;;ME M62;;;0;PCE;113;4;20270426;20270502
VDA4905;ECAR;EDIFACT;ME26052702100325;241;10;0060437618919153;5;20260527;10;CN;0060437618919153;5;9867076980;98448096;;;0;;;;9867076980;;ME M63;;;0;PCE;113;4;20260622;20260628
VDA4905;ECAR;EDIFACT;ME26052702100325;241;10;0060437618919153;5;20260527;10;CN;0060437618919153;5;9867077780;98448099;;;0;;;;9867077780;;ME M63;;;0;PCE;113;4;20260612;20260612
VDA4905;ECAR;EDIFACT;ME26052702100325;241;10;0060437618919153;5;20260527;10;CN;0060437618919153;5;9867077780;98448099;;;0;;;;9867077780;;ME M63;;;0;PCE;113;4;20260914;20260920
VDA4905;ECAR;EDIFACT;ME26052702100325;241;10;0060437618919153;5;20260527;10;CN;0060437618919153;5;9867077780;98448099;;;0;;;;9867077780;;ME M63;;;0;PCE;113;4;20261026;20261101
VDA4905;ECAR;EDIFACT;ME26052702100325;241;10;0060437618919153;5;20260527;10;CN;0060437618919153;5;9867077780;98448099;;;0;;;;9867077780;;ME M63;;;0;PCE;113;4;20261207;20261213
VDA4905;ECAR;EDIFACT;ME26052702100325;241;10;0060437618919153;5;20260527;10;CN;0060437618919153;5;9867078380;98446417;;;0;;;;9867078380;;ME M63;;;0;PCE;113;4;20260602;20260602
VDA4905;ECAR;EDIFACT;ME26052702100325;241;10;0060437618919153;5;20260527;10;CN;0060437618919153;5;9867078380;98446417;;;0;;;;9867078380;;ME M63;;;0;PCE;113;4;20260605;20260605
VDA4905;ECAR;EDIFACT;ME26052702100325;241;10;0060437618919153;5;20260527;10;CN;0060437618919153;5;9867078380;98446417;;;0;;;;9867078380;;ME M63;;;0;PCE;113;4;20260608;20260608
VDA4905;ECAR;EDIFACT;ME26052702100325;241;10;0060437618919153;5;20260527;10;CN;0060437618919153;5;9867078380;98446417;;;0;;;;9867078380;;ME M63;;;0;PCE;113;4;20260611;20260611
VDA4905;ECAR;EDIFACT;ME26052702100325;241;10;0060437618919153;5;20260527;10;CN;0060437618919153;5;9867078380;98446417;;;0;;;;9867078380;;ME M63;;;0;PCE;113;4;20260615;20260615
VDA4905;ECAR;EDIFACT;ME26052702100325;241;10;0060437618919153;5;20260527;10;CN;0060437618919153;5;9867078380;98446417;;;0;;;;9867078380;;ME M63;;;0;PCE;113;4;20260616;20260616
VDA4905;ECAR;EDIFACT;ME26052702100325;241;10;0060437618919153;5;20260527;10;CN;0060437618919153;5;9867078380;98446417;;;0;;;;9867078380;;ME M63;;;0;PCE;113;4;20260617;20260617
VDA4905;ECAR;EDIFACT;ME26052702100325;241;10;0060437618919153;5;20260527;10;CN;0060437618919153;5;9867078380;98446417;;;0;;;;9867078380;;ME M63;;;0;PCE;113;4;20260618;20260618
VDA4905;ECAR;EDIFACT;ME26052702100325;241;10;0060437618919153;5;20260527;10;CN;0060437618919153;5;9867078380;98446417;;;0;;;;9867078380;;ME M63;;;0;PCE;113;4;20260619;20260619
VDA4905;ECAR;EDIFACT;ME26052702100325;241;10;0060437618919153;5;20260527;10;CN;0060437618919153;5;9867078380;98446417;;;0;;;;9867078380;;ME M63;;;0;PCE;113;4;20260620;20260620
VDA4905;ECAR;EDIFACT;ME26052702100325;241;10;0060437618919153;5;20260527;10;CN;0060437618919153;5;9867078380;98446417;;;0;;;;9867078380;;ME M63;;;0;PCE;113;4;20260621;20260621
VDA4905;ECAR;EDIFACT;ME26052702100325;241;10;0060437618919153;5;20260527;10;CN;0060437618919153;5;9867078380;98446417;;;0;;;;9867078380;;ME M63;;;0;PCE;113;4;20260622;20260628
VDA4905;ECAR;EDIFACT;ME26052702100325;241;10;0060437618919153;5;20260527;10;CN;0060437618919153;5;9867078380;98446417;;;0;;;;9867078380;;ME M63;;;0;PCE;113;4;20260629;20260705
VDA4905;ECAR;EDIFACT;ME26052702100325;241;10;0060437618919153;5;20260527;10;CN;0060437618919153;5;9867078380;98446417;;;0;;;;9867078380;;ME M63;;;0;PCE;113;4;20260706;20260712
VDA4905;ECAR;EDIFACT;ME26052702100325;241;10;0060437618919153;5;20260527;10;CN;0060437618919153;5;9867078380;98446417;;;0;;;;9867078380;;ME M63;;;0;PCE;113;4;20260713;20260719
VDA4905;ECAR;EDIFACT;ME26052702100325;241;10;0060437618919153;5;20260527;10;CN;0060437618919153;5;9867078380;98446417;;;0;;;;9867078380;;ME M63;;;0;PCE;113;4;20260720;20260726
VDA4905;ECAR;EDIFACT;ME26052702100325;241;10;0060437618919153;5;20260527;10;CN;0060437618919153;5;9867078380;98446417;;;0;;;;9867078380;;ME M63;;;0;PCE;113;4;20260810;20260816
VDA4905;ECAR;EDIFACT;ME26052702100325;241;10;0060437618919153;5;20260527;10;CN;0060437618919153;5;9867078380;98446417;;;0;;;;9867078380;;ME M63;;;0;PCE;113;4;20260817;20260823
VDA4905;ECAR;EDIFACT;ME26052702100325;241;10;0060437618919153;5;20260527;10;CN;0060437618919153;5;9867078380;98446417;;;0;;;;9867078380;;ME M63;;;0;PCE;113;4;20260824;20260830
VDA4905;ECAR;EDIFACT;ME26052702100325;241;10;0060437618919153;5;20260527;10;CN;0060437618919153;5;9867078380;98446417;;;0;;;;9867078380;;ME M63;;;0;PCE;113;4;20260831;20260906
VDA4905;ECAR;EDIFACT;ME26052702100325;241;10;0060437618919153;5;20260527;10;CN;0060437618919153;5;9867078380;98446417;;;0;;;;9867078380;;ME M63;;;0;PCE;113;4;20260907;20260913
VDA4905;ECAR;EDIFACT;ME26052702100325;241;10;0060437618919153;5;20260527;10;CN;0060437618919153;5;9867078380;98446417;;;0;;;;9867078380;;ME M63;;;0;PCE;113;4;20260914;20260920
VDA4905;ECAR;EDIFACT;ME26052702100325;241;10;0060437618919153;5;20260527;10;CN;0060437618919153;5;9867078380;98446417;;;0;;;;9867078380;;ME M63;;;0;PCE;113;4;20260921;20260927
VDA4905;ECAR;EDIFACT;ME26052702100325;241;10;0060437618919153;5;20260527;10;CN;0060437618919153;5;9867078380;98446417;;;0;;;;9867078380;;ME M63;;;0;PCE;113;4;20260928;20261004
VDA4905;ECAR;EDIFACT;ME26052702100325;241;10;0060437618919153;5;20260527;10;CN;0060437618919153;5;9867078380;98446417;;;0;;;;9867078380;;ME M63;;;0;PCE;113;4;20261005;20261011
VDA4905;ECAR;EDIFACT;ME26052702100325;241;10;0060437618919153;5;20260527;10;CN;0060437618919153;5;9867078380;98446417;;;0;;;;9867078380;;ME M63;;;0;PCE;113;4;20261012;20261018
VDA4905;ECAR;EDIFACT;ME26052702100325;241;10;0060437618919153;5;20260527;10;CN;0060437618919153;5;9867078380;98446417;;;0;;;;9867078380;;ME M63;;;0;PCE;113;4;20261019;20261025
VDA4905;ECAR;EDIFACT;ME26052702100325;241;10;0060437618919153;5;20260527;10;CN;0060437618919153;5;9867078380;98446417;;;0;;;;9867078380;;ME M63;;;0;PCE;113;4;20261026;20261101
VDA4905;ECAR;EDIFACT;ME26052702100325;241;10;0060437618919153;5;20260527;10;CN;0060437618919153;5;9867078380;98446417;;;0;;;;9867078380;;ME M63;;;0;PCE;113;4;20261102;20261108
VDA4905;ECAR;EDIFACT;ME26052702100325;241;10;0060437618919153;5;20260527;10;CN;0060437618919153;5;9867078380;98446417;;;0;;;;9867078380;;ME M63;;;0;PCE;113;4;20261109;20261115
VDA4905;ECAR;EDIFACT;ME26052702100325;241;10;0060437618919153;5;20260527;10;CN;0060437618919153;5;9867078380;98446417;;;0;;;;9867078380;;ME M63;;;0;PCE;113;4;20261116;20261122
VDA4905;ECAR;EDIFACT;ME26052702100325;241;10;0060437618919153;5;20260527;10;CN;0060437618919153;5;9867078380;98446417;;;0;;;;9867078380;;ME M63;;;0;PCE;113;4;20261123;20261129
VDA4905;ECAR;EDIFACT;ME26052702100325;241;10;0060437618919153;5;20260527;10;CN;0060437618919153;5;9867078380;98446417;;;0;;;;9867078380;;ME M63;;;0;PCE;113;4;20261130;20261206
VDA4905;ECAR;EDIFACT;ME26052702100325;241;10;0060437618919153;5;20260527;10;CN;0060437618919153;5;9867078380;98446417;;;0;;;;9867078380;;ME M63;;;0;PCE;113;4;20261207;20261213
VDA4905;ECAR;EDIFACT;ME26052702100325;241;10;0060437618919153;5;20260527;10;CN;0060437618919153;5;9867078380;98446417;;;0;;;;9867078380;;ME M63;;;0;PCE;113;4;20261214;20261220
VDA4905;ECAR;EDIFACT;ME26052702100325;241;10;0060437618919153;5;20260527;10;CN;0060437618919153;5;9867078380;98446417;;;0;;;;9867078380;;ME M63;;;0;PCE;113;4;20261221;20261227
VDA4905;ECAR;EDIFACT;ME26052702100325;241;10;0060437618919153;5;20260527;10;CN;0060437618919153;5;9867078380;98446417;;;0;;;;9867078380;;ME M63;;;0;PCE;113;4;20261228;20261231
VDA4905;ECAR;EDIFACT;ME26052702100325;241;10;0060437618919153;5;20260527;10;CN;0060437618919153;5;9867078380;98446417;;;0;;;;9867078380;;ME M63;;;0;PCE;113;4;20270104;20270110
VDA4905;ECAR;EDIFACT;ME26052702100325;241;10;0060437618919153;5;20260527;10;CN;0060437618919153;5;9867078380;98446417;;;0;;;;9867078380;;ME M63;;;0;PCE;113;4;20270111;20270117
VDA4905;ECAR;EDIFACT;ME26052702100325;241;10;0060437618919153;5;20260527;10;CN;0060437618919153;5;9867078380;98446417;;;0;;;;9867078380;;ME M63;;;0;PCE;113;4;20270118;20270124
VDA4905;ECAR;EDIFACT;ME26052702100325;241;10;0060437618919153;5;20260527;10;CN;0060437618919153;5;9867078380;98446417;;;0;;;;9867078380;;ME M63;;;0;PCE;113;4;20270125;20270131
VDA4905;ECAR;EDIFACT;ME26052702100325;241;10;0060437618919153;5;20260527;10;CN;0060437618919153;5;9867078380;98446417;;;0;;;;9867078380;;ME M63;;;0;PCE;113;4;20270201;20270207
VDA4905;ECAR;EDIFACT;ME26052702100325;241;10;0060437618919153;5;20260527;10;CN;0060437618919153;5;9867078380;98446417;;;0;;;;9867078380;;ME M63;;;0;PCE;113;4;20270208;20270214
VDA4905;ECAR;EDIFACT;ME26052702100325;241;10;0060437618919153;5;20260527;10;CN;0060437618919153;5;9867078380;98446417;;;0;;;;9867078380;;ME M63;;;0;PCE;113;4;20270215;20270221
VDA4905;ECAR;EDIFACT;ME26052702100325;241;10;0060437618919153;5;20260527;10;CN;0060437618919153;5;9867078380;98446417;;;0;;;;9867078380;;ME M63;;;0;PCE;113;4;20270222;20270228
VDA4905;ECAR;EDIFACT;ME26052702100325;241;10;0060437618919153;5;20260527;10;CN;0060437618919153;5;9867078380;98446417;;;0;;;;9867078380;;ME M63;;;0;PCE;113;4;20270301;20270307
VDA4905;ECAR;EDIFACT;ME26052702100325;241;10;0060437618919153;5;20260527;10;CN;0060437618919153;5;9867078380;98446417;;;0;;;;9867078380;;ME M63;;;0;PCE;113;4;20270308;20270314
VDA4905;ECAR;EDIFACT;ME26052702100325;241;10;0060437618919153;5;20260527;10;CN;0060437618919153;5;9867078380;98446417;;;0;;;;9867078380;;ME M63;;;0;PCE;113;4;20270315;20270321
VDA4905;ECAR;EDIFACT;ME26052702100325;241;10;0060437618919153;5;20260527;10;CN;0060437618919153;5;9867078380;98446417;;;0;;;;9867078380;;ME M63;;;0;PCE;113;4;20270322;20270328
VDA4905;ECAR;EDIFACT;ME26052702100325;241;10;0060437618919153;5;20260527;10;CN;0060437618919153;5;9867078380;98446417;;;0;;;;9867078380;;ME M63;;;0;PCE;113;4;20270329;20270404
VDA4905;ECAR;EDIFACT;ME26052702100325;241;10;0060437618919153;5;20260527;10;CN;0060437618919153;5;9867078380;98446417;;;0;;;;9867078380;;ME M63;;;0;PCE;113;4;20270405;20270411
VDA4905;ECAR;EDIFACT;ME26052702100325;241;10;0060437618919153;5;20260527;10;CN;0060437618919153;5;9867078380;98446417;;;0;;;;9867078380;;ME M63;;;0;PCE;113;4;20270412;20270418
VDA4905;ECAR;EDIFACT;ME26052702100325;241;10;0060437618919153;5;20260527;10;CN;0060437618919153;5;9867078380;98446417;;;0;;;;9867078380;;ME M63;;;0;PCE;113;4;20270419;20270425
VDA4905;ECAR;EDIFACT;ME26052702100325;241;10;0060437618919153;5;20260527;10;CN;0060437618919153;5;9867078380;98446417;;;0;;;;9867078380;;ME M63;;;0;PCE;113;4;20270426;20270502
VDA4905;ECAR;EDIFACT;ME26052702100325;241;10;0060437618919153;5;20260527;10;CN;0060437618919153;5;9867078580;98446423;;;0;;;;9867078580;;ME M63;;;0;PCE;113;4;20260604;20260604
VDA4905;ECAR;EDIFACT;ME26052702100325;241;10;0060437618919153;5;20260527;10;CN;0060437618919153;5;9867078580;98446423;;;0;;;;9867078580;;ME M63;;;0;PCE;113;4;20260608;20260608
VDA4905;ECAR;EDIFACT;ME26052702100325;241;10;0060437618919153;5;20260527;10;CN;0060437618919153;5;9867078580;98446423;;;0;;;;9867078580;;ME M63;;;0;PCE;113;4;20260615;20260615
VDA4905;ECAR;EDIFACT;ME26052702100325;241;10;0060437618919153;5;20260527;10;CN;0060437618919153;5;9867078580;98446423;;;0;;;;9867078580;;ME M63;;;0;PCE;113;4;20260616;20260616
VDA4905;ECAR;EDIFACT;ME26052702100325;241;10;0060437618919153;5;20260527;10;CN;0060437618919153;5;9867078580;98446423;;;0;;;;9867078580;;ME M63;;;0;PCE;113;4;20260617;20260617
VDA4905;ECAR;EDIFACT;ME26052702100325;241;10;0060437618919153;5;20260527;10;CN;0060437618919153;5;9867078580;98446423;;;0;;;;9867078580;;ME M63;;;0;PCE;113;4;20260618;20260618
VDA4905;ECAR;EDIFACT;ME26052702100325;241;10;0060437618919153;5;20260527;10;CN;0060437618919153;5;9867078580;98446423;;;0;;;;9867078580;;ME M63;;;0;PCE;113;4;20260619;20260619
VDA4905;ECAR;EDIFACT;ME26052702100325;241;10;0060437618919153;5;20260527;10;CN;0060437618919153;5;9867078580;98446423;;;0;;;;9867078580;;ME M63;;;0;PCE;113;4;20260620;20260620
VDA4905;ECAR;EDIFACT;ME26052702100325;241;10;0060437618919153;5;20260527;10;CN;0060437618919153;5;9867078580;98446423;;;0;;;;9867078580;;ME M63;;;0;PCE;113;4;20260621;20260621
VDA4905;ECAR;EDIFACT;ME26052702100325;241;10;0060437618919153;5;20260527;10;CN;0060437618919153;5;9867078580;98446423;;;0;;;;9867078580;;ME M63;;;0;PCE;113;4;20260622;20260628
VDA4905;ECAR;EDIFACT;ME26052702100325;241;10;0060437618919153;5;20260527;10;CN;0060437618919153;5;9867078580;98446423;;;0;;;;9867078580;;ME M63;;;0;PCE;113;4;20260629;20260705
VDA4905;ECAR;EDIFACT;ME26052702100325;241;10;0060437618919153;5;20260527;10;CN;0060437618919153;5;9867078580;98446423;;;0;;;;9867078580;;ME M63;;;0;PCE;113;4;20260706;20260712
VDA4905;ECAR;EDIFACT;ME26052702100325;241;10;0060437618919153;5;20260527;10;CN;0060437618919153;5;9867078580;98446423;;;0;;;;9867078580;;ME M63;;;0;PCE;113;4;20260713;20260719
VDA4905;ECAR;EDIFACT;ME26052702100325;241;10;0060437618919153;5;20260527;10;CN;0060437618919153;5;9867078580;98446423;;;0;;;;9867078580;;ME M63;;;0;PCE;113;4;20260817;20260823
VDA4905;ECAR;EDIFACT;ME26052702100325;241;10;0060437618919153;5;20260527;10;CN;0060437618919153;5;9867078580;98446423;;;0;;;;9867078580;;ME M63;;;0;PCE;113;4;20260831;20260906
VDA4905;ECAR;EDIFACT;ME26052702100325;241;10;0060437618919153;5;20260527;10;CN;0060437618919153;5;9867078580;98446423;;;0;;;;9867078580;;ME M63;;;0;PCE;113;4;20260921;20260927
VDA4905;ECAR;EDIFACT;ME26052702100325;241;10;0060437618919153;5;20260527;10;CN;0060437618919153;5;9867078580;98446423;;;0;;;;9867078580;;ME M63;;;0;PCE;113;4;20261005;20261011
VDA4905;ECAR;EDIFACT;ME26052702100325;241;10;0060437618919153;5;20260527;10;CN;0060437618919153;5;9867078580;98446423;;;0;;;;9867078580;;ME M63;;;0;PCE;113;4;20261012;20261018
VDA4905;ECAR;EDIFACT;ME26052702100325;241;10;0060437618919153;5;20260527;10;CN;0060437618919153;5;9867078580;98446423;;;0;;;;9867078580;;ME M63;;;0;PCE;113;4;20261026;20261101
VDA4905;ECAR;EDIFACT;ME26052702100325;241;10;0060437618919153;5;20260527;10;CN;0060437618919153;5;9867078580;98446423;;;0;;;;9867078580;;ME M63;;;0;PCE;113;4;20261102;20261108
VDA4905;ECAR;EDIFACT;ME26052702100325;241;10;0060437618919153;5;20260527;10;CN;0060437618919153;5;9867078580;98446423;;;0;;;;9867078580;;ME M63;;;0;PCE;113;4;20261109;20261115
VDA4905;ECAR;EDIFACT;ME26052702100325;241;10;0060437618919153;5;20260527;10;CN;0060437618919153;5;9867078580;98446423;;;0;;;;9867078580;;ME M63;;;0;PCE;113;4;20261116;20261122
VDA4905;ECAR;EDIFACT;ME26052702100325;241;10;0060437618919153;5;20260527;10;CN;0060437618919153;5;9867078580;98446423;;;0;;;;9867078580;;ME M63;;;0;PCE;113;4;20261130;20261206
VDA4905;ECAR;EDIFACT;ME26052702100325;241;10;0060437618919153;5;20260527;10;CN;0060437618919153;5;9867078580;98446423;;;0;;;;9867078580;;ME M63;;;0;PCE;113;4;20270104;20270110
VDA4905;ECAR;EDIFACT;ME26052702100325;241;10;0060437618919153;5;20260527;10;CN;0060437618919153;5;9867078580;98446423;;;0;;;;9867078580;;ME M63;;;0;PCE;113;4;20270201;20270207
VDA4905;ECAR;EDIFACT;ME26052702100325;241;10;0060437618919153;5;20260527;10;CN;0060437618919153;5;9867078580;98446423;;;0;;;;9867078580;;ME M63;;;0;PCE;113;4;20270315;20270321
VDA4905;ECAR;EDIFACT;ME26052702100325;241;10;0060437618919153;5;20260527;10;CN;0060437618919153;5;9867078580;98446423;;;0;;;;9867078580;;ME M63;;;0;PCE;113;4;20270419;20270425
VDA4905;ECAR;EDIFACT;ME26052702100325;241;10;0060437618919153;5;20260527;10;CN;0060437618919153;5;9867078580;98446423;;;0;;;;9867078580;;ME M63;;;0;PCE;113;4;20270426;20270502
VDA4905;ECAR;EDIFACT;ME26052702100325;241;10;0060437618919153;5;20260527;10;CN;0060437618919153;5;9867078780;98446425;;;0;;;;9867078780;;ME M63;;;0;PCE;113;4;20260608;20260608
VDA4905;ECAR;EDIFACT;ME26052702100325;241;10;0060437618919153;5;20260527;10;CN;0060437618919153;5;9867078780;98446425;;;0;;;;9867078780;;ME M63;;;0;PCE;113;4;20260615;20260615
VDA4905;ECAR;EDIFACT;ME26052702100325;241;10;0060437618919153;5;20260527;10;CN;0060437618919153;5;9867078780;98446425;;;0;;;;9867078780;;ME M63;;;0;PCE;113;4;20260616;20260616
VDA4905;ECAR;EDIFACT;ME26052702100325;241;10;0060437618919153;5;20260527;10;CN;0060437618919153;5;9867078780;98446425;;;0;;;;9867078780;;ME M63;;;0;PCE;113;4;20260617;20260617
VDA4905;ECAR;EDIFACT;ME26052702100325;241;10;0060437618919153;5;20260527;10;CN;0060437618919153;5;9867078780;98446425;;;0;;;;9867078780;;ME M63;;;0;PCE;113;4;20260618;20260618
VDA4905;ECAR;EDIFACT;ME26052702100325;241;10;0060437618919153;5;20260527;10;CN;0060437618919153;5;9867078780;98446425;;;0;;;;9867078780;;ME M63;;;0;PCE;113;4;20260619;20260619
VDA4905;ECAR;EDIFACT;ME26052702100325;241;10;0060437618919153;5;20260527;10;CN;0060437618919153;5;9867078780;98446425;;;0;;;;9867078780;;ME M63;;;0;PCE;113;4;20260620;20260620
VDA4905;ECAR;EDIFACT;ME26052702100325;241;10;0060437618919153;5;20260527;10;CN;0060437618919153;5;9867078780;98446425;;;0;;;;9867078780;;ME M63;;;0;PCE;113;4;20260621;20260621
VDA4905;ECAR;EDIFACT;ME26052702100325;241;10;0060437618919153;5;20260527;10;CN;0060437618919153;5;9867078780;98446425;;;0;;;;9867078780;;ME M63;;;0;PCE;113;4;20260622;20260628
VDA4905;ECAR;EDIFACT;ME26052702100325;241;10;0060437618919153;5;20260527;10;CN;0060437618919153;5;9867078780;98446425;;;0;;;;9867078780;;ME M63;;;0;PCE;113;4;20260629;20260705
VDA4905;ECAR;EDIFACT;ME26052702100325;241;10;0060437618919153;5;20260527;10;CN;0060437618919153;5;9867078780;98446425;;;0;;;;9867078780;;ME M63;;;0;PCE;113;4;20260706;20260712
VDA4905;ECAR;EDIFACT;ME26052702100325;241;10;0060437618919153;5;20260527;10;CN;0060437618919153;5;9867078780;98446425;;;0;;;;9867078780;;ME M63;;;0;PCE;113;4;20260713;20260719
VDA4905;ECAR;EDIFACT;ME26052702100325;241;10;0060437618919153;5;20260527;10;CN;0060437618919153;5;9867078780;98446425;;;0;;;;9867078780;;ME M63;;;0;PCE;113;4;20260720;20260726
VDA4905;ECAR;EDIFACT;ME26052702100325;241;10;0060437618919153;5;20260527;10;CN;0060437618919153;5;9867078780;98446425;;;0;;;;9867078780;;ME M63;;;0;PCE;113;4;20260817;20260823
VDA4905;ECAR;EDIFACT;ME26052702100325;241;10;0060437618919153;5;20260527;10;CN;0060437618919153;5;9867078780;98446425;;;0;;;;9867078780;;ME M63;;;0;PCE;113;4;20260824;20260830
VDA4905;ECAR;EDIFACT;ME26052702100325;241;10;0060437618919153;5;20260527;10;CN;0060437618919153;5;9867078780;98446425;;;0;;;;9867078780;;ME M63;;;0;PCE;113;4;20260831;20260906
VDA4905;ECAR;EDIFACT;ME26052702100325;241;10;0060437618919153;5;20260527;10;CN;0060437618919153;5;9867078780;98446425;;;0;;;;9867078780;;ME M63;;;0;PCE;113;4;20260907;20260913
VDA4905;ECAR;EDIFACT;ME26052702100325;241;10;0060437618919153;5;20260527;10;CN;0060437618919153;5;9867078780;98446425;;;0;;;;9867078780;;ME M63;;;0;PCE;113;4;20260914;20260920
VDA4905;ECAR;EDIFACT;ME26052702100325;241;10;0060437618919153;5;20260527;10;CN;0060437618919153;5;9867078780;98446425;;;0;;;;9867078780;;ME M63;;;0;PCE;113;4;20260921;20260927
VDA4905;ECAR;EDIFACT;ME26052702100325;241;10;0060437618919153;5;20260527;10;CN;0060437618919153;5;9867078780;98446425;;;0;;;;9867078780;;ME M63;;;0;PCE;113;4;20260928;20261004
VDA4905;ECAR;EDIFACT;ME26052702100325;241;10;0060437618919153;5;20260527;10;CN;0060437618919153;5;9867078780;98446425;;;0;;;;9867078780;;ME M63;;;0;PCE;113;4;20261005;20261011
VDA4905;ECAR;EDIFACT;ME26052702100325;241;10;0060437618919153;5;20260527;10;CN;0060437618919153;5;9867078780;98446425;;;0;;;;9867078780;;ME M63;;;0;PCE;113;4;20261012;20261018
VDA4905;ECAR;EDIFACT;ME26052702100325;241;10;0060437618919153;5;20260527;10;CN;0060437618919153;5;9867078780;98446425;;;0;;;;9867078780;;ME M63;;;0;PCE;113;4;20261019;20261025
VDA4905;ECAR;EDIFACT;ME26052702100325;241;10;0060437618919153;5;20260527;10;CN;0060437618919153;5;9867078780;98446425;;;0;;;;9867078780;;ME M63;;;0;PCE;113;4;20261026;20261101
VDA4905;ECAR;EDIFACT;ME26052702100325;241;10;0060437618919153;5;20260527;10;CN;0060437618919153;5;9867078780;98446425;;;0;;;;9867078780;;ME M63;;;0;PCE;113;4;20261102;20261108
VDA4905;ECAR;EDIFACT;ME26052702100325;241;10;0060437618919153;5;20260527;10;CN;0060437618919153;5;9867078780;98446425;;;0;;;;9867078780;;ME M63;;;0;PCE;113;4;20261109;20261115
VDA4905;ECAR;EDIFACT;ME26052702100325;241;10;0060437618919153;5;20260527;10;CN;0060437618919153;5;9867078780;98446425;;;0;;;;9867078780;;ME M63;;;0;PCE;113;4;20261116;20261122
VDA4905;ECAR;EDIFACT;ME26052702100325;241;10;0060437618919153;5;20260527;10;CN;0060437618919153;5;9867078780;98446425;;;0;;;;9867078780;;ME M63;;;0;PCE;113;4;20261123;20261129
VDA4905;ECAR;EDIFACT;ME26052702100325;241;10;0060437618919153;5;20260527;10;CN;0060437618919153;5;9867078780;98446425;;;0;;;;9867078780;;ME M63;;;0;PCE;113;4;20261130;20261206
VDA4905;ECAR;EDIFACT;ME26052702100325;241;10;0060437618919153;5;20260527;10;CN;0060437618919153;5;9867078780;98446425;;;0;;;;9867078780;;ME M63;;;0;PCE;113;4;20261207;20261213
VDA4905;ECAR;EDIFACT;ME26052702100325;241;10;0060437618919153;5;20260527;10;CN;0060437618919153;5;9867078780;98446425;;;0;;;;9867078780;;ME M63;;;0;PCE;113;4;20261214;20261220
VDA4905;ECAR;EDIFACT;ME26052702100325;241;10;0060437618919153;5;20260527;10;CN;0060437618919153;5;9867078780;98446425;;;0;;;;9867078780;;ME M63;;;0;PCE;113;4;20270104;20270110
VDA4905;ECAR;EDIFACT;ME26052702100325;241;10;0060437618919153;5;20260527;10;CN;0060437618919153;5;9867078780;98446425;;;0;;;;9867078780;;ME M63;;;0;PCE;113;4;20270118;20270124
VDA4905;ECAR;EDIFACT;ME26052702100325;241;10;0060437618919153;5;20260527;10;CN;0060437618919153;5;9867078780;98446425;;;0;;;;9867078780;;ME M63;;;0;PCE;113;4;20270215;20270221
VDA4905;ECAR;EDIFACT;ME26052702100325;241;10;0060437618919153;5;20260527;10;CN;0060437618919153;5;9867078780;98446425;;;0;;;;9867078780;;ME M63;;;0;PCE;113;4;20270222;20270228
VDA4905;ECAR;EDIFACT;ME26052702100325;241;10;0060437618919153;5;20260527;10;CN;0060437618919153;5;9867078780;98446425;;;0;;;;9867078780;;ME M63;;;0;PCE;113;4;20270322;20270328
VDA4905;ECAR;EDIFACT;ME26052702100325;241;10;0060437618919153;5;20260527;10;CN;0060437618919153;5;9867078980;98446427;;;0;;;;9867078980;;ME M63;;;0;PCE;113;4;20260612;20260612
VDA4905;ECAR;EDIFACT;ME26052702100325;241;10;0060437618919153;5;20260527;10;CN;0060437618919153;5;9867078980;98446427;;;0;;;;9867078980;;ME M63;;;0;PCE;113;4;20260824;20260830
VDA4905;ECAR;EDIFACT;ME26052702100325;241;10;0060437618919153;5;20260527;10;CN;0060437618919153;5;9867078980;98446427;;;0;;;;9867078980;;ME M63;;;0;PCE;113;4;20261012;20261018
VDA4905;ECAR;EDIFACT;ME26052702100325;241;10;0060437618919153;5;20260527;10;CN;0060437618919153;5;9867078980;98446427;;;0;;;;9867078980;;ME M63;;;0;PCE;113;4;20261026;20261101
VDA4905;ECAR;EDIFACT;ME26052702100325;241;10;0060437618919153;5;20260527;10;CN;0060437618919153;5;9867078980;98446427;;;0;;;;9867078980;;ME M63;;;0;PCE;113;4;20261207;20261213
VDA4905;ECAR;EDIFACT;ME26052702100325;241;10;0060437618919153;5;20260527;10;CN;0060437618919153;5;9867079180;98446429;;;0;;;;9867079180;;ME M63;;;0;PCE;113;4;20260831;20260906
VDA4905;ECAR;EDIFACT;ME26052702100325;241;10;0060437618919153;5;20260527;10;CN;0060437618919153;5;9867079180;98446429;;;0;;;;9867079180;;ME M63;;;0;PCE;113;4;20261109;20261115
VDA4905;ECAR;EDIFACT;ME26052702100325;241;10;0060437618919153;5;20260527;10;CN;0060437618919153;5;9867079180;98446429;;;0;;;;9867079180;;ME M63;;;0;PCE;113;4;20261214;20261220
VDA4905;ECAR;EDIFACT;ME26052702100325;241;10;0060437618919153;5;20260527;10;CN;0060437618919153;5;9867079580;98446432;;;0;;;;9867079580;;ME M63;;;0;PCE;113;4;20260720;20260726
VDA4905;ECAR;EDIFACT;ME26052702100325;241;10;0060437618919153;5;20260527;10;CN;0060437618919153;5;9867079780;98446314;;;0;;;;9867079780;;ME M63;;;0;PCE;113;4;20260603;20260603
VDA4905;ECAR;EDIFACT;ME26052702100325;241;10;0060437618919153;5;20260527;10;CN;0060437618919153;5;9867079780;98446314;;;0;;;;9867079780;;ME M63;;;0;PCE;113;4;20260605;20260605
VDA4905;ECAR;EDIFACT;ME26052702100325;241;10;0060437618919153;5;20260527;10;CN;0060437618919153;5;9867079780;98446314;;;0;;;;9867079780;;ME M63;;;0;PCE;113;4;20260609;20260609
VDA4905;ECAR;EDIFACT;ME26052702100325;241;10;0060437618919153;5;20260527;10;CN;0060437618919153;5;9867079780;98446314;;;0;;;;9867079780;;ME M63;;;0;PCE;113;4;20260610;20260610
VDA4905;ECAR;EDIFACT;ME26052702100325;241;10;0060437618919153;5;20260527;10;CN;0060437618919153;5;9867079780;98446314;;;0;;;;9867079780;;ME M63;;;0;PCE;113;4;20260611;20260611
VDA4905;ECAR;EDIFACT;ME26052702100325;241;10;0060437618919153;5;20260527;10;CN;0060437618919153;5;9867079780;98446314;;;0;;;;9867079780;;ME M63;;;0;PCE;113;4;20260612;20260612
VDA4905;ECAR;EDIFACT;ME26052702100325;241;10;0060437618919153;5;20260527;10;CN;0060437618919153;5;9867079780;98446314;;;0;;;;9867079780;;ME M63;;;0;PCE;113;4;20260615;20260615
VDA4905;ECAR;EDIFACT;ME26052702100325;241;10;0060437618919153;5;20260527;10;CN;0060437618919153;5;9867079780;98446314;;;0;;;;9867079780;;ME M63;;;0;PCE;113;4;20260616;20260616
VDA4905;ECAR;EDIFACT;ME26052702100325;241;10;0060437618919153;5;20260527;10;CN;0060437618919153;5;9867079780;98446314;;;0;;;;9867079780;;ME M63;;;0;PCE;113;4;20260617;20260617
VDA4905;ECAR;EDIFACT;ME26052702100325;241;10;0060437618919153;5;20260527;10;CN;0060437618919153;5;9867079780;98446314;;;0;;;;9867079780;;ME M63;;;0;PCE;113;4;20260618;20260618
VDA4905;ECAR;EDIFACT;ME26052702100325;241;10;0060437618919153;5;20260527;10;CN;0060437618919153;5;9867079780;98446314;;;0;;;;9867079780;;ME M63;;;0;PCE;113;4;20260619;20260619
VDA4905;ECAR;EDIFACT;ME26052702100325;241;10;0060437618919153;5;20260527;10;CN;0060437618919153;5;9867079780;98446314;;;0;;;;9867079780;;ME M63;;;0;PCE;113;4;20260620;20260620
VDA4905;ECAR;EDIFACT;ME26052702100325;241;10;0060437618919153;5;20260527;10;CN;0060437618919153;5;9867079780;98446314;;;0;;;;9867079780;;ME M63;;;0;PCE;113;4;20260621;20260621
VDA4905;ECAR;EDIFACT;ME26052702100325;241;10;0060437618919153;5;20260527;10;CN;0060437618919153;5;9867079780;98446314;;;0;;;;9867079780;;ME M63;;;0;PCE;113;4;20260622;20260628
VDA4905;ECAR;EDIFACT;ME26052702100325;241;10;0060437618919153;5;20260527;10;CN;0060437618919153;5;9867079780;98446314;;;0;;;;9867079780;;ME M63;;;0;PCE;113;4;20260629;20260705
VDA4905;ECAR;EDIFACT;ME26052702100325;241;10;0060437618919153;5;20260527;10;CN;0060437618919153;5;9867079780;98446314;;;0;;;;9867079780;;ME M63;;;0;PCE;113;4;20260706;20260712
VDA4905;ECAR;EDIFACT;ME26052702100325;241;10;0060437618919153;5;20260527;10;CN;0060437618919153;5;9867079780;98446314;;;0;;;;9867079780;;ME M63;;;0;PCE;113;4;20260713;20260719
VDA4905;ECAR;EDIFACT;ME26052702100325;241;10;0060437618919153;5;20260527;10;CN;0060437618919153;5;9867079780;98446314;;;0;;;;9867079780;;ME M63;;;0;PCE;113;4;20260720;20260726
VDA4905;ECAR;EDIFACT;ME26052702100325;241;10;0060437618919153;5;20260527;10;CN;0060437618919153;5;9867079780;98446314;;;0;;;;9867079780;;ME M63;;;0;PCE;113;4;20260817;20260823
VDA4905;ECAR;EDIFACT;ME26052702100325;241;10;0060437618919153;5;20260527;10;CN;0060437618919153;5;9867079780;98446314;;;0;;;;9867079780;;ME M63;;;0;PCE;113;4;20260824;20260830
VDA4905;ECAR;EDIFACT;ME26052702100325;241;10;0060437618919153;5;20260527;10;CN;0060437618919153;5;9867079780;98446314;;;0;;;;9867079780;;ME M63;;;0;PCE;113;4;20260831;20260906
VDA4905;ECAR;EDIFACT;ME26052702100325;241;10;0060437618919153;5;20260527;10;CN;0060437618919153;5;9867079780;98446314;;;0;;;;9867079780;;ME M63;;;0;PCE;113;4;20260907;20260913
VDA4905;ECAR;EDIFACT;ME26052702100325;241;10;0060437618919153;5;20260527;10;CN;0060437618919153;5;9867079780;98446314;;;0;;;;9867079780;;ME M63;;;0;PCE;113;4;20260914;20260920
VDA4905;ECAR;EDIFACT;ME26052702100325;241;10;0060437618919153;5;20260527;10;CN;0060437618919153;5;9867079780;98446314;;;0;;;;9867079780;;ME M63;;;0;PCE;113;4;20260921;20260927
VDA4905;ECAR;EDIFACT;ME26052702100325;241;10;0060437618919153;5;20260527;10;CN;0060437618919153;5;9867079780;98446314;;;0;;;;9867079780;;ME M63;;;0;PCE;113;4;20260928;20261004
VDA4905;ECAR;EDIFACT;ME26052702100325;241;10;0060437618919153;5;20260527;10;CN;0060437618919153;5;9867079780;98446314;;;0;;;;9867079780;;ME M63;;;0;PCE;113;4;20261005;20261011
VDA4905;ECAR;EDIFACT;ME26052702100325;241;10;0060437618919153;5;20260527;10;CN;0060437618919153;5;9867079780;98446314;;;0;;;;9867079780;;ME M63;;;0;PCE;113;4;20261012;20261018
VDA4905;ECAR;EDIFACT;ME26052702100325;241;10;0060437618919153;5;20260527;10;CN;0060437618919153;5;9867079780;98446314;;;0;;;;9867079780;;ME M63;;;0;PCE;113;4;20261019;20261025
VDA4905;ECAR;EDIFACT;ME26052702100325;241;10;0060437618919153;5;20260527;10;CN;0060437618919153;5;9867079780;98446314;;;0;;;;9867079780;;ME M63;;;0;PCE;113;4;20261026;20261101
VDA4905;ECAR;EDIFACT;ME26052702100325;241;10;0060437618919153;5;20260527;10;CN;0060437618919153;5;9867079780;98446314;;;0;;;;9867079780;;ME M63;;;0;PCE;113;4;20261102;20261108
VDA4905;ECAR;EDIFACT;ME26052702100325;241;10;0060437618919153;5;20260527;10;CN;0060437618919153;5;9867079780;98446314;;;0;;;;9867079780;;ME M63;;;0;PCE;113;4;20261109;20261115
VDA4905;ECAR;EDIFACT;ME26052702100325;241;10;0060437618919153;5;20260527;10;CN;0060437618919153;5;9867079780;98446314;;;0;;;;9867079780;;ME M63;;;0;PCE;113;4;20261116;20261122
VDA4905;ECAR;EDIFACT;ME26052702100325;241;10;0060437618919153;5;20260527;10;CN;0060437618919153;5;9867079780;98446314;;;0;;;;9867079780;;ME M63;;;0;PCE;113;4;20261123;20261129
VDA4905;ECAR;EDIFACT;ME26052702100325;241;10;0060437618919153;5;20260527;10;CN;0060437618919153;5;9867079780;98446314;;;0;;;;9867079780;;ME M63;;;0;PCE;113;4;20261130;20261206
VDA4905;ECAR;EDIFACT;ME26052702100325;241;10;0060437618919153;5;20260527;10;CN;0060437618919153;5;9867079780;98446314;;;0;;;;9867079780;;ME M63;;;0;PCE;113;4;20261207;20261213
VDA4905;ECAR;EDIFACT;ME26052702100325;241;10;0060437618919153;5;20260527;10;CN;0060437618919153;5;9867079780;98446314;;;0;;;;9867079780;;ME M63;;;0;PCE;113;4;20261214;20261220
VDA4905;ECAR;EDIFACT;ME26052702100325;241;10;0060437618919153;5;20260527;10;CN;0060437618919153;5;9867079780;98446314;;;0;;;;9867079780;;ME M63;;;0;PCE;113;4;20270104;20270110
VDA4905;ECAR;EDIFACT;ME26052702100325;241;10;0060437618919153;5;20260527;10;CN;0060437618919153;5;9867079780;98446314;;;0;;;;9867079780;;ME M63;;;0;PCE;113;4;20270118;20270124
VDA4905;ECAR;EDIFACT;ME26052702100325;241;10;0060437618919153;5;20260527;10;CN;0060437618919153;5;9867079780;98446314;;;0;;;;9867079780;;ME M63;;;0;PCE;113;4;20270125;20270131
VDA4905;ECAR;EDIFACT;ME26052702100325;241;10;0060437618919153;5;20260527;10;CN;0060437618919153;5;9867079780;98446314;;;0;;;;9867079780;;ME M63;;;0;PCE;113;4;20270201;20270207
VDA4905;ECAR;EDIFACT;ME26052702100325;241;10;0060437618919153;5;20260527;10;CN;0060437618919153;5;9867079780;98446314;;;0;;;;9867079780;;ME M63;;;0;PCE;113;4;20270208;20270214
VDA4905;ECAR;EDIFACT;ME26052702100325;241;10;0060437618919153;5;20260527;10;CN;0060437618919153;5;9867079780;98446314;;;0;;;;9867079780;;ME M63;;;0;PCE;113;4;20270215;20270221
VDA4905;ECAR;EDIFACT;ME26052702100325;241;10;0060437618919153;5;20260527;10;CN;0060437618919153;5;9867079780;98446314;;;0;;;;9867079780;;ME M63;;;0;PCE;113;4;20270222;20270228
VDA4905;ECAR;EDIFACT;ME26052702100325;241;10;0060437618919153;5;20260527;10;CN;0060437618919153;5;9867079780;98446314;;;0;;;;9867079780;;ME M63;;;0;PCE;113;4;20270301;20270307
VDA4905;ECAR;EDIFACT;ME26052702100325;241;10;0060437618919153;5;20260527;10;CN;0060437618919153;5;9867079780;98446314;;;0;;;;9867079780;;ME M63;;;0;PCE;113;4;20270308;20270314
VDA4905;ECAR;EDIFACT;ME26052702100325;241;10;0060437618919153;5;20260527;10;CN;0060437618919153;5;9867079780;98446314;;;0;;;;9867079780;;ME M63;;;0;PCE;113;4;20270315;20270321
VDA4905;ECAR;EDIFACT;ME26052702100325;241;10;0060437618919153;5;20260527;10;CN;0060437618919153;5;9867079780;98446314;;;0;;;;9867079780;;ME M63;;;0;PCE;113;4;20270322;20270328
VDA4905;ECAR;EDIFACT;ME26052702100325;241;10;0060437618919153;5;20260527;10;CN;0060437618919153;5;9867079780;98446314;;;0;;;;9867079780;;ME M63;;;0;PCE;113;4;20270329;20270404
VDA4905;ECAR;EDIFACT;ME26052702100325;241;10;0060437618919153;5;20260527;10;CN;0060437618919153;5;9867079780;98446314;;;0;;;;9867079780;;ME M63;;;0;PCE;113;4;20270405;20270411
VDA4905;ECAR;EDIFACT;ME26052702100325;241;10;0060437618919153;5;20260527;10;CN;0060437618919153;5;9867079780;98446314;;;0;;;;9867079780;;ME M63;;;0;PCE;113;4;20270412;20270418
VDA4905;ECAR;EDIFACT;ME26052702100325;241;10;0060437618919153;5;20260527;10;CN;0060437618919153;5;9867079780;98446314;;;0;;;;9867079780;;ME M63;;;0;PCE;113;4;20270419;20270425
VDA4905;ECAR;EDIFACT;ME26052702100325;241;10;0060437618919153;5;20260527;10;CN;0060437618919153;5;9867079780;98446314;;;0;;;;9867079780;;ME M63;;;0;PCE;113;4;20270426;20270502
VDA4905;ECAR;EDIFACT;ME26052702100325;241;10;0060437618919153;5;20260527;10;CN;0060437618919153;5;9867079980;98446321;;;0;;;;9867079980;;ME M63;;;0;PCE;113;4;20260604;20260604
VDA4905;ECAR;EDIFACT;ME26052702100325;241;10;0060437618919153;5;20260527;10;CN;0060437618919153;5;9867079980;98446321;;;0;;;;9867079980;;ME M63;;;0;PCE;113;4;20260608;20260608
VDA4905;ECAR;EDIFACT;ME26052702100325;241;10;0060437618919153;5;20260527;10;CN;0060437618919153;5;9867079980;98446321;;;0;;;;9867079980;;ME M63;;;0;PCE;113;4;20260610;20260610
VDA4905;ECAR;EDIFACT;ME26052702100325;241;10;0060437618919153;5;20260527;10;CN;0060437618919153;5;9867079980;98446321;;;0;;;;9867079980;;ME M63;;;0;PCE;113;4;20260615;20260615
VDA4905;ECAR;EDIFACT;ME26052702100325;241;10;0060437618919153;5;20260527;10;CN;0060437618919153;5;9867079980;98446321;;;0;;;;9867079980;;ME M63;;;0;PCE;113;4;20260616;20260616
VDA4905;ECAR;EDIFACT;ME26052702100325;241;10;0060437618919153;5;20260527;10;CN;0060437618919153;5;9867079980;98446321;;;0;;;;9867079980;;ME M63;;;0;PCE;113;4;20260617;20260617
VDA4905;ECAR;EDIFACT;ME26052702100325;241;10;0060437618919153;5;20260527;10;CN;0060437618919153;5;9867079980;98446321;;;0;;;;9867079980;;ME M63;;;0;PCE;113;4;20260618;20260618
VDA4905;ECAR;EDIFACT;ME26052702100325;241;10;0060437618919153;5;20260527;10;CN;0060437618919153;5;9867079980;98446321;;;0;;;;9867079980;;ME M63;;;0;PCE;113;4;20260619;20260619
VDA4905;ECAR;EDIFACT;ME26052702100325;241;10;0060437618919153;5;20260527;10;CN;0060437618919153;5;9867079980;98446321;;;0;;;;9867079980;;ME M63;;;0;PCE;113;4;20260620;20260620
VDA4905;ECAR;EDIFACT;ME26052702100325;241;10;0060437618919153;5;20260527;10;CN;0060437618919153;5;9867079980;98446321;;;0;;;;9867079980;;ME M63;;;0;PCE;113;4;20260621;20260621
VDA4905;ECAR;EDIFACT;ME26052702100325;241;10;0060437618919153;5;20260527;10;CN;0060437618919153;5;9867079980;98446321;;;0;;;;9867079980;;ME M63;;;0;PCE;113;4;20260622;20260628
VDA4905;ECAR;EDIFACT;ME26052702100325;241;10;0060437618919153;5;20260527;10;CN;0060437618919153;5;9867079980;98446321;;;0;;;;9867079980;;ME M63;;;0;PCE;113;4;20260629;20260705
VDA4905;ECAR;EDIFACT;ME26052702100325;241;10;0060437618919153;5;20260527;10;CN;0060437618919153;5;9867079980;98446321;;;0;;;;9867079980;;ME M63;;;0;PCE;113;4;20260706;20260712
VDA4905;ECAR;EDIFACT;ME26052702100325;241;10;0060437618919153;5;20260527;10;CN;0060437618919153;5;9867079980;98446321;;;0;;;;9867079980;;ME M63;;;0;PCE;113;4;20260713;20260719
VDA4905;ECAR;EDIFACT;ME26052702100325;241;10;0060437618919153;5;20260527;10;CN;0060437618919153;5;9867079980;98446321;;;0;;;;9867079980;;ME M63;;;0;PCE;113;4;20260720;20260726
VDA4905;ECAR;EDIFACT;ME26052702100325;241;10;0060437618919153;5;20260527;10;CN;0060437618919153;5;9867079980;98446321;;;0;;;;9867079980;;ME M63;;;0;PCE;113;4;20260817;20260823
VDA4905;ECAR;EDIFACT;ME26052702100325;241;10;0060437618919153;5;20260527;10;CN;0060437618919153;5;9867079980;98446321;;;0;;;;9867079980;;ME M63;;;0;PCE;113;4;20260824;20260830
VDA4905;ECAR;EDIFACT;ME26052702100325;241;10;0060437618919153;5;20260527;10;CN;0060437618919153;5;9867079980;98446321;;;0;;;;9867079980;;ME M63;;;0;PCE;113;4;20260831;20260906
VDA4905;ECAR;EDIFACT;ME26052702100325;241;10;0060437618919153;5;20260527;10;CN;0060437618919153;5;9867079980;98446321;;;0;;;;9867079980;;ME M63;;;0;PCE;113;4;20260907;20260913
VDA4905;ECAR;EDIFACT;ME26052702100325;241;10;0060437618919153;5;20260527;10;CN;0060437618919153;5;9867079980;98446321;;;0;;;;9867079980;;ME M63;;;0;PCE;113;4;20260914;20260920
VDA4905;ECAR;EDIFACT;ME26052702100325;241;10;0060437618919153;5;20260527;10;CN;0060437618919153;5;9867079980;98446321;;;0;;;;9867079980;;ME M63;;;0;PCE;113;4;20260921;20260927
VDA4905;ECAR;EDIFACT;ME26052702100325;241;10;0060437618919153;5;20260527;10;CN;0060437618919153;5;9867079980;98446321;;;0;;;;9867079980;;ME M63;;;0;PCE;113;4;20260928;20261004
VDA4905;ECAR;EDIFACT;ME26052702100325;241;10;0060437618919153;5;20260527;10;CN;0060437618919153;5;9867079980;98446321;;;0;;;;9867079980;;ME M63;;;0;PCE;113;4;20261005;20261011
VDA4905;ECAR;EDIFACT;ME26052702100325;241;10;0060437618919153;5;20260527;10;CN;0060437618919153;5;9867079980;98446321;;;0;;;;9867079980;;ME M63;;;0;PCE;113;4;20261012;20261018
VDA4905;ECAR;EDIFACT;ME26052702100325;241;10;0060437618919153;5;20260527;10;CN;0060437618919153;5;9867079980;98446321;;;0;;;;9867079980;;ME M63;;;0;PCE;113;4;20261019;20261025
VDA4905;ECAR;EDIFACT;ME26052702100325;241;10;0060437618919153;5;20260527;10;CN;0060437618919153;5;9867079980;98446321;;;0;;;;9867079980;;ME M63;;;0;PCE;113;4;20261026;20261101
VDA4905;ECAR;EDIFACT;ME26052702100325;241;10;0060437618919153;5;20260527;10;CN;0060437618919153;5;9867079980;98446321;;;0;;;;9867079980;;ME M63;;;0;PCE;113;4;20261102;20261108
VDA4905;ECAR;EDIFACT;ME26052702100325;241;10;0060437618919153;5;20260527;10;CN;0060437618919153;5;9867079980;98446321;;;0;;;;9867079980;;ME M63;;;0;PCE;113;4;20261109;20261115
VDA4905;ECAR;EDIFACT;ME26052702100325;241;10;0060437618919153;5;20260527;10;CN;0060437618919153;5;9867079980;98446321;;;0;;;;9867079980;;ME M63;;;0;PCE;113;4;20261116;20261122
VDA4905;ECAR;EDIFACT;ME26052702100325;241;10;0060437618919153;5;20260527;10;CN;0060437618919153;5;9867079980;98446321;;;0;;;;9867079980;;ME M63;;;0;PCE;113;4;20261123;20261129
VDA4905;ECAR;EDIFACT;ME26052702100325;241;10;0060437618919153;5;20260527;10;CN;0060437618919153;5;9867079980;98446321;;;0;;;;9867079980;;ME M63;;;0;PCE;113;4;20261130;20261206
VDA4905;ECAR;EDIFACT;ME26052702100325;241;10;0060437618919153;5;20260527;10;CN;0060437618919153;5;9867079980;98446321;;;0;;;;9867079980;;ME M63;;;0;PCE;113;4;20261207;20261213
VDA4905;ECAR;EDIFACT;ME26052702100325;241;10;0060437618919153;5;20260527;10;CN;0060437618919153;5;9867079980;98446321;;;0;;;;9867079980;;ME M63;;;0;PCE;113;4;20261214;20261220
VDA4905;ECAR;EDIFACT;ME26052702100325;241;10;0060437618919153;5;20260527;10;CN;0060437618919153;5;9867079980;98446321;;;0;;;;9867079980;;ME M63;;;0;PCE;113;4;20261221;20261227
VDA4905;ECAR;EDIFACT;ME26052702100325;241;10;0060437618919153;5;20260527;10;CN;0060437618919153;5;9867079980;98446321;;;0;;;;9867079980;;ME M63;;;0;PCE;113;4;20261228;20261231
VDA4905;ECAR;EDIFACT;ME26052702100325;241;10;0060437618919153;5;20260527;10;CN;0060437618919153;5;9867079980;98446321;;;0;;;;9867079980;;ME M63;;;0;PCE;113;4;20270101;20270103
VDA4905;ECAR;EDIFACT;ME26052702100325;241;10;0060437618919153;5;20260527;10;CN;0060437618919153;5;9867079980;98446321;;;0;;;;9867079980;;ME M63;;;0;PCE;113;4;20270104;20270110
VDA4905;ECAR;EDIFACT;ME26052702100325;241;10;0060437618919153;5;20260527;10;CN;0060437618919153;5;9867079980;98446321;;;0;;;;9867079980;;ME M63;;;0;PCE;113;4;20270111;20270117
VDA4905;ECAR;EDIFACT;ME26052702100325;241;10;0060437618919153;5;20260527;10;CN;0060437618919153;5;9867079980;98446321;;;0;;;;9867079980;;ME M63;;;0;PCE;113;4;20270118;20270124
VDA4905;ECAR;EDIFACT;ME26052702100325;241;10;0060437618919153;5;20260527;10;CN;0060437618919153;5;9867079980;98446321;;;0;;;;9867079980;;ME M63;;;0;PCE;113;4;20270125;20270131
VDA4905;ECAR;EDIFACT;ME26052702100325;241;10;0060437618919153;5;20260527;10;CN;0060437618919153;5;9867079980;98446321;;;0;;;;9867079980;;ME M63;;;0;PCE;113;4;20270201;20270207
VDA4905;ECAR;EDIFACT;ME26052702100325;241;10;0060437618919153;5;20260527;10;CN;0060437618919153;5;9867079980;98446321;;;0;;;;9867079980;;ME M63;;;0;PCE;113;4;20270208;20270214
VDA4905;ECAR;EDIFACT;ME26052702100325;241;10;0060437618919153;5;20260527;10;CN;0060437618919153;5;9867079980;98446321;;;0;;;;9867079980;;ME M63;;;0;PCE;113;4;20270215;20270221
VDA4905;ECAR;EDIFACT;ME26052702100325;241;10;0060437618919153;5;20260527;10;CN;0060437618919153;5;9867079980;98446321;;;0;;;;9867079980;;ME M63;;;0;PCE;113;4;20270222;20270228
VDA4905;ECAR;EDIFACT;ME26052702100325;241;10;0060437618919153;5;20260527;10;CN;0060437618919153;5;9867079980;98446321;;;0;;;;9867079980;;ME M63;;;0;PCE;113;4;20270301;20270307
VDA4905;ECAR;EDIFACT;ME26052702100325;241;10;0060437618919153;5;20260527;10;CN;0060437618919153;5;9867079980;98446321;;;0;;;;9867079980;;ME M63;;;0;PCE;113;4;20270308;20270314
VDA4905;ECAR;EDIFACT;ME26052702100325;241;10;0060437618919153;5;20260527;10;CN;0060437618919153;5;9867079980;98446321;;;0;;;;9867079980;;ME M63;;;0;PCE;113;4;20270315;20270321
VDA4905;ECAR;EDIFACT;ME26052702100325;241;10;0060437618919153;5;20260527;10;CN;0060437618919153;5;9867079980;98446321;;;0;;;;9867079980;;ME M63;;;0;PCE;113;4;20270322;20270328
VDA4905;ECAR;EDIFACT;ME26052702100325;241;10;0060437618919153;5;20260527;10;CN;0060437618919153;5;9867079980;98446321;;;0;;;;9867079980;;ME M63;;;0;PCE;113;4;20270329;20270404
VDA4905;ECAR;EDIFACT;ME26052702100325;241;10;0060437618919153;5;20260527;10;CN;0060437618919153;5;9867079980;98446321;;;0;;;;9867079980;;ME M63;;;0;PCE;113;4;20270405;20270411
VDA4905;ECAR;EDIFACT;ME26052702100325;241;10;0060437618919153;5;20260527;10;CN;0060437618919153;5;9867079980;98446321;;;0;;;;9867079980;;ME M63;;;0;PCE;113;4;20270412;20270418
VDA4905;ECAR;EDIFACT;ME26052702100325;241;10;0060437618919153;5;20260527;10;CN;0060437618919153;5;9867079980;98446321;;;0;;;;9867079980;;ME M63;;;0;PCE;113;4;20270419;20270425
VDA4905;ECAR;EDIFACT;ME26052702100325;241;10;0060437618919153;5;20260527;10;CN;0060437618919153;5;9867079980;98446321;;;0;;;;9867079980;;ME M63;;;0;PCE;113;4;20270426;20270502
VDA4905;ECAR;EDIFACT;ME26052702100325;241;10;0060437618919153;5;20260527;10;CN;0060437618919153;5;9867080180;98446319;;;0;;;;9867080180;;ME M63;;;0;PCE;113;4;20260603;20260603
VDA4905;ECAR;EDIFACT;ME26052702100325;241;10;0060437618919153;5;20260527;10;CN;0060437618919153;5;9867080180;98446319;;;0;;;;9867080180;;ME M63;;;0;PCE;113;4;20260609;20260609
VDA4905;ECAR;EDIFACT;ME26052702100325;241;10;0060437618919153;5;20260527;10;CN;0060437618919153;5;9867080180;98446319;;;0;;;;9867080180;;ME M63;;;0;PCE;113;4;20260612;20260612
VDA4905;ECAR;EDIFACT;ME26052702100325;241;10;0060437618919153;5;20260527;10;CN;0060437618919153;5;9867080180;98446319;;;0;;;;9867080180;;ME M63;;;0;PCE;113;4;20260615;20260615
VDA4905;ECAR;EDIFACT;ME26052702100325;241;10;0060437618919153;5;20260527;10;CN;0060437618919153;5;9867080180;98446319;;;0;;;;9867080180;;ME M63;;;0;PCE;113;4;20260616;20260616
VDA4905;ECAR;EDIFACT;ME26052702100325;241;10;0060437618919153;5;20260527;10;CN;0060437618919153;5;9867080180;98446319;;;0;;;;9867080180;;ME M63;;;0;PCE;113;4;20260617;20260617
VDA4905;ECAR;EDIFACT;ME26052702100325;241;10;0060437618919153;5;20260527;10;CN;0060437618919153;5;9867080180;98446319;;;0;;;;9867080180;;ME M63;;;0;PCE;113;4;20260618;20260618
VDA4905;ECAR;EDIFACT;ME26052702100325;241;10;0060437618919153;5;20260527;10;CN;0060437618919153;5;9867080180;98446319;;;0;;;;9867080180;;ME M63;;;0;PCE;113;4;20260619;20260619
VDA4905;ECAR;EDIFACT;ME26052702100325;241;10;0060437618919153;5;20260527;10;CN;0060437618919153;5;9867080180;98446319;;;0;;;;9867080180;;ME M63;;;0;PCE;113;4;20260620;20260620
VDA4905;ECAR;EDIFACT;ME26052702100325;241;10;0060437618919153;5;20260527;10;CN;0060437618919153;5;9867080180;98446319;;;0;;;;9867080180;;ME M63;;;0;PCE;113;4;20260621;20260621
VDA4905;ECAR;EDIFACT;ME26052702100325;241;10;0060437618919153;5;20260527;10;CN;0060437618919153;5;9867080180;98446319;;;0;;;;9867080180;;ME M63;;;0;PCE;113;4;20260622;20260628
VDA4905;ECAR;EDIFACT;ME26052702100325;241;10;0060437618919153;5;20260527;10;CN;0060437618919153;5;9867080180;98446319;;;0;;;;9867080180;;ME M63;;;0;PCE;113;4;20260629;20260705
VDA4905;ECAR;EDIFACT;ME26052702100325;241;10;0060437618919153;5;20260527;10;CN;0060437618919153;5;9867080180;98446319;;;0;;;;9867080180;;ME M63;;;0;PCE;113;4;20260706;20260712
VDA4905;ECAR;EDIFACT;ME26052702100325;241;10;0060437618919153;5;20260527;10;CN;0060437618919153;5;9867080180;98446319;;;0;;;;9867080180;;ME M63;;;0;PCE;113;4;20260713;20260719
VDA4905;ECAR;EDIFACT;ME26052702100325;241;10;0060437618919153;5;20260527;10;CN;0060437618919153;5;9867080180;98446319;;;0;;;;9867080180;;ME M63;;;0;PCE;113;4;20260720;20260726
VDA4905;ECAR;EDIFACT;ME26052702100325;241;10;0060437618919153;5;20260527;10;CN;0060437618919153;5;9867080180;98446319;;;0;;;;9867080180;;ME M63;;;0;PCE;113;4;20260817;20260823
VDA4905;ECAR;EDIFACT;ME26052702100325;241;10;0060437618919153;5;20260527;10;CN;0060437618919153;5;9867080180;98446319;;;0;;;;9867080180;;ME M63;;;0;PCE;113;4;20260824;20260830
VDA4905;ECAR;EDIFACT;ME26052702100325;241;10;0060437618919153;5;20260527;10;CN;0060437618919153;5;9867080180;98446319;;;0;;;;9867080180;;ME M63;;;0;PCE;113;4;20260831;20260906
VDA4905;ECAR;EDIFACT;ME26052702100325;241;10;0060437618919153;5;20260527;10;CN;0060437618919153;5;9867080180;98446319;;;0;;;;9867080180;;ME M63;;;0;PCE;113;4;20260907;20260913
VDA4905;ECAR;EDIFACT;ME26052702100325;241;10;0060437618919153;5;20260527;10;CN;0060437618919153;5;9867080180;98446319;;;0;;;;9867080180;;ME M63;;;0;PCE;113;4;20260914;20260920
VDA4905;ECAR;EDIFACT;ME26052702100325;241;10;0060437618919153;5;20260527;10;CN;0060437618919153;5;9867080180;98446319;;;0;;;;9867080180;;ME M63;;;0;PCE;113;4;20260921;20260927
VDA4905;ECAR;EDIFACT;ME26052702100325;241;10;0060437618919153;5;20260527;10;CN;0060437618919153;5;9867080180;98446319;;;0;;;;9867080180;;ME M63;;;0;PCE;113;4;20260928;20261004
VDA4905;ECAR;EDIFACT;ME26052702100325;241;10;0060437618919153;5;20260527;10;CN;0060437618919153;5;9867080180;98446319;;;0;;;;9867080180;;ME M63;;;0;PCE;113;4;20261005;20261011
VDA4905;ECAR;EDIFACT;ME26052702100325;241;10;0060437618919153;5;20260527;10;CN;0060437618919153;5;9867080180;98446319;;;0;;;;9867080180;;ME M63;;;0;PCE;113;4;20261012;20261018
VDA4905;ECAR;EDIFACT;ME26052702100325;241;10;0060437618919153;5;20260527;10;CN;0060437618919153;5;9867080180;98446319;;;0;;;;9867080180;;ME M63;;;0;PCE;113;4;20261019;20261025
VDA4905;ECAR;EDIFACT;ME26052702100325;241;10;0060437618919153;5;20260527;10;CN;0060437618919153;5;9867080180;98446319;;;0;;;;9867080180;;ME M63;;;0;PCE;113;4;20261026;20261101
VDA4905;ECAR;EDIFACT;ME26052702100325;241;10;0060437618919153;5;20260527;10;CN;0060437618919153;5;9867080180;98446319;;;0;;;;9867080180;;ME M63;;;0;PCE;113;4;20261102;20261108
VDA4905;ECAR;EDIFACT;ME26052702100325;241;10;0060437618919153;5;20260527;10;CN;0060437618919153;5;9867080180;98446319;;;0;;;;9867080180;;ME M63;;;0;PCE;113;4;20261109;20261115
VDA4905;ECAR;EDIFACT;ME26052702100325;241;10;0060437618919153;5;20260527;10;CN;0060437618919153;5;9867080180;98446319;;;0;;;;9867080180;;ME M63;;;0;PCE;113;4;20261116;20261122
VDA4905;ECAR;EDIFACT;ME26052702100325;241;10;0060437618919153;5;20260527;10;CN;0060437618919153;5;9867080180;98446319;;;0;;;;9867080180;;ME M63;;;0;PCE;113;4;20261123;20261129
VDA4905;ECAR;EDIFACT;ME26052702100325;241;10;0060437618919153;5;20260527;10;CN;0060437618919153;5;9867080180;98446319;;;0;;;;9867080180;;ME M63;;;0;PCE;113;4;20261130;20261206
VDA4905;ECAR;EDIFACT;ME26052702100325;241;10;0060437618919153;5;20260527;10;CN;0060437618919153;5;9867080180;98446319;;;0;;;;9867080180;;ME M63;;;0;PCE;113;4;20261207;20261213
VDA4905;ECAR;EDIFACT;ME26052702100325;241;10;0060437618919153;5;20260527;10;CN;0060437618919153;5;9867080180;98446319;;;0;;;;9867080180;;ME M63;;;0;PCE;113;4;20261214;20261220
VDA4905;ECAR;EDIFACT;ME26052702100325;241;10;0060437618919153;5;20260527;10;CN;0060437618919153;5;9867080180;98446319;;;0;;;;9867080180;;ME M63;;;0;PCE;113;4;20261221;20261227
VDA4905;ECAR;EDIFACT;ME26052702100325;241;10;0060437618919153;5;20260527;10;CN;0060437618919153;5;9867080180;98446319;;;0;;;;9867080180;;ME M63;;;0;PCE;113;4;20270125;20270131
VDA4905;ECAR;EDIFACT;ME26052702100325;241;10;0060437618919153;5;20260527;10;CN;0060437618919153;5;9867080180;98446319;;;0;;;;9867080180;;ME M63;;;0;PCE;113;4;20270222;20270228
VDA4905;ECAR;EDIFACT;ME26052702100325;241;10;0060437618919153;5;20260527;10;CN;0060437618919153;5;9867080180;98446319;;;0;;;;9867080180;;ME M63;;;0;PCE;113;4;20270315;20270321
VDA4905;ECAR;EDIFACT;ME26052702100325;241;10;0060437618919153;5;20260527;10;CN;0060437618919153;5;9867080180;98446319;;;0;;;;9867080180;;ME M63;;;0;PCE;113;4;20270329;20270404
VDA4905;ECAR;EDIFACT;ME26052702100325;241;10;0060437618919153;5;20260527;10;CN;0060437618919153;5;9867080180;98446319;;;0;;;;9867080180;;ME M63;;;0;PCE;113;4;20270405;20270411
VDA4905;ECAR;EDIFACT;ME26052702100325;241;10;0060437618919153;5;20260527;10;CN;0060437618919153;5;9867080180;98446319;;;0;;;;9867080180;;ME M63;;;0;PCE;113;4;20270412;20270418
VDA4905;ECAR;EDIFACT;ME26052702100325;241;10;0060437618919153;5;20260527;10;CN;0060437618919153;5;9867080180;98446319;;;0;;;;9867080180;;ME M63;;;0;PCE;113;4;20270426;20270502
VDA4905;ECAR;EDIFACT;ME26052702100325;241;10;0060437618919153;5;20260527;10;CN;0060437618919153;5;9867080380;98446325;;;0;;;;9867080380;;ME M63;;;0;PCE;113;4;20260601;20260601
VDA4905;ECAR;EDIFACT;ME26052702100325;241;10;0060437618919153;5;20260527;10;CN;0060437618919153;5;9867080380;98446325;;;0;;;;9867080380;;ME M63;;;0;PCE;113;4;20260603;20260603
VDA4905;ECAR;EDIFACT;ME26052702100325;241;10;0060437618919153;5;20260527;10;CN;0060437618919153;5;9867080380;98446325;;;0;;;;9867080380;;ME M63;;;0;PCE;113;4;20260605;20260605
VDA4905;ECAR;EDIFACT;ME26052702100325;241;10;0060437618919153;5;20260527;10;CN;0060437618919153;5;9867080380;98446325;;;0;;;;9867080380;;ME M63;;;0;PCE;113;4;20260608;20260608
VDA4905;ECAR;EDIFACT;ME26052702100325;241;10;0060437618919153;5;20260527;10;CN;0060437618919153;5;9867080380;98446325;;;0;;;;9867080380;;ME M63;;;0;PCE;113;4;20260610;20260610
VDA4905;ECAR;EDIFACT;ME26052702100325;241;10;0060437618919153;5;20260527;10;CN;0060437618919153;5;9867080380;98446325;;;0;;;;9867080380;;ME M63;;;0;PCE;113;4;20260615;20260615
VDA4905;ECAR;EDIFACT;ME26052702100325;241;10;0060437618919153;5;20260527;10;CN;0060437618919153;5;9867080380;98446325;;;0;;;;9867080380;;ME M63;;;0;PCE;113;4;20260616;20260616
VDA4905;ECAR;EDIFACT;ME26052702100325;241;10;0060437618919153;5;20260527;10;CN;0060437618919153;5;9867080380;98446325;;;0;;;;9867080380;;ME M63;;;0;PCE;113;4;20260617;20260617
VDA4905;ECAR;EDIFACT;ME26052702100325;241;10;0060437618919153;5;20260527;10;CN;0060437618919153;5;9867080380;98446325;;;0;;;;9867080380;;ME M63;;;0;PCE;113;4;20260618;20260618
VDA4905;ECAR;EDIFACT;ME26052702100325;241;10;0060437618919153;5;20260527;10;CN;0060437618919153;5;9867080380;98446325;;;0;;;;9867080380;;ME M63;;;0;PCE;113;4;20260619;20260619
VDA4905;ECAR;EDIFACT;ME26052702100325;241;10;0060437618919153;5;20260527;10;CN;0060437618919153;5;9867080380;98446325;;;0;;;;9867080380;;ME M63;;;0;PCE;113;4;20260620;20260620
VDA4905;ECAR;EDIFACT;ME26052702100325;241;10;0060437618919153;5;20260527;10;CN;0060437618919153;5;9867080380;98446325;;;0;;;;9867080380;;ME M63;;;0;PCE;113;4;20260621;20260621
VDA4905;ECAR;EDIFACT;ME26052702100325;241;10;0060437618919153;5;20260527;10;CN;0060437618919153;5;9867080380;98446325;;;0;;;;9867080380;;ME M63;;;0;PCE;113;4;20260622;20260628
VDA4905;ECAR;EDIFACT;ME26052702100325;241;10;0060437618919153;5;20260527;10;CN;0060437618919153;5;9867080380;98446325;;;0;;;;9867080380;;ME M63;;;0;PCE;113;4;20260629;20260705
VDA4905;ECAR;EDIFACT;ME26052702100325;241;10;0060437618919153;5;20260527;10;CN;0060437618919153;5;9867080380;98446325;;;0;;;;9867080380;;ME M63;;;0;PCE;113;4;20260706;20260712
VDA4905;ECAR;EDIFACT;ME26052702100325;241;10;0060437618919153;5;20260527;10;CN;0060437618919153;5;9867080380;98446325;;;0;;;;9867080380;;ME M63;;;0;PCE;113;4;20260713;20260719
VDA4905;ECAR;EDIFACT;ME26052702100325;241;10;0060437618919153;5;20260527;10;CN;0060437618919153;5;9867080380;98446325;;;0;;;;9867080380;;ME M63;;;0;PCE;113;4;20260720;20260726
VDA4905;ECAR;EDIFACT;ME26052702100325;241;10;0060437618919153;5;20260527;10;CN;0060437618919153;5;9867080380;98446325;;;0;;;;9867080380;;ME M63;;;0;PCE;113;4;20260817;20260823
VDA4905;ECAR;EDIFACT;ME26052702100325;241;10;0060437618919153;5;20260527;10;CN;0060437618919153;5;9867080380;98446325;;;0;;;;9867080380;;ME M63;;;0;PCE;113;4;20260824;20260830
VDA4905;ECAR;EDIFACT;ME26052702100325;241;10;0060437618919153;5;20260527;10;CN;0060437618919153;5;9867080380;98446325;;;0;;;;9867080380;;ME M63;;;0;PCE;113;4;20260831;20260906
VDA4905;ECAR;EDIFACT;ME26052702100325;241;10;0060437618919153;5;20260527;10;CN;0060437618919153;5;9867080380;98446325;;;0;;;;9867080380;;ME M63;;;0;PCE;113;4;20260907;20260913
VDA4905;ECAR;EDIFACT;ME26052702100325;241;10;0060437618919153;5;20260527;10;CN;0060437618919153;5;9867080380;98446325;;;0;;;;9867080380;;ME M63;;;0;PCE;113;4;20260914;20260920
VDA4905;ECAR;EDIFACT;ME26052702100325;241;10;0060437618919153;5;20260527;10;CN;0060437618919153;5;9867080380;98446325;;;0;;;;9867080380;;ME M63;;;0;PCE;113;4;20260921;20260927
VDA4905;ECAR;EDIFACT;ME26052702100325;241;10;0060437618919153;5;20260527;10;CN;0060437618919153;5;9867080380;98446325;;;0;;;;9867080380;;ME M63;;;0;PCE;113;4;20260928;20261004
VDA4905;ECAR;EDIFACT;ME26052702100325;241;10;0060437618919153;5;20260527;10;CN;0060437618919153;5;9867080380;98446325;;;0;;;;9867080380;;ME M63;;;0;PCE;113;4;20261005;20261011
VDA4905;ECAR;EDIFACT;ME26052702100325;241;10;0060437618919153;5;20260527;10;CN;0060437618919153;5;9867080380;98446325;;;0;;;;9867080380;;ME M63;;;0;PCE;113;4;20261012;20261018
VDA4905;ECAR;EDIFACT;ME26052702100325;241;10;0060437618919153;5;20260527;10;CN;0060437618919153;5;9867080380;98446325;;;0;;;;9867080380;;ME M63;;;0;PCE;113;4;20261019;20261025
VDA4905;ECAR;EDIFACT;ME26052702100325;241;10;0060437618919153;5;20260527;10;CN;0060437618919153;5;9867080380;98446325;;;0;;;;9867080380;;ME M63;;;0;PCE;113;4;20261026;20261101
VDA4905;ECAR;EDIFACT;ME26052702100325;241;10;0060437618919153;5;20260527;10;CN;0060437618919153;5;9867080380;98446325;;;0;;;;9867080380;;ME M63;;;0;PCE;113;4;20261102;20261108
VDA4905;ECAR;EDIFACT;ME26052702100325;241;10;0060437618919153;5;20260527;10;CN;0060437618919153;5;9867080380;98446325;;;0;;;;9867080380;;ME M63;;;0;PCE;113;4;20261109;20261115
VDA4905;ECAR;EDIFACT;ME26052702100325;241;10;0060437618919153;5;20260527;10;CN;0060437618919153;5;9867080380;98446325;;;0;;;;9867080380;;ME M63;;;0;PCE;113;4;20261116;20261122
VDA4905;ECAR;EDIFACT;ME26052702100325;241;10;0060437618919153;5;20260527;10;CN;0060437618919153;5;9867080380;98446325;;;0;;;;9867080380;;ME M63;;;0;PCE;113;4;20261123;20261129
VDA4905;ECAR;EDIFACT;ME26052702100325;241;10;0060437618919153;5;20260527;10;CN;0060437618919153;5;9867080380;98446325;;;0;;;;9867080380;;ME M63;;;0;PCE;113;4;20261130;20261206
VDA4905;ECAR;EDIFACT;ME26052702100325;241;10;0060437618919153;5;20260527;10;CN;0060437618919153;5;9867080380;98446325;;;0;;;;9867080380;;ME M63;;;0;PCE;113;4;20261207;20261213
VDA4905;ECAR;EDIFACT;ME26052702100325;241;10;0060437618919153;5;20260527;10;CN;0060437618919153;5;9867080380;98446325;;;0;;;;9867080380;;ME M63;;;0;PCE;113;4;20261214;20261220
VDA4905;ECAR;EDIFACT;ME26052702100325;241;10;0060437618919153;5;20260527;10;CN;0060437618919153;5;9867080380;98446325;;;0;;;;9867080380;;ME M63;;;0;PCE;113;4;20270101;20270103
VDA4905;ECAR;EDIFACT;ME26052702100325;241;10;0060437618919153;5;20260527;10;CN;0060437618919153;5;9867080380;98446325;;;0;;;;9867080380;;ME M63;;;0;PCE;113;4;20270104;20270110
VDA4905;ECAR;EDIFACT;ME26052702100325;241;10;0060437618919153;5;20260527;10;CN;0060437618919153;5;9867080380;98446325;;;0;;;;9867080380;;ME M63;;;0;PCE;113;4;20270111;20270117
VDA4905;ECAR;EDIFACT;ME26052702100325;241;10;0060437618919153;5;20260527;10;CN;0060437618919153;5;9867080380;98446325;;;0;;;;9867080380;;ME M63;;;0;PCE;113;4;20270118;20270124
VDA4905;ECAR;EDIFACT;ME26052702100325;241;10;0060437618919153;5;20260527;10;CN;0060437618919153;5;9867080380;98446325;;;0;;;;9867080380;;ME M63;;;0;PCE;113;4;20270125;20270131
VDA4905;ECAR;EDIFACT;ME26052702100325;241;10;0060437618919153;5;20260527;10;CN;0060437618919153;5;9867080380;98446325;;;0;;;;9867080380;;ME M63;;;0;PCE;113;4;20270201;20270207
VDA4905;ECAR;EDIFACT;ME26052702100325;241;10;0060437618919153;5;20260527;10;CN;0060437618919153;5;9867080380;98446325;;;0;;;;9867080380;;ME M63;;;0;PCE;113;4;20270208;20270214
VDA4905;ECAR;EDIFACT;ME26052702100325;241;10;0060437618919153;5;20260527;10;CN;0060437618919153;5;9867080380;98446325;;;0;;;;9867080380;;ME M63;;;0;PCE;113;4;20270215;20270221
VDA4905;ECAR;EDIFACT;ME26052702100325;241;10;0060437618919153;5;20260527;10;CN;0060437618919153;5;9867080380;98446325;;;0;;;;9867080380;;ME M63;;;0;PCE;113;4;20270222;20270228
VDA4905;ECAR;EDIFACT;ME26052702100325;241;10;0060437618919153;5;20260527;10;CN;0060437618919153;5;9867080380;98446325;;;0;;;;9867080380;;ME M63;;;0;PCE;113;4;20270301;20270307
VDA4905;ECAR;EDIFACT;ME26052702100325;241;10;0060437618919153;5;20260527;10;CN;0060437618919153;5;9867080380;98446325;;;0;;;;9867080380;;ME M63;;;0;PCE;113;4;20270308;20270314
VDA4905;ECAR;EDIFACT;ME26052702100325;241;10;0060437618919153;5;20260527;10;CN;0060437618919153;5;9867080380;98446325;;;0;;;;9867080380;;ME M63;;;0;PCE;113;4;20270315;20270321
VDA4905;ECAR;EDIFACT;ME26052702100325;241;10;0060437618919153;5;20260527;10;CN;0060437618919153;5;9867080380;98446325;;;0;;;;9867080380;;ME M63;;;0;PCE;113;4;20270322;20270328
VDA4905;ECAR;EDIFACT;ME26052702100325;241;10;0060437618919153;5;20260527;10;CN;0060437618919153;5;9867080380;98446325;;;0;;;;9867080380;;ME M63;;;0;PCE;113;4;20270329;20270404
VDA4905;ECAR;EDIFACT;ME26052702100325;241;10;0060437618919153;5;20260527;10;CN;0060437618919153;5;9867080380;98446325;;;0;;;;9867080380;;ME M63;;;0;PCE;113;4;20270405;20270411
VDA4905;ECAR;EDIFACT;ME26052702100325;241;10;0060437618919153;5;20260527;10;CN;0060437618919153;5;9867080380;98446325;;;0;;;;9867080380;;ME M63;;;0;PCE;113;4;20270412;20270418
VDA4905;ECAR;EDIFACT;ME26052702100325;241;10;0060437618919153;5;20260527;10;CN;0060437618919153;5;9867080380;98446325;;;0;;;;9867080380;;ME M63;;;0;PCE;113;4;20270419;20270425
VDA4905;ECAR;EDIFACT;ME26052702100325;241;10;0060437618919153;5;20260527;10;CN;0060437618919153;5;9867080380;98446325;;;0;;;;9867080380;;ME M63;;;0;PCE;113;4;20270426;20270502
VDA4905;ECAR;EDIFACT;ME26052702100325;241;10;0060437618919153;5;20260527;10;CN;0060437618919153;5;9867080580;98446317;;;0;;;;9867080580;;ME M63;;;0;PCE;113;4;20261005;20261011
VDA4905;ECAR;EDIFACT;ME26052702100325;241;10;0060437618919153;5;20260527;10;CN;0060437618919153;5;9867080780;98446323;;;0;;;;9867080780;;ME M63;;;0;PCE;113;4;20260831;20260906
VDA4905;ECAR;EDIFACT;ME26052702100325;241;10;0060437618919153;5;20260527;10;CN;0060437618919153;5;9867080780;98446323;;;0;;;;9867080780;;ME M63;;;0;PCE;113;4;20261026;20261101
VDA4905;ECAR;EDIFACT;ME26052702100325;241;10;0060437618919153;5;20260527;10;CN;0060437618919153;5;9867080780;98446323;;;0;;;;9867080780;;ME M63;;;0;PCE;113;4;20261130;20261206
VDA4905;ECAR;EDIFACT;ME26052702100325;241;10;0060437618919153;5;20260527;10;CN;0060437618919153;5;9867080780;98446323;;;0;;;;9867080780;;ME M63;;;0;PCE;113;4;20270125;20270131
VDA4905;ECAR;EDIFACT;ME26052702100325;241;10;0060437618919153;5;20260527;10;CN;0060437618919153;5;9867080980;98446476;;;0;;;;9867080980;;ME M63;;;0;PCE;113;4;20260602;20260602
VDA4905;ECAR;EDIFACT;ME26052702100325;241;10;0060437618919153;5;20260527;10;CN;0060437618919153;5;9867080980;98446476;;;0;;;;9867080980;;ME M63;;;0;PCE;113;4;20260604;20260604
VDA4905;ECAR;EDIFACT;ME26052702100325;241;10;0060437618919153;5;20260527;10;CN;0060437618919153;5;9867080980;98446476;;;0;;;;9867080980;;ME M63;;;0;PCE;113;4;20260608;20260608
VDA4905;ECAR;EDIFACT;ME26052702100325;241;10;0060437618919153;5;20260527;10;CN;0060437618919153;5;9867080980;98446476;;;0;;;;9867080980;;ME M63;;;0;PCE;113;4;20260610;20260610
VDA4905;ECAR;EDIFACT;ME26052702100325;241;10;0060437618919153;5;20260527;10;CN;0060437618919153;5;9867080980;98446476;;;0;;;;9867080980;;ME M63;;;0;PCE;113;4;20260612;20260612
VDA4905;ECAR;EDIFACT;ME26052702100325;241;10;0060437618919153;5;20260527;10;CN;0060437618919153;5;9867080980;98446476;;;0;;;;9867080980;;ME M63;;;0;PCE;113;4;20260615;20260615
VDA4905;ECAR;EDIFACT;ME26052702100325;241;10;0060437618919153;5;20260527;10;CN;0060437618919153;5;9867080980;98446476;;;0;;;;9867080980;;ME M63;;;0;PCE;113;4;20260616;20260616
VDA4905;ECAR;EDIFACT;ME26052702100325;241;10;0060437618919153;5;20260527;10;CN;0060437618919153;5;9867080980;98446476;;;0;;;;9867080980;;ME M63;;;0;PCE;113;4;20260617;20260617
VDA4905;ECAR;EDIFACT;ME26052702100325;241;10;0060437618919153;5;20260527;10;CN;0060437618919153;5;9867080980;98446476;;;0;;;;9867080980;;ME M63;;;0;PCE;113;4;20260618;20260618
VDA4905;ECAR;EDIFACT;ME26052702100325;241;10;0060437618919153;5;20260527;10;CN;0060437618919153;5;9867080980;98446476;;;0;;;;9867080980;;ME M63;;;0;PCE;113;4;20260619;20260619
VDA4905;ECAR;EDIFACT;ME26052702100325;241;10;0060437618919153;5;20260527;10;CN;0060437618919153;5;9867080980;98446476;;;0;;;;9867080980;;ME M63;;;0;PCE;113;4;20260620;20260620
VDA4905;ECAR;EDIFACT;ME26052702100325;241;10;0060437618919153;5;20260527;10;CN;0060437618919153;5;9867080980;98446476;;;0;;;;9867080980;;ME M63;;;0;PCE;113;4;20260621;20260621
VDA4905;ECAR;EDIFACT;ME26052702100325;241;10;0060437618919153;5;20260527;10;CN;0060437618919153;5;9867080980;98446476;;;0;;;;9867080980;;ME M63;;;0;PCE;113;4;20260622;20260628
VDA4905;ECAR;EDIFACT;ME26052702100325;241;10;0060437618919153;5;20260527;10;CN;0060437618919153;5;9867080980;98446476;;;0;;;;9867080980;;ME M63;;;0;PCE;113;4;20260629;20260705
VDA4905;ECAR;EDIFACT;ME26052702100325;241;10;0060437618919153;5;20260527;10;CN;0060437618919153;5;9867080980;98446476;;;0;;;;9867080980;;ME M63;;;0;PCE;113;4;20260706;20260712
VDA4905;ECAR;EDIFACT;ME26052702100325;241;10;0060437618919153;5;20260527;10;CN;0060437618919153;5;9867080980;98446476;;;0;;;;9867080980;;ME M63;;;0;PCE;113;4;20260713;20260719
VDA4905;ECAR;EDIFACT;ME26052702100325;241;10;0060437618919153;5;20260527;10;CN;0060437618919153;5;9867080980;98446476;;;0;;;;9867080980;;ME M63;;;0;PCE;113;4;20260720;20260726
VDA4905;ECAR;EDIFACT;ME26052702100325;241;10;0060437618919153;5;20260527;10;CN;0060437618919153;5;9867080980;98446476;;;0;;;;9867080980;;ME M63;;;0;PCE;113;4;20260817;20260823
VDA4905;ECAR;EDIFACT;ME26052702100325;241;10;0060437618919153;5;20260527;10;CN;0060437618919153;5;9867080980;98446476;;;0;;;;9867080980;;ME M63;;;0;PCE;113;4;20260824;20260830
VDA4905;ECAR;EDIFACT;ME26052702100325;241;10;0060437618919153;5;20260527;10;CN;0060437618919153;5;9867080980;98446476;;;0;;;;9867080980;;ME M63;;;0;PCE;113;4;20260831;20260906
VDA4905;ECAR;EDIFACT;ME26052702100325;241;10;0060437618919153;5;20260527;10;CN;0060437618919153;5;9867080980;98446476;;;0;;;;9867080980;;ME M63;;;0;PCE;113;4;20260907;20260913
VDA4905;ECAR;EDIFACT;ME26052702100325;241;10;0060437618919153;5;20260527;10;CN;0060437618919153;5;9867080980;98446476;;;0;;;;9867080980;;ME M63;;;0;PCE;113;4;20260914;20260920
VDA4905;ECAR;EDIFACT;ME26052702100325;241;10;0060437618919153;5;20260527;10;CN;0060437618919153;5;9867080980;98446476;;;0;;;;9867080980;;ME M63;;;0;PCE;113;4;20260921;20260927
VDA4905;ECAR;EDIFACT;ME26052702100325;241;10;0060437618919153;5;20260527;10;CN;0060437618919153;5;9867080980;98446476;;;0;;;;9867080980;;ME M63;;;0;PCE;113;4;20260928;20261004
VDA4905;ECAR;EDIFACT;ME26052702100325;241;10;0060437618919153;5;20260527;10;CN;0060437618919153;5;9867080980;98446476;;;0;;;;9867080980;;ME M63;;;0;PCE;113;4;20261005;20261011
VDA4905;ECAR;EDIFACT;ME26052702100325;241;10;0060437618919153;5;20260527;10;CN;0060437618919153;5;9867080980;98446476;;;0;;;;9867080980;;ME M63;;;0;PCE;113;4;20261012;20261018
VDA4905;ECAR;EDIFACT;ME26052702100325;241;10;0060437618919153;5;20260527;10;CN;0060437618919153;5;9867080980;98446476;;;0;;;;9867080980;;ME M63;;;0;PCE;113;4;20261019;20261025
VDA4905;ECAR;EDIFACT;ME26052702100325;241;10;0060437618919153;5;20260527;10;CN;0060437618919153;5;9867080980;98446476;;;0;;;;9867080980;;ME M63;;;0;PCE;113;4;20261026;20261101
VDA4905;ECAR;EDIFACT;ME26052702100325;241;10;0060437618919153;5;20260527;10;CN;0060437618919153;5;9867080980;98446476;;;0;;;;9867080980;;ME M63;;;0;PCE;113;4;20261102;20261108
VDA4905;ECAR;EDIFACT;ME26052702100325;241;10;0060437618919153;5;20260527;10;CN;0060437618919153;5;9867080980;98446476;;;0;;;;9867080980;;ME M63;;;0;PCE;113;4;20261109;20261115
VDA4905;ECAR;EDIFACT;ME26052702100325;241;10;0060437618919153;5;20260527;10;CN;0060437618919153;5;9867080980;98446476;;;0;;;;9867080980;;ME M63;;;0;PCE;113;4;20261116;20261122
VDA4905;ECAR;EDIFACT;ME26052702100325;241;10;0060437618919153;5;20260527;10;CN;0060437618919153;5;9867080980;98446476;;;0;;;;9867080980;;ME M63;;;0;PCE;113;4;20261123;20261129
VDA4905;ECAR;EDIFACT;ME26052702100325;241;10;0060437618919153;5;20260527;10;CN;0060437618919153;5;9867080980;98446476;;;0;;;;9867080980;;ME M63;;;0;PCE;113;4;20261130;20261206
VDA4905;ECAR;EDIFACT;ME26052702100325;241;10;0060437618919153;5;20260527;10;CN;0060437618919153;5;9867080980;98446476;;;0;;;;9867080980;;ME M63;;;0;PCE;113;4;20261207;20261213
VDA4905;ECAR;EDIFACT;ME26052702100325;241;10;0060437618919153;5;20260527;10;CN;0060437618919153;5;9867080980;98446476;;;0;;;;9867080980;;ME M63;;;0;PCE;113;4;20261214;20261220
VDA4905;ECAR;EDIFACT;ME26052702100325;241;10;0060437618919153;5;20260527;10;CN;0060437618919153;5;9867080980;98446476;;;0;;;;9867080980;;ME M63;;;0;PCE;113;4;20261221;20261227
VDA4905;ECAR;EDIFACT;ME26052702100325;241;10;0060437618919153;5;20260527;10;CN;0060437618919153;5;9867080980;98446476;;;0;;;;9867080980;;ME M63;;;0;PCE;113;4;20270101;20270103
VDA4905;ECAR;EDIFACT;ME26052702100325;241;10;0060437618919153;5;20260527;10;CN;0060437618919153;5;9867080980;98446476;;;0;;;;9867080980;;ME M63;;;0;PCE;113;4;20270111;20270117
VDA4905;ECAR;EDIFACT;ME26052702100325;241;10;0060437618919153;5;20260527;10;CN;0060437618919153;5;9867080980;98446476;;;0;;;;9867080980;;ME M63;;;0;PCE;113;4;20270118;20270124
VDA4905;ECAR;EDIFACT;ME26052702100325;241;10;0060437618919153;5;20260527;10;CN;0060437618919153;5;9867080980;98446476;;;0;;;;9867080980;;ME M63;;;0;PCE;113;4;20270125;20270131
VDA4905;ECAR;EDIFACT;ME26052702100325;241;10;0060437618919153;5;20260527;10;CN;0060437618919153;5;9867080980;98446476;;;0;;;;9867080980;;ME M63;;;0;PCE;113;4;20270201;20270207
VDA4905;ECAR;EDIFACT;ME26052702100325;241;10;0060437618919153;5;20260527;10;CN;0060437618919153;5;9867080980;98446476;;;0;;;;9867080980;;ME M63;;;0;PCE;113;4;20270208;20270214
VDA4905;ECAR;EDIFACT;ME26052702100325;241;10;0060437618919153;5;20260527;10;CN;0060437618919153;5;9867080980;98446476;;;0;;;;9867080980;;ME M63;;;0;PCE;113;4;20270215;20270221
VDA4905;ECAR;EDIFACT;ME26052702100325;241;10;0060437618919153;5;20260527;10;CN;0060437618919153;5;9867080980;98446476;;;0;;;;9867080980;;ME M63;;;0;PCE;113;4;20270222;20270228
VDA4905;ECAR;EDIFACT;ME26052702100325;241;10;0060437618919153;5;20260527;10;CN;0060437618919153;5;9867080980;98446476;;;0;;;;9867080980;;ME M63;;;0;PCE;113;4;20270301;20270307
VDA4905;ECAR;EDIFACT;ME26052702100325;241;10;0060437618919153;5;20260527;10;CN;0060437618919153;5;9867080980;98446476;;;0;;;;9867080980;;ME M63;;;0;PCE;113;4;20270308;20270314
VDA4905;ECAR;EDIFACT;ME26052702100325;241;10;0060437618919153;5;20260527;10;CN;0060437618919153;5;9867080980;98446476;;;0;;;;9867080980;;ME M63;;;0;PCE;113;4;20270315;20270321
VDA4905;ECAR;EDIFACT;ME26052702100325;241;10;0060437618919153;5;20260527;10;CN;0060437618919153;5;9867080980;98446476;;;0;;;;9867080980;;ME M63;;;0;PCE;113;4;20270322;20270328
VDA4905;ECAR;EDIFACT;ME26052702100325;241;10;0060437618919153;5;20260527;10;CN;0060437618919153;5;9867080980;98446476;;;0;;;;9867080980;;ME M63;;;0;PCE;113;4;20270329;20270404
VDA4905;ECAR;EDIFACT;ME26052702100325;241;10;0060437618919153;5;20260527;10;CN;0060437618919153;5;9867080980;98446476;;;0;;;;9867080980;;ME M63;;;0;PCE;113;4;20270405;20270411
VDA4905;ECAR;EDIFACT;ME26052702100325;241;10;0060437618919153;5;20260527;10;CN;0060437618919153;5;9867080980;98446476;;;0;;;;9867080980;;ME M63;;;0;PCE;113;4;20270412;20270418
VDA4905;ECAR;EDIFACT;ME26052702100325;241;10;0060437618919153;5;20260527;10;CN;0060437618919153;5;9867080980;98446476;;;0;;;;9867080980;;ME M63;;;0;PCE;113;4;20270419;20270425
VDA4905;ECAR;EDIFACT;ME26052702100325;241;10;0060437618919153;5;20260527;10;CN;0060437618919153;5;9867080980;98446476;;;0;;;;9867080980;;ME M63;;;0;PCE;113;4;20270426;20270502
VDA4905;ECAR;EDIFACT;ME26052702100325;241;10;0060437618919153;5;20260527;10;CN;0060437618919153;5;9867081380;98446445;;;0;;;;9867081380;;ME M63;;;0;PCE;113;4;20260603;20260603
VDA4905;ECAR;EDIFACT;ME26052702100325;241;10;0060437618919153;5;20260527;10;CN;0060437618919153;5;9867081380;98446445;;;0;;;;9867081380;;ME M63;;;0;PCE;113;4;20260605;20260605
VDA4905;ECAR;EDIFACT;ME26052702100325;241;10;0060437618919153;5;20260527;10;CN;0060437618919153;5;9867081380;98446445;;;0;;;;9867081380;;ME M63;;;0;PCE;113;4;20260609;20260609
VDA4905;ECAR;EDIFACT;ME26052702100325;241;10;0060437618919153;5;20260527;10;CN;0060437618919153;5;9867081380;98446445;;;0;;;;9867081380;;ME M63;;;0;PCE;113;4;20260610;20260610
VDA4905;ECAR;EDIFACT;ME26052702100325;241;10;0060437618919153;5;20260527;10;CN;0060437618919153;5;9867081380;98446445;;;0;;;;9867081380;;ME M63;;;0;PCE;113;4;20260611;20260611
VDA4905;ECAR;EDIFACT;ME26052702100325;241;10;0060437618919153;5;20260527;10;CN;0060437618919153;5;9867081380;98446445;;;0;;;;9867081380;;ME M63;;;0;PCE;113;4;20260612;20260612
VDA4905;ECAR;EDIFACT;ME26052702100325;241;10;0060437618919153;5;20260527;10;CN;0060437618919153;5;9867081380;98446445;;;0;;;;9867081380;;ME M63;;;0;PCE;113;4;20260615;20260615
VDA4905;ECAR;EDIFACT;ME26052702100325;241;10;0060437618919153;5;20260527;10;CN;0060437618919153;5;9867081380;98446445;;;0;;;;9867081380;;ME M63;;;0;PCE;113;4;20260616;20260616
VDA4905;ECAR;EDIFACT;ME26052702100325;241;10;0060437618919153;5;20260527;10;CN;0060437618919153;5;9867081380;98446445;;;0;;;;9867081380;;ME M63;;;0;PCE;113;4;20260617;20260617
VDA4905;ECAR;EDIFACT;ME26052702100325;241;10;0060437618919153;5;20260527;10;CN;0060437618919153;5;9867081380;98446445;;;0;;;;9867081380;;ME M63;;;0;PCE;113;4;20260618;20260618
VDA4905;ECAR;EDIFACT;ME26052702100325;241;10;0060437618919153;5;20260527;10;CN;0060437618919153;5;9867081380;98446445;;;0;;;;9867081380;;ME M63;;;0;PCE;113;4;20260619;20260619
VDA4905;ECAR;EDIFACT;ME26052702100325;241;10;0060437618919153;5;20260527;10;CN;0060437618919153;5;9867081380;98446445;;;0;;;;9867081380;;ME M63;;;0;PCE;113;4;20260620;20260620
VDA4905;ECAR;EDIFACT;ME26052702100325;241;10;0060437618919153;5;20260527;10;CN;0060437618919153;5;9867081380;98446445;;;0;;;;9867081380;;ME M63;;;0;PCE;113;4;20260621;20260621
VDA4905;ECAR;EDIFACT;ME26052702100325;241;10;0060437618919153;5;20260527;10;CN;0060437618919153;5;9867081380;98446445;;;0;;;;9867081380;;ME M63;;;0;PCE;113;4;20260622;20260628
VDA4905;ECAR;EDIFACT;ME26052702100325;241;10;0060437618919153;5;20260527;10;CN;0060437618919153;5;9867081380;98446445;;;0;;;;9867081380;;ME M63;;;0;PCE;113;4;20260629;20260705
VDA4905;ECAR;EDIFACT;ME26052702100325;241;10;0060437618919153;5;20260527;10;CN;0060437618919153;5;9867081380;98446445;;;0;;;;9867081380;;ME M63;;;0;PCE;113;4;20260706;20260712
VDA4905;ECAR;EDIFACT;ME26052702100325;241;10;0060437618919153;5;20260527;10;CN;0060437618919153;5;9867081380;98446445;;;0;;;;9867081380;;ME M63;;;0;PCE;113;4;20260713;20260719
VDA4905;ECAR;EDIFACT;ME26052702100325;241;10;0060437618919153;5;20260527;10;CN;0060437618919153;5;9867081380;98446445;;;0;;;;9867081380;;ME M63;;;0;PCE;113;4;20260720;20260726
VDA4905;ECAR;EDIFACT;ME26052702100325;241;10;0060437618919153;5;20260527;10;CN;0060437618919153;5;9867081380;98446445;;;0;;;;9867081380;;ME M63;;;0;PCE;113;4;20260817;20260823
VDA4905;ECAR;EDIFACT;ME26052702100325;241;10;0060437618919153;5;20260527;10;CN;0060437618919153;5;9867081380;98446445;;;0;;;;9867081380;;ME M63;;;0;PCE;113;4;20260824;20260830
VDA4905;ECAR;EDIFACT;ME26052702100325;241;10;0060437618919153;5;20260527;10;CN;0060437618919153;5;9867081380;98446445;;;0;;;;9867081380;;ME M63;;;0;PCE;113;4;20260831;20260906
VDA4905;ECAR;EDIFACT;ME26052702100325;241;10;0060437618919153;5;20260527;10;CN;0060437618919153;5;9867081380;98446445;;;0;;;;9867081380;;ME M63;;;0;PCE;113;4;20260907;20260913
VDA4905;ECAR;EDIFACT;ME26052702100325;241;10;0060437618919153;5;20260527;10;CN;0060437618919153;5;9867081380;98446445;;;0;;;;9867081380;;ME M63;;;0;PCE;113;4;20260914;20260920
VDA4905;ECAR;EDIFACT;ME26052702100325;241;10;0060437618919153;5;20260527;10;CN;0060437618919153;5;9867081380;98446445;;;0;;;;9867081380;;ME M63;;;0;PCE;113;4;20260921;20260927
VDA4905;ECAR;EDIFACT;ME26052702100325;241;10;0060437618919153;5;20260527;10;CN;0060437618919153;5;9867081380;98446445;;;0;;;;9867081380;;ME M63;;;0;PCE;113;4;20260928;20261004
VDA4905;ECAR;EDIFACT;ME26052702100325;241;10;0060437618919153;5;20260527;10;CN;0060437618919153;5;9867081380;98446445;;;0;;;;9867081380;;ME M63;;;0;PCE;113;4;20261005;20261011
VDA4905;ECAR;EDIFACT;ME26052702100325;241;10;0060437618919153;5;20260527;10;CN;0060437618919153;5;9867081380;98446445;;;0;;;;9867081380;;ME M63;;;0;PCE;113;4;20261012;20261018
VDA4905;ECAR;EDIFACT;ME26052702100325;241;10;0060437618919153;5;20260527;10;CN;0060437618919153;5;9867081380;98446445;;;0;;;;9867081380;;ME M63;;;0;PCE;113;4;20261019;20261025
VDA4905;ECAR;EDIFACT;ME26052702100325;241;10;0060437618919153;5;20260527;10;CN;0060437618919153;5;9867081380;98446445;;;0;;;;9867081380;;ME M63;;;0;PCE;113;4;20261026;20261101
VDA4905;ECAR;EDIFACT;ME26052702100325;241;10;0060437618919153;5;20260527;10;CN;0060437618919153;5;9867081380;98446445;;;0;;;;9867081380;;ME M63;;;0;PCE;113;4;20261102;20261108
VDA4905;ECAR;EDIFACT;ME26052702100325;241;10;0060437618919153;5;20260527;10;CN;0060437618919153;5;9867081380;98446445;;;0;;;;9867081380;;ME M63;;;0;PCE;113;4;20261109;20261115
VDA4905;ECAR;EDIFACT;ME26052702100325;241;10;0060437618919153;5;20260527;10;CN;0060437618919153;5;9867081380;98446445;;;0;;;;9867081380;;ME M63;;;0;PCE;113;4;20261116;20261122
VDA4905;ECAR;EDIFACT;ME26052702100325;241;10;0060437618919153;5;20260527;10;CN;0060437618919153;5;9867081380;98446445;;;0;;;;9867081380;;ME M63;;;0;PCE;113;4;20261123;20261129
VDA4905;ECAR;EDIFACT;ME26052702100325;241;10;0060437618919153;5;20260527;10;CN;0060437618919153;5;9867081380;98446445;;;0;;;;9867081380;;ME M63;;;0;PCE;113;4;20261130;20261206
VDA4905;ECAR;EDIFACT;ME26052702100325;241;10;0060437618919153;5;20260527;10;CN;0060437618919153;5;9867081380;98446445;;;0;;;;9867081380;;ME M63;;;0;PCE;113;4;20261207;20261213
VDA4905;ECAR;EDIFACT;ME26052702100325;241;10;0060437618919153;5;20260527;10;CN;0060437618919153;5;9867081380;98446445;;;0;;;;9867081380;;ME M63;;;0;PCE;113;4;20261214;20261220
VDA4905;ECAR;EDIFACT;ME26052702100325;241;10;0060437618919153;5;20260527;10;CN;0060437618919153;5;9867081380;98446445;;;0;;;;9867081380;;ME M63;;;0;PCE;113;4;20270111;20270117
VDA4905;ECAR;EDIFACT;ME26052702100325;241;10;0060437618919153;5;20260527;10;CN;0060437618919153;5;9867081380;98446445;;;0;;;;9867081380;;ME M63;;;0;PCE;113;4;20270125;20270131
VDA4905;ECAR;EDIFACT;ME26052702100325;241;10;0060437618919153;5;20260527;10;CN;0060437618919153;5;9867081380;98446445;;;0;;;;9867081380;;ME M63;;;0;PCE;113;4;20270201;20270207
VDA4905;ECAR;EDIFACT;ME26052702100325;241;10;0060437618919153;5;20260527;10;CN;0060437618919153;5;9867081380;98446445;;;0;;;;9867081380;;ME M63;;;0;PCE;113;4;20270208;20270214
VDA4905;ECAR;EDIFACT;ME26052702100325;241;10;0060437618919153;5;20260527;10;CN;0060437618919153;5;9867081380;98446445;;;0;;;;9867081380;;ME M63;;;0;PCE;113;4;20270215;20270221
VDA4905;ECAR;EDIFACT;ME26052702100325;241;10;0060437618919153;5;20260527;10;CN;0060437618919153;5;9867081380;98446445;;;0;;;;9867081380;;ME M63;;;0;PCE;113;4;20270222;20270228
VDA4905;ECAR;EDIFACT;ME26052702100325;241;10;0060437618919153;5;20260527;10;CN;0060437618919153;5;9867081380;98446445;;;0;;;;9867081380;;ME M63;;;0;PCE;113;4;20270301;20270307
VDA4905;ECAR;EDIFACT;ME26052702100325;241;10;0060437618919153;5;20260527;10;CN;0060437618919153;5;9867081380;98446445;;;0;;;;9867081380;;ME M63;;;0;PCE;113;4;20270308;20270314
VDA4905;ECAR;EDIFACT;ME26052702100325;241;10;0060437618919153;5;20260527;10;CN;0060437618919153;5;9867081380;98446445;;;0;;;;9867081380;;ME M63;;;0;PCE;113;4;20270315;20270321
VDA4905;ECAR;EDIFACT;ME26052702100325;241;10;0060437618919153;5;20260527;10;CN;0060437618919153;5;9867081380;98446445;;;0;;;;9867081380;;ME M63;;;0;PCE;113;4;20270322;20270328
VDA4905;ECAR;EDIFACT;ME26052702100325;241;10;0060437618919153;5;20260527;10;CN;0060437618919153;5;9867081380;98446445;;;0;;;;9867081380;;ME M63;;;0;PCE;113;4;20270329;20270404
VDA4905;ECAR;EDIFACT;ME26052702100325;241;10;0060437618919153;5;20260527;10;CN;0060437618919153;5;9867081380;98446445;;;0;;;;9867081380;;ME M63;;;0;PCE;113;4;20270405;20270411
VDA4905;ECAR;EDIFACT;ME26052702100325;241;10;0060437618919153;5;20260527;10;CN;0060437618919153;5;9867081380;98446445;;;0;;;;9867081380;;ME M63;;;0;PCE;113;4;20270412;20270418
VDA4905;ECAR;EDIFACT;ME26052702100325;241;10;0060437618919153;5;20260527;10;CN;0060437618919153;5;9867081380;98446445;;;0;;;;9867081380;;ME M63;;;0;PCE;113;4;20270419;20270425
VDA4905;ECAR;EDIFACT;ME26052702100325;241;10;0060437618919153;5;20260527;10;CN;0060437618919153;5;9867081380;98446445;;;0;;;;9867081380;;ME M63;;;0;PCE;113;4;20270426;20270502
VDA4905;ECAR;EDIFACT;ME26052702100325;241;10;0060437618919153;5;20260527;10;CN;0060437618919153;5;9867081980;98446446;;;0;;;;9867081980;;ME M63;;;0;PCE;113;4;20260615;20260615
VDA4905;ECAR;EDIFACT;ME26052702100325;241;10;0060437618919153;5;20260527;10;CN;0060437618919153;5;9867081980;98446446;;;0;;;;9867081980;;ME M63;;;0;PCE;113;4;20260616;20260616
VDA4905;ECAR;EDIFACT;ME26052702100325;241;10;0060437618919153;5;20260527;10;CN;0060437618919153;5;9867081980;98446446;;;0;;;;9867081980;;ME M63;;;0;PCE;113;4;20260617;20260617
VDA4905;ECAR;EDIFACT;ME26052702100325;241;10;0060437618919153;5;20260527;10;CN;0060437618919153;5;9867081980;98446446;;;0;;;;9867081980;;ME M63;;;0;PCE;113;4;20260618;20260618
VDA4905;ECAR;EDIFACT;ME26052702100325;241;10;0060437618919153;5;20260527;10;CN;0060437618919153;5;9867081980;98446446;;;0;;;;9867081980;;ME M63;;;0;PCE;113;4;20260619;20260619
VDA4905;ECAR;EDIFACT;ME26052702100325;241;10;0060437618919153;5;20260527;10;CN;0060437618919153;5;9867081980;98446446;;;0;;;;9867081980;;ME M63;;;0;PCE;113;4;20260620;20260620
VDA4905;ECAR;EDIFACT;ME26052702100325;241;10;0060437618919153;5;20260527;10;CN;0060437618919153;5;9867081980;98446446;;;0;;;;9867081980;;ME M63;;;0;PCE;113;4;20260621;20260621
VDA4905;ECAR;EDIFACT;ME26052702100325;241;10;0060437618919153;5;20260527;10;CN;0060437618919153;5;9867081980;98446446;;;0;;;;9867081980;;ME M63;;;0;PCE;113;4;20260706;20260712
VDA4905;ECAR;EDIFACT;ME26052702100325;241;10;0060437618919153;5;20260527;10;CN;0060437618919153;5;9867081980;98446446;;;0;;;;9867081980;;ME M63;;;0;PCE;113;4;20260720;20260726
VDA4905;ECAR;EDIFACT;ME26052702100325;241;10;0060437618919153;5;20260527;10;CN;0060437618919153;5;9867081980;98446446;;;0;;;;9867081980;;ME M63;;;0;PCE;113;4;20260831;20260906
VDA4905;ECAR;EDIFACT;ME26052702100325;241;10;0060437618919153;5;20260527;10;CN;0060437618919153;5;9867081980;98446446;;;0;;;;9867081980;;ME M63;;;0;PCE;113;4;20260921;20260927
VDA4905;ECAR;EDIFACT;ME26052702100325;241;10;0060437618919153;5;20260527;10;CN;0060437618919153;5;9867081980;98446446;;;0;;;;9867081980;;ME M63;;;0;PCE;113;4;20261012;20261018
VDA4905;ECAR;EDIFACT;ME26052702100325;241;10;0060437618919153;5;20260527;10;CN;0060437618919153;5;9867081980;98446446;;;0;;;;9867081980;;ME M63;;;0;PCE;113;4;20261102;20261108
VDA4905;ECAR;EDIFACT;ME26052702100325;241;10;0060437618919153;5;20260527;10;CN;0060437618919153;5;9867081980;98446446;;;0;;;;9867081980;;ME M63;;;0;PCE;113;4;20261116;20261122
VDA4905;ECAR;EDIFACT;ME26052702100325;241;10;0060437618919153;5;20260527;10;CN;0060437618919153;5;9867081980;98446446;;;0;;;;9867081980;;ME M63;;;0;PCE;113;4;20261130;20261206
VDA4905;ECAR;EDIFACT;ME26052702100325;241;10;0060437618919153;5;20260527;10;CN;0060437618919153;5;9867081980;98446446;;;0;;;;9867081980;;ME M63;;;0;PCE;113;4;20270111;20270117
VDA4905;ECAR;EDIFACT;ME26052702100325;241;10;0060437618919153;5;20260527;10;CN;0060437618919153;5;9867081980;98446446;;;0;;;;9867081980;;ME M63;;;0;PCE;113;4;20270419;20270425
VDA4905;ECAR;EDIFACT;ME26052702100325;241;10;0060437618919153;5;20260527;10;CN;0060437618919153;5;9867084380;98448068;;;0;;;;9867084380;;ME M63;;;0;PCE;113;4;20260605;20260605
VDA4905;ECAR;EDIFACT;ME26052702100325;241;10;0060437618919153;5;20260527;10;CN;0060437618919153;5;9867084380;98448068;;;0;;;;9867084380;;ME M63;;;0;PCE;113;4;20260611;20260611
VDA4905;ECAR;EDIFACT;ME26052702100325;241;10;0060437618919153;5;20260527;10;CN;0060437618919153;5;9867084380;98448068;;;0;;;;9867084380;;ME M63;;;0;PCE;113;4;20260612;20260612
VDA4905;ECAR;EDIFACT;ME26052702100325;241;10;0060437618919153;5;20260527;10;CN;0060437618919153;5;9867084380;98448068;;;0;;;;9867084380;;ME M63;;;0;PCE;113;4;20260615;20260615
VDA4905;ECAR;EDIFACT;ME26052702100325;241;10;0060437618919153;5;20260527;10;CN;0060437618919153;5;9867084380;98448068;;;0;;;;9867084380;;ME M63;;;0;PCE;113;4;20260616;20260616
VDA4905;ECAR;EDIFACT;ME26052702100325;241;10;0060437618919153;5;20260527;10;CN;0060437618919153;5;9867084380;98448068;;;0;;;;9867084380;;ME M63;;;0;PCE;113;4;20260617;20260617
VDA4905;ECAR;EDIFACT;ME26052702100325;241;10;0060437618919153;5;20260527;10;CN;0060437618919153;5;9867084380;98448068;;;0;;;;9867084380;;ME M63;;;0;PCE;113;4;20260618;20260618
VDA4905;ECAR;EDIFACT;ME26052702100325;241;10;0060437618919153;5;20260527;10;CN;0060437618919153;5;9867084380;98448068;;;0;;;;9867084380;;ME M63;;;0;PCE;113;4;20260619;20260619
VDA4905;ECAR;EDIFACT;ME26052702100325;241;10;0060437618919153;5;20260527;10;CN;0060437618919153;5;9867084380;98448068;;;0;;;;9867084380;;ME M63;;;0;PCE;113;4;20260620;20260620
VDA4905;ECAR;EDIFACT;ME26052702100325;241;10;0060437618919153;5;20260527;10;CN;0060437618919153;5;9867084380;98448068;;;0;;;;9867084380;;ME M63;;;0;PCE;113;4;20260621;20260621
VDA4905;ECAR;EDIFACT;ME26052702100325;241;10;0060437618919153;5;20260527;10;CN;0060437618919153;5;9867084380;98448068;;;0;;;;9867084380;;ME M63;;;0;PCE;113;4;20260622;20260628
VDA4905;ECAR;EDIFACT;ME26052702100325;241;10;0060437618919153;5;20260527;10;CN;0060437618919153;5;9867084380;98448068;;;0;;;;9867084380;;ME M63;;;0;PCE;113;4;20260629;20260705
VDA4905;ECAR;EDIFACT;ME26052702100325;241;10;0060437618919153;5;20260527;10;CN;0060437618919153;5;9867084380;98448068;;;0;;;;9867084380;;ME M63;;;0;PCE;113;4;20260706;20260712
VDA4905;ECAR;EDIFACT;ME26052702100325;241;10;0060437618919153;5;20260527;10;CN;0060437618919153;5;9867084380;98448068;;;0;;;;9867084380;;ME M63;;;0;PCE;113;4;20260713;20260719
VDA4905;ECAR;EDIFACT;ME26052702100325;241;10;0060437618919153;5;20260527;10;CN;0060437618919153;5;9867084380;98448068;;;0;;;;9867084380;;ME M63;;;0;PCE;113;4;20260720;20260726
VDA4905;ECAR;EDIFACT;ME26052702100325;241;10;0060437618919153;5;20260527;10;CN;0060437618919153;5;9867084380;98448068;;;0;;;;9867084380;;ME M63;;;0;PCE;113;4;20260817;20260823
VDA4905;ECAR;EDIFACT;ME26052702100325;241;10;0060437618919153;5;20260527;10;CN;0060437618919153;5;9867084380;98448068;;;0;;;;9867084380;;ME M63;;;0;PCE;113;4;20260824;20260830
VDA4905;ECAR;EDIFACT;ME26052702100325;241;10;0060437618919153;5;20260527;10;CN;0060437618919153;5;9867084380;98448068;;;0;;;;9867084380;;ME M63;;;0;PCE;113;4;20260907;20260913
VDA4905;ECAR;EDIFACT;ME26052702100325;241;10;0060437618919153;5;20260527;10;CN;0060437618919153;5;9867084380;98448068;;;0;;;;9867084380;;ME M63;;;0;PCE;113;4;20260914;20260920
VDA4905;ECAR;EDIFACT;ME26052702100325;241;10;0060437618919153;5;20260527;10;CN;0060437618919153;5;9867084380;98448068;;;0;;;;9867084380;;ME M63;;;0;PCE;113;4;20260921;20260927
VDA4905;ECAR;EDIFACT;ME26052702100325;241;10;0060437618919153;5;20260527;10;CN;0060437618919153;5;9867084380;98448068;;;0;;;;9867084380;;ME M63;;;0;PCE;113;4;20260928;20261004
VDA4905;ECAR;EDIFACT;ME26052702100325;241;10;0060437618919153;5;20260527;10;CN;0060437618919153;5;9867084380;98448068;;;0;;;;9867084380;;ME M63;;;0;PCE;113;4;20261005;20261011
VDA4905;ECAR;EDIFACT;ME26052702100325;241;10;0060437618919153;5;20260527;10;CN;0060437618919153;5;9867084380;98448068;;;0;;;;9867084380;;ME M63;;;0;PCE;113;4;20261012;20261018
VDA4905;ECAR;EDIFACT;ME26052702100325;241;10;0060437618919153;5;20260527;10;CN;0060437618919153;5;9867084380;98448068;;;0;;;;9867084380;;ME M63;;;0;PCE;113;4;20261026;20261101
VDA4905;ECAR;EDIFACT;ME26052702100325;241;10;0060437618919153;5;20260527;10;CN;0060437618919153;5;9867084380;98448068;;;0;;;;9867084380;;ME M63;;;0;PCE;113;4;20261102;20261108
VDA4905;ECAR;EDIFACT;ME26052702100325;241;10;0060437618919153;5;20260527;10;CN;0060437618919153;5;9867084380;98448068;;;0;;;;9867084380;;ME M63;;;0;PCE;113;4;20261109;20261115
VDA4905;ECAR;EDIFACT;ME26052702100325;241;10;0060437618919153;5;20260527;10;CN;0060437618919153;5;9867084380;98448068;;;0;;;;9867084380;;ME M63;;;0;PCE;113;4;20261116;20261122
VDA4905;ECAR;EDIFACT;ME26052702100325;241;10;0060437618919153;5;20260527;10;CN;0060437618919153;5;9867084380;98448068;;;0;;;;9867084380;;ME M63;;;0;PCE;113;4;20261123;20261129
VDA4905;ECAR;EDIFACT;ME26052702100325;241;10;0060437618919153;5;20260527;10;CN;0060437618919153;5;9867084380;98448068;;;0;;;;9867084380;;ME M63;;;0;PCE;113;4;20261130;20261206
VDA4905;ECAR;EDIFACT;ME26052702100325;241;10;0060437618919153;5;20260527;10;CN;0060437618919153;5;9867084380;98448068;;;0;;;;9867084380;;ME M63;;;0;PCE;113;4;20261207;20261213
VDA4905;ECAR;EDIFACT;ME26052702100325;241;10;0060437618919153;5;20260527;10;CN;0060437618919153;5;9867084380;98448068;;;0;;;;9867084380;;ME M63;;;0;PCE;113;4;20261214;20261220
VDA4905;ECAR;EDIFACT;ME26052702100325;241;10;0060437618919153;5;20260527;10;CN;0060437618919153;5;9867084380;98448068;;;0;;;;9867084380;;ME M63;;;0;PCE;113;4;20270125;20270131
VDA4905;ECAR;EDIFACT;ME26052702100325;241;10;0060437618919153;5;20260527;10;CN;0060437618919153;5;9867084380;98448068;;;0;;;;9867084380;;ME M63;;;0;PCE;113;4;20270222;20270228
VDA4905;ECAR;EDIFACT;ME26052702100325;241;10;0060437618919153;5;20260527;10;CN;0060437618919153;5;9867084380;98448068;;;0;;;;9867084380;;ME M63;;;0;PCE;113;4;20270315;20270321
VDA4905;ECAR;EDIFACT;ME26052702100325;241;10;0060437618919153;5;20260527;10;CN;0060437618919153;5;9867084380;98448068;;;0;;;;9867084380;;ME M63;;;0;PCE;113;4;20270329;20270404
VDA4905;ECAR;EDIFACT;ME26052702100325;241;10;0060437618919153;5;20260527;10;CN;0060437618919153;5;9867084380;98448068;;;0;;;;9867084380;;ME M63;;;0;PCE;113;4;20270405;20270411
VDA4905;ECAR;EDIFACT;ME26052702100325;241;10;0060437618919153;5;20260527;10;CN;0060437618919153;5;9867084380;98448068;;;0;;;;9867084380;;ME M63;;;0;PCE;113;4;20270412;20270418
VDA4905;ECAR;EDIFACT;ME26052702100325;241;10;0060437618919153;5;20260527;10;CN;0060437618919153;5;9867084380;98448068;;;0;;;;9867084380;;ME M63;;;0;PCE;113;4;20270426;20270502
VDA4905;ECAR;EDIFACT;ME26052702100325;241;10;0060437618919153;5;20260527;10;CN;0060437618919153;5;9867084780;98448070;;;0;;;;9867084780;;ME M63;;;0;PCE;113;4;20260824;20260830
VDA4905;ECAR;EDIFACT;ME26052702100325;241;10;0060437618919153;5;20260527;10;CN;0060437618919153;5;9867088380;98448087;;;0;;;;9867088380;;ME M63;;;0;PCE;113;4;20260603;20260603
VDA4905;ECAR;EDIFACT;ME26052702100325;241;10;0060437618919153;5;20260527;10;CN;0060437618919153;5;9867088380;98448087;;;0;;;;9867088380;;ME M63;;;0;PCE;113;4;20260605;20260605
VDA4905;ECAR;EDIFACT;ME26052702100325;241;10;0060437618919153;5;20260527;10;CN;0060437618919153;5;9867088380;98448087;;;0;;;;9867088380;;ME M63;;;0;PCE;113;4;20260609;20260609
VDA4905;ECAR;EDIFACT;ME26052702100325;241;10;0060437618919153;5;20260527;10;CN;0060437618919153;5;9867088380;98448087;;;0;;;;9867088380;;ME M63;;;0;PCE;113;4;20260615;20260615
VDA4905;ECAR;EDIFACT;ME26052702100325;241;10;0060437618919153;5;20260527;10;CN;0060437618919153;5;9867088380;98448087;;;0;;;;9867088380;;ME M63;;;0;PCE;113;4;20260616;20260616
VDA4905;ECAR;EDIFACT;ME26052702100325;241;10;0060437618919153;5;20260527;10;CN;0060437618919153;5;9867088380;98448087;;;0;;;;9867088380;;ME M63;;;0;PCE;113;4;20260617;20260617
VDA4905;ECAR;EDIFACT;ME26052702100325;241;10;0060437618919153;5;20260527;10;CN;0060437618919153;5;9867088380;98448087;;;0;;;;9867088380;;ME M63;;;0;PCE;113;4;20260618;20260618
VDA4905;ECAR;EDIFACT;ME26052702100325;241;10;0060437618919153;5;20260527;10;CN;0060437618919153;5;9867088380;98448087;;;0;;;;9867088380;;ME M63;;;0;PCE;113;4;20260619;20260619
VDA4905;ECAR;EDIFACT;ME26052702100325;241;10;0060437618919153;5;20260527;10;CN;0060437618919153;5;9867088380;98448087;;;0;;;;9867088380;;ME M63;;;0;PCE;113;4;20260620;20260620
VDA4905;ECAR;EDIFACT;ME26052702100325;241;10;0060437618919153;5;20260527;10;CN;0060437618919153;5;9867088380;98448087;;;0;;;;9867088380;;ME M63;;;0;PCE;113;4;20260621;20260621
VDA4905;ECAR;EDIFACT;ME26052702100325;241;10;0060437618919153;5;20260527;10;CN;0060437618919153;5;9867088380;98448087;;;0;;;;9867088380;;ME M63;;;0;PCE;113;4;20260622;20260628
VDA4905;ECAR;EDIFACT;ME26052702100325;241;10;0060437618919153;5;20260527;10;CN;0060437618919153;5;9867088380;98448087;;;0;;;;9867088380;;ME M63;;;0;PCE;113;4;20260629;20260705
VDA4905;ECAR;EDIFACT;ME26052702100325;241;10;0060437618919153;5;20260527;10;CN;0060437618919153;5;9867088380;98448087;;;0;;;;9867088380;;ME M63;;;0;PCE;113;4;20260706;20260712
VDA4905;ECAR;EDIFACT;ME26052702100325;241;10;0060437618919153;5;20260527;10;CN;0060437618919153;5;9867088380;98448087;;;0;;;;9867088380;;ME M63;;;0;PCE;113;4;20260713;20260719
VDA4905;ECAR;EDIFACT;ME26052702100325;241;10;0060437618919153;5;20260527;10;CN;0060437618919153;5;9867088380;98448087;;;0;;;;9867088380;;ME M63;;;0;PCE;113;4;20260720;20260726
VDA4905;ECAR;EDIFACT;ME26052702100325;241;10;0060437618919153;5;20260527;10;CN;0060437618919153;5;9867088380;98448087;;;0;;;;9867088380;;ME M63;;;0;PCE;113;4;20260817;20260823
VDA4905;ECAR;EDIFACT;ME26052702100325;241;10;0060437618919153;5;20260527;10;CN;0060437618919153;5;9867088380;98448087;;;0;;;;9867088380;;ME M63;;;0;PCE;113;4;20260824;20260830
VDA4905;ECAR;EDIFACT;ME26052702100325;241;10;0060437618919153;5;20260527;10;CN;0060437618919153;5;9867088380;98448087;;;0;;;;9867088380;;ME M63;;;0;PCE;113;4;20260831;20260906
VDA4905;ECAR;EDIFACT;ME26052702100325;241;10;0060437618919153;5;20260527;10;CN;0060437618919153;5;9867088380;98448087;;;0;;;;9867088380;;ME M63;;;0;PCE;113;4;20260907;20260913
VDA4905;ECAR;EDIFACT;ME26052702100325;241;10;0060437618919153;5;20260527;10;CN;0060437618919153;5;9867088380;98448087;;;0;;;;9867088380;;ME M63;;;0;PCE;113;4;20260914;20260920
VDA4905;ECAR;EDIFACT;ME26052702100325;241;10;0060437618919153;5;20260527;10;CN;0060437618919153;5;9867088380;98448087;;;0;;;;9867088380;;ME M63;;;0;PCE;113;4;20260921;20260927
VDA4905;ECAR;EDIFACT;ME26052702100325;241;10;0060437618919153;5;20260527;10;CN;0060437618919153;5;9867088380;98448087;;;0;;;;9867088380;;ME M63;;;0;PCE;113;4;20260928;20261004
VDA4905;ECAR;EDIFACT;ME26052702100325;241;10;0060437618919153;5;20260527;10;CN;0060437618919153;5;9867088380;98448087;;;0;;;;9867088380;;ME M63;;;0;PCE;113;4;20261005;20261011
VDA4905;ECAR;EDIFACT;ME26052702100325;241;10;0060437618919153;5;20260527;10;CN;0060437618919153;5;9867088380;98448087;;;0;;;;9867088380;;ME M63;;;0;PCE;113;4;20261012;20261018
VDA4905;ECAR;EDIFACT;ME26052702100325;241;10;0060437618919153;5;20260527;10;CN;0060437618919153;5;9867088380;98448087;;;0;;;;9867088380;;ME M63;;;0;PCE;113;4;20261019;20261025
VDA4905;ECAR;EDIFACT;ME26052702100325;241;10;0060437618919153;5;20260527;10;CN;0060437618919153;5;9867088380;98448087;;;0;;;;9867088380;;ME M63;;;0;PCE;113;4;20261026;20261101
VDA4905;ECAR;EDIFACT;ME26052702100325;241;10;0060437618919153;5;20260527;10;CN;0060437618919153;5;9867088380;98448087;;;0;;;;9867088380;;ME M63;;;0;PCE;113;4;20261102;20261108
VDA4905;ECAR;EDIFACT;ME26052702100325;241;10;0060437618919153;5;20260527;10;CN;0060437618919153;5;9867088380;98448087;;;0;;;;9867088380;;ME M63;;;0;PCE;113;4;20261109;20261115
VDA4905;ECAR;EDIFACT;ME26052702100325;241;10;0060437618919153;5;20260527;10;CN;0060437618919153;5;9867088380;98448087;;;0;;;;9867088380;;ME M63;;;0;PCE;113;4;20261116;20261122
VDA4905;ECAR;EDIFACT;ME26052702100325;241;10;0060437618919153;5;20260527;10;CN;0060437618919153;5;9867088380;98448087;;;0;;;;9867088380;;ME M63;;;0;PCE;113;4;20261123;20261129
VDA4905;ECAR;EDIFACT;ME26052702100325;241;10;0060437618919153;5;20260527;10;CN;0060437618919153;5;9867088380;98448087;;;0;;;;9867088380;;ME M63;;;0;PCE;113;4;20261130;20261206
VDA4905;ECAR;EDIFACT;ME26052702100325;241;10;0060437618919153;5;20260527;10;CN;0060437618919153;5;9867088380;98448087;;;0;;;;9867088380;;ME M63;;;0;PCE;113;4;20261207;20261213
VDA4905;ECAR;EDIFACT;ME26052702100325;241;10;0060437618919153;5;20260527;10;CN;0060437618919153;5;9867088380;98448087;;;0;;;;9867088380;;ME M63;;;0;PCE;113;4;20261214;20261220
VDA4905;ECAR;EDIFACT;ME26052702100325;241;10;0060437618919153;5;20260527;10;CN;0060437618919153;5;9867088380;98448087;;;0;;;;9867088380;;ME M63;;;0;PCE;113;4;20261221;20261227
VDA4905;ECAR;EDIFACT;ME26052702100325;241;10;0060437618919153;5;20260527;10;CN;0060437618919153;5;9867088380;98448087;;;0;;;;9867088380;;ME M63;;;0;PCE;113;4;20270101;20270103
VDA4905;ECAR;EDIFACT;ME26052702100325;241;10;0060437618919153;5;20260527;10;CN;0060437618919153;5;9867088380;98448087;;;0;;;;9867088380;;ME M63;;;0;PCE;113;4;20270104;20270110
VDA4905;ECAR;EDIFACT;ME26052702100325;241;10;0060437618919153;5;20260527;10;CN;0060437618919153;5;9867088380;98448087;;;0;;;;9867088380;;ME M63;;;0;PCE;113;4;20270111;20270117
VDA4905;ECAR;EDIFACT;ME26052702100325;241;10;0060437618919153;5;20260527;10;CN;0060437618919153;5;9867088380;98448087;;;0;;;;9867088380;;ME M63;;;0;PCE;113;4;20270118;20270124
VDA4905;ECAR;EDIFACT;ME26052702100325;241;10;0060437618919153;5;20260527;10;CN;0060437618919153;5;9867088380;98448087;;;0;;;;9867088380;;ME M63;;;0;PCE;113;4;20270125;20270131
VDA4905;ECAR;EDIFACT;ME26052702100325;241;10;0060437618919153;5;20260527;10;CN;0060437618919153;5;9867088380;98448087;;;0;;;;9867088380;;ME M63;;;0;PCE;113;4;20270201;20270207
VDA4905;ECAR;EDIFACT;ME26052702100325;241;10;0060437618919153;5;20260527;10;CN;0060437618919153;5;9867088380;98448087;;;0;;;;9867088380;;ME M63;;;0;PCE;113;4;20270208;20270214
VDA4905;ECAR;EDIFACT;ME26052702100325;241;10;0060437618919153;5;20260527;10;CN;0060437618919153;5;9867088380;98448087;;;0;;;;9867088380;;ME M63;;;0;PCE;113;4;20270215;20270221
VDA4905;ECAR;EDIFACT;ME26052702100325;241;10;0060437618919153;5;20260527;10;CN;0060437618919153;5;9867088380;98448087;;;0;;;;9867088380;;ME M63;;;0;PCE;113;4;20270222;20270228
VDA4905;ECAR;EDIFACT;ME26052702100325;241;10;0060437618919153;5;20260527;10;CN;0060437618919153;5;9867088380;98448087;;;0;;;;9867088380;;ME M63;;;0;PCE;113;4;20270301;20270307
VDA4905;ECAR;EDIFACT;ME26052702100325;241;10;0060437618919153;5;20260527;10;CN;0060437618919153;5;9867088380;98448087;;;0;;;;9867088380;;ME M63;;;0;PCE;113;4;20270308;20270314
VDA4905;ECAR;EDIFACT;ME26052702100325;241;10;0060437618919153;5;20260527;10;CN;0060437618919153;5;9867088380;98448087;;;0;;;;9867088380;;ME M63;;;0;PCE;113;4;20270315;20270321
VDA4905;ECAR;EDIFACT;ME26052702100325;241;10;0060437618919153;5;20260527;10;CN;0060437618919153;5;9867088380;98448087;;;0;;;;9867088380;;ME M63;;;0;PCE;113;4;20270322;20270328
VDA4905;ECAR;EDIFACT;ME26052702100325;241;10;0060437618919153;5;20260527;10;CN;0060437618919153;5;9867088380;98448087;;;0;;;;9867088380;;ME M63;;;0;PCE;113;4;20270329;20270404
VDA4905;ECAR;EDIFACT;ME26052702100325;241;10;0060437618919153;5;20260527;10;CN;0060437618919153;5;9867088380;98448087;;;0;;;;9867088380;;ME M63;;;0;PCE;113;4;20270405;20270411
VDA4905;ECAR;EDIFACT;ME26052702100325;241;10;0060437618919153;5;20260527;10;CN;0060437618919153;5;9867088380;98448087;;;0;;;;9867088380;;ME M63;;;0;PCE;113;4;20270412;20270418
VDA4905;ECAR;EDIFACT;ME26052702100325;241;10;0060437618919153;5;20260527;10;CN;0060437618919153;5;9867088380;98448087;;;0;;;;9867088380;;ME M63;;;0;PCE;113;4;20270419;20270425
VDA4905;ECAR;EDIFACT;ME26052702100325;241;10;0060437618919153;5;20260527;10;CN;0060437618919153;5;9867088380;98448087;;;0;;;;9867088380;;ME M63;;;0;PCE;113;4;20270426;20270502
VDA4905;ECAR;EDIFACT;ME26052702100325;241;10;0060437618919153;5;20260527;10;CN;0060437618919153;5;9867088780;98446340;;;0;;;;9867088780;;ME M63;;;0;PCE;113;4;20260615;20260615
VDA4905;ECAR;EDIFACT;ME26052702100325;241;10;0060437618919153;5;20260527;10;CN;0060437618919153;5;9867088780;98446340;;;0;;;;9867088780;;ME M63;;;0;PCE;113;4;20260616;20260616
VDA4905;ECAR;EDIFACT;ME26052702100325;241;10;0060437618919153;5;20260527;10;CN;0060437618919153;5;9867088780;98446340;;;0;;;;9867088780;;ME M63;;;0;PCE;113;4;20260617;20260617
VDA4905;ECAR;EDIFACT;ME26052702100325;241;10;0060437618919153;5;20260527;10;CN;0060437618919153;5;9867088780;98446340;;;0;;;;9867088780;;ME M63;;;0;PCE;113;4;20260618;20260618
VDA4905;ECAR;EDIFACT;ME26052702100325;241;10;0060437618919153;5;20260527;10;CN;0060437618919153;5;9867088780;98446340;;;0;;;;9867088780;;ME M63;;;0;PCE;113;4;20260619;20260619
VDA4905;ECAR;EDIFACT;ME26052702100325;241;10;0060437618919153;5;20260527;10;CN;0060437618919153;5;9867088780;98446340;;;0;;;;9867088780;;ME M63;;;0;PCE;113;4;20260620;20260620
VDA4905;ECAR;EDIFACT;ME26052702100325;241;10;0060437618919153;5;20260527;10;CN;0060437618919153;5;9867088780;98446340;;;0;;;;9867088780;;ME M63;;;0;PCE;113;4;20260621;20260621
VDA4905;ECAR;EDIFACT;ME26052702100325;241;10;0060437618919153;5;20260527;10;CN;0060437618919153;5;9867088780;98446340;;;0;;;;9867088780;;ME M63;;;0;PCE;113;4;20260622;20260628
VDA4905;ECAR;EDIFACT;ME26052702100325;241;10;0060437618919153;5;20260527;10;CN;0060437618919153;5;9867088780;98446340;;;0;;;;9867088780;;ME M63;;;0;PCE;113;4;20260706;20260712
VDA4905;ECAR;EDIFACT;ME26052702100325;241;10;0060437618919153;5;20260527;10;CN;0060437618919153;5;9867088780;98446340;;;0;;;;9867088780;;ME M63;;;0;PCE;113;4;20260720;20260726
VDA4905;ECAR;EDIFACT;ME26052702100325;241;10;0060437618919153;5;20260527;10;CN;0060437618919153;5;9867088780;98446340;;;0;;;;9867088780;;ME M63;;;0;PCE;113;4;20260817;20260823
VDA4905;ECAR;EDIFACT;ME26052702100325;241;10;0060437618919153;5;20260527;10;CN;0060437618919153;5;9867088780;98446340;;;0;;;;9867088780;;ME M63;;;0;PCE;113;4;20260824;20260830
VDA4905;ECAR;EDIFACT;ME26052702100325;241;10;0060437618919153;5;20260527;10;CN;0060437618919153;5;9867088780;98446340;;;0;;;;9867088780;;ME M63;;;0;PCE;113;4;20260831;20260906
VDA4905;ECAR;EDIFACT;ME26052702100325;241;10;0060437618919153;5;20260527;10;CN;0060437618919153;5;9867088780;98446340;;;0;;;;9867088780;;ME M63;;;0;PCE;113;4;20260907;20260913
VDA4905;ECAR;EDIFACT;ME26052702100325;241;10;0060437618919153;5;20260527;10;CN;0060437618919153;5;9867088780;98446340;;;0;;;;9867088780;;ME M63;;;0;PCE;113;4;20260914;20260920
VDA4905;ECAR;EDIFACT;ME26052702100325;241;10;0060437618919153;5;20260527;10;CN;0060437618919153;5;9867088780;98446340;;;0;;;;9867088780;;ME M63;;;0;PCE;113;4;20260921;20260927
VDA4905;ECAR;EDIFACT;ME26052702100325;241;10;0060437618919153;5;20260527;10;CN;0060437618919153;5;9867088780;98446340;;;0;;;;9867088780;;ME M63;;;0;PCE;113;4;20260928;20261004
VDA4905;ECAR;EDIFACT;ME26052702100325;241;10;0060437618919153;5;20260527;10;CN;0060437618919153;5;9867088780;98446340;;;0;;;;9867088780;;ME M63;;;0;PCE;113;4;20261005;20261011
VDA4905;ECAR;EDIFACT;ME26052702100325;241;10;0060437618919153;5;20260527;10;CN;0060437618919153;5;9867088780;98446340;;;0;;;;9867088780;;ME M63;;;0;PCE;113;4;20261012;20261018
VDA4905;ECAR;EDIFACT;ME26052702100325;241;10;0060437618919153;5;20260527;10;CN;0060437618919153;5;9867088780;98446340;;;0;;;;9867088780;;ME M63;;;0;PCE;113;4;20261019;20261025
VDA4905;ECAR;EDIFACT;ME26052702100325;241;10;0060437618919153;5;20260527;10;CN;0060437618919153;5;9867088780;98446340;;;0;;;;9867088780;;ME M63;;;0;PCE;113;4;20261026;20261101
VDA4905;ECAR;EDIFACT;ME26052702100325;241;10;0060437618919153;5;20260527;10;CN;0060437618919153;5;9867088780;98446340;;;0;;;;9867088780;;ME M63;;;0;PCE;113;4;20261102;20261108
VDA4905;ECAR;EDIFACT;ME26052702100325;241;10;0060437618919153;5;20260527;10;CN;0060437618919153;5;9867088780;98446340;;;0;;;;9867088780;;ME M63;;;0;PCE;113;4;20261109;20261115
VDA4905;ECAR;EDIFACT;ME26052702100325;241;10;0060437618919153;5;20260527;10;CN;0060437618919153;5;9867088780;98446340;;;0;;;;9867088780;;ME M63;;;0;PCE;113;4;20261116;20261122
VDA4905;ECAR;EDIFACT;ME26052702100325;241;10;0060437618919153;5;20260527;10;CN;0060437618919153;5;9867088780;98446340;;;0;;;;9867088780;;ME M63;;;0;PCE;113;4;20261123;20261129
VDA4905;ECAR;EDIFACT;ME26052702100325;241;10;0060437618919153;5;20260527;10;CN;0060437618919153;5;9867088780;98446340;;;0;;;;9867088780;;ME M63;;;0;PCE;113;4;20261130;20261206
VDA4905;ECAR;EDIFACT;ME26052702100325;241;10;0060437618919153;5;20260527;10;CN;0060437618919153;5;9867088780;98446340;;;0;;;;9867088780;;ME M63;;;0;PCE;113;4;20261207;20261213
VDA4905;ECAR;EDIFACT;ME26052702100325;241;10;0060437618919153;5;20260527;10;CN;0060437618919153;5;9867088780;98446340;;;0;;;;9867088780;;ME M63;;;0;PCE;113;4;20261214;20261220
VDA4905;ECAR;EDIFACT;ME26052702100325;241;10;0060437618919153;5;20260527;10;CN;0060437618919153;5;9867088780;98446340;;;0;;;;9867088780;;ME M63;;;0;PCE;113;4;20261221;20261227
VDA4905;ECAR;EDIFACT;ME26052702100325;241;10;0060437618919153;5;20260527;10;CN;0060437618919153;5;9867088780;98446340;;;0;;;;9867088780;;ME M63;;;0;PCE;113;4;20270111;20270117
VDA4905;ECAR;EDIFACT;ME26052702100325;241;10;0060437618919153;5;20260527;10;CN;0060437618919153;5;9867088780;98446340;;;0;;;;9867088780;;ME M63;;;0;PCE;113;4;20270118;20270124
VDA4905;ECAR;EDIFACT;ME26052702100325;241;10;0060437618919153;5;20260527;10;CN;0060437618919153;5;9867088780;98446340;;;0;;;;9867088780;;ME M63;;;0;PCE;113;4;20270125;20270131
VDA4905;ECAR;EDIFACT;ME26052702100325;241;10;0060437618919153;5;20260527;10;CN;0060437618919153;5;9867088780;98446340;;;0;;;;9867088780;;ME M63;;;0;PCE;113;4;20270201;20270207
VDA4905;ECAR;EDIFACT;ME26052702100325;241;10;0060437618919153;5;20260527;10;CN;0060437618919153;5;9867088780;98446340;;;0;;;;9867088780;;ME M63;;;0;PCE;113;4;20270215;20270221
VDA4905;ECAR;EDIFACT;ME26052702100325;241;10;0060437618919153;5;20260527;10;CN;0060437618919153;5;9867088780;98446340;;;0;;;;9867088780;;ME M63;;;0;PCE;113;4;20270222;20270228
VDA4905;ECAR;EDIFACT;ME26052702100325;241;10;0060437618919153;5;20260527;10;CN;0060437618919153;5;9867088780;98446340;;;0;;;;9867088780;;ME M63;;;0;PCE;113;4;20270301;20270307
VDA4905;ECAR;EDIFACT;ME26052702100325;241;10;0060437618919153;5;20260527;10;CN;0060437618919153;5;9867088780;98446340;;;0;;;;9867088780;;ME M63;;;0;PCE;113;4;20270308;20270314
VDA4905;ECAR;EDIFACT;ME26052702100325;241;10;0060437618919153;5;20260527;10;CN;0060437618919153;5;9867088780;98446340;;;0;;;;9867088780;;ME M63;;;0;PCE;113;4;20270315;20270321
VDA4905;ECAR;EDIFACT;ME26052702100325;241;10;0060437618919153;5;20260527;10;CN;0060437618919153;5;9867088780;98446340;;;0;;;;9867088780;;ME M63;;;0;PCE;113;4;20270322;20270328
VDA4905;ECAR;EDIFACT;ME26052702100325;241;10;0060437618919153;5;20260527;10;CN;0060437618919153;5;9867088780;98446340;;;0;;;;9867088780;;ME M63;;;0;PCE;113;4;20270329;20270404
VDA4905;ECAR;EDIFACT;ME26052702100325;241;10;0060437618919153;5;20260527;10;CN;0060437618919153;5;9867088780;98446340;;;0;;;;9867088780;;ME M63;;;0;PCE;113;4;20270405;20270411
VDA4905;ECAR;EDIFACT;ME26052702100325;241;10;0060437618919153;5;20260527;10;CN;0060437618919153;5;9867088780;98446340;;;0;;;;9867088780;;ME M63;;;0;PCE;113;4;20270412;20270418
VDA4905;ECAR;EDIFACT;ME26052702100325;241;10;0060437618919153;5;20260527;10;CN;0060437618919153;5;9867088780;98446340;;;0;;;;9867088780;;ME M63;;;0;PCE;113;4;20270419;20270425
VDA4905;ECAR;EDIFACT;ME26052702100325;241;10;0060437618919153;5;20260527;10;CN;0060437618919153;5;9867088780;98446340;;;0;;;;9867088780;;ME M63;;;0;PCE;113;4;20270426;20270502
VDA4905;ECAR;EDIFACT;ME26052702100325;241;10;0060437618919153;5;20260527;10;CN;0060437618919153;5;9867088980;98454161;;;0;;;;9867088980;;ME M63;;;0;PCE;113;4;20260615;20260615
VDA4905;ECAR;EDIFACT;ME26052702100325;241;10;0060437618919153;5;20260527;10;CN;0060437618919153;5;9867088980;98454161;;;0;;;;9867088980;;ME M63;;;0;PCE;113;4;20260616;20260616
VDA4905;ECAR;EDIFACT;ME26052702100325;241;10;0060437618919153;5;20260527;10;CN;0060437618919153;5;9867088980;98454161;;;0;;;;9867088980;;ME M63;;;0;PCE;113;4;20260617;20260617
VDA4905;ECAR;EDIFACT;ME26052702100325;241;10;0060437618919153;5;20260527;10;CN;0060437618919153;5;9867088980;98454161;;;0;;;;9867088980;;ME M63;;;0;PCE;113;4;20260618;20260618
VDA4905;ECAR;EDIFACT;ME26052702100325;241;10;0060437618919153;5;20260527;10;CN;0060437618919153;5;9867088980;98454161;;;0;;;;9867088980;;ME M63;;;0;PCE;113;4;20260619;20260619
VDA4905;ECAR;EDIFACT;ME26052702100325;241;10;0060437618919153;5;20260527;10;CN;0060437618919153;5;9867088980;98454161;;;0;;;;9867088980;;ME M63;;;0;PCE;113;4;20260620;20260620
VDA4905;ECAR;EDIFACT;ME26052702100325;241;10;0060437618919153;5;20260527;10;CN;0060437618919153;5;9867088980;98454161;;;0;;;;9867088980;;ME M63;;;0;PCE;113;4;20260621;20260621
VDA4905;ECAR;EDIFACT;ME26052702100325;241;10;0060437618919153;5;20260527;10;CN;0060437618919153;5;9867088980;98454161;;;0;;;;9867088980;;ME M63;;;0;PCE;113;4;20260622;20260628
VDA4905;ECAR;EDIFACT;ME26052702100325;241;10;0060437618919153;5;20260527;10;CN;0060437618919153;5;9867088980;98454161;;;0;;;;9867088980;;ME M63;;;0;PCE;113;4;20260629;20260705
VDA4905;ECAR;EDIFACT;ME26052702100325;241;10;0060437618919153;5;20260527;10;CN;0060437618919153;5;9867088980;98454161;;;0;;;;9867088980;;ME M63;;;0;PCE;113;4;20260706;20260712
VDA4905;ECAR;EDIFACT;ME26052702100325;241;10;0060437618919153;5;20260527;10;CN;0060437618919153;5;9867088980;98454161;;;0;;;;9867088980;;ME M63;;;0;PCE;113;4;20260713;20260719
VDA4905;ECAR;EDIFACT;ME26052702100325;241;10;0060437618919153;5;20260527;10;CN;0060437618919153;5;9867088980;98454161;;;0;;;;9867088980;;ME M63;;;0;PCE;113;4;20260720;20260726
VDA4905;ECAR;EDIFACT;ME26052702100325;241;10;0060437618919153;5;20260527;10;CN;0060437618919153;5;9867088980;98454161;;;0;;;;9867088980;;ME M63;;;0;PCE;113;4;20260810;20260816
VDA4905;ECAR;EDIFACT;ME26052702100325;241;10;0060437618919153;5;20260527;10;CN;0060437618919153;5;9867088980;98454161;;;0;;;;9867088980;;ME M63;;;0;PCE;113;4;20260817;20260823
VDA4905;ECAR;EDIFACT;ME26052702100325;241;10;0060437618919153;5;20260527;10;CN;0060437618919153;5;9867088980;98454161;;;0;;;;9867088980;;ME M63;;;0;PCE;113;4;20260824;20260830
VDA4905;ECAR;EDIFACT;ME26052702100325;241;10;0060437618919153;5;20260527;10;CN;0060437618919153;5;9867088980;98454161;;;0;;;;9867088980;;ME M63;;;0;PCE;113;4;20260831;20260906
VDA4905;ECAR;EDIFACT;ME26052702100325;241;10;0060437618919153;5;20260527;10;CN;0060437618919153;5;9867088980;98454161;;;0;;;;9867088980;;ME M63;;;0;PCE;113;4;20260907;20260913
VDA4905;ECAR;EDIFACT;ME26052702100325;241;10;0060437618919153;5;20260527;10;CN;0060437618919153;5;9867088980;98454161;;;0;;;;9867088980;;ME M63;;;0;PCE;113;4;20260914;20260920
VDA4905;ECAR;EDIFACT;ME26052702100325;241;10;0060437618919153;5;20260527;10;CN;0060437618919153;5;9867088980;98454161;;;0;;;;9867088980;;ME M63;;;0;PCE;113;4;20260921;20260927
VDA4905;ECAR;EDIFACT;ME26052702100325;241;10;0060437618919153;5;20260527;10;CN;0060437618919153;5;9867088980;98454161;;;0;;;;9867088980;;ME M63;;;0;PCE;113;4;20260928;20261004
VDA4905;ECAR;EDIFACT;ME26052702100325;241;10;0060437618919153;5;20260527;10;CN;0060437618919153;5;9867088980;98454161;;;0;;;;9867088980;;ME M63;;;0;PCE;113;4;20261005;20261011
VDA4905;ECAR;EDIFACT;ME26052702100325;241;10;0060437618919153;5;20260527;10;CN;0060437618919153;5;9867088980;98454161;;;0;;;;9867088980;;ME M63;;;0;PCE;113;4;20261012;20261018
VDA4905;ECAR;EDIFACT;ME26052702100325;241;10;0060437618919153;5;20260527;10;CN;0060437618919153;5;9867088980;98454161;;;0;;;;9867088980;;ME M63;;;0;PCE;113;4;20261019;20261025
VDA4905;ECAR;EDIFACT;ME26052702100325;241;10;0060437618919153;5;20260527;10;CN;0060437618919153;5;9867088980;98454161;;;0;;;;9867088980;;ME M63;;;0;PCE;113;4;20261026;20261101
VDA4905;ECAR;EDIFACT;ME26052702100325;241;10;0060437618919153;5;20260527;10;CN;0060437618919153;5;9867088980;98454161;;;0;;;;9867088980;;ME M63;;;0;PCE;113;4;20261102;20261108
VDA4905;ECAR;EDIFACT;ME26052702100325;241;10;0060437618919153;5;20260527;10;CN;0060437618919153;5;9867088980;98454161;;;0;;;;9867088980;;ME M63;;;0;PCE;113;4;20261109;20261115
VDA4905;ECAR;EDIFACT;ME26052702100325;241;10;0060437618919153;5;20260527;10;CN;0060437618919153;5;9867088980;98454161;;;0;;;;9867088980;;ME M63;;;0;PCE;113;4;20261116;20261122
VDA4905;ECAR;EDIFACT;ME26052702100325;241;10;0060437618919153;5;20260527;10;CN;0060437618919153;5;9867088980;98454161;;;0;;;;9867088980;;ME M63;;;0;PCE;113;4;20261123;20261129
VDA4905;ECAR;EDIFACT;ME26052702100325;241;10;0060437618919153;5;20260527;10;CN;0060437618919153;5;9867088980;98454161;;;0;;;;9867088980;;ME M63;;;0;PCE;113;4;20261130;20261206
VDA4905;ECAR;EDIFACT;ME26052702100325;241;10;0060437618919153;5;20260527;10;CN;0060437618919153;5;9867088980;98454161;;;0;;;;9867088980;;ME M63;;;0;PCE;113;4;20261207;20261213
VDA4905;ECAR;EDIFACT;ME26052702100325;241;10;0060437618919153;5;20260527;10;CN;0060437618919153;5;9867088980;98454161;;;0;;;;9867088980;;ME M63;;;0;PCE;113;4;20261214;20261220
VDA4905;ECAR;EDIFACT;ME26052702100325;241;10;0060437618919153;5;20260527;10;CN;0060437618919153;5;9867088980;98454161;;;0;;;;9867088980;;ME M63;;;0;PCE;113;4;20270111;20270117
VDA4905;ECAR;EDIFACT;ME26052702100325;241;10;0060437618919153;5;20260527;10;CN;0060437618919153;5;9867088980;98454161;;;0;;;;9867088980;;ME M63;;;0;PCE;113;4;20270201;20270207
VDA4905;ECAR;EDIFACT;ME26052702100325;241;10;0060437618919153;5;20260527;10;CN;0060437618919153;5;9867088980;98454161;;;0;;;;9867088980;;ME M63;;;0;PCE;113;4;20270222;20270228
VDA4905;ECAR;EDIFACT;ME26052702100325;241;10;0060437618919153;5;20260527;10;CN;0060437618919153;5;9867088980;98454161;;;0;;;;9867088980;;ME M63;;;0;PCE;113;4;20270308;20270314
VDA4905;ECAR;EDIFACT;ME26052702100325;241;10;0060437618919153;5;20260527;10;CN;0060437618919153;5;9867088980;98454161;;;0;;;;9867088980;;ME M63;;;0;PCE;113;4;20270322;20270328
VDA4905;ECAR;EDIFACT;ME26052702100325;241;10;0060437618919153;5;20260527;10;CN;0060437618919153;5;9867088980;98454161;;;0;;;;9867088980;;ME M63;;;0;PCE;113;4;20270329;20270404
VDA4905;ECAR;EDIFACT;ME26052702100325;241;10;0060437618919153;5;20260527;10;CN;0060437618919153;5;9867088980;98454161;;;0;;;;9867088980;;ME M63;;;0;PCE;113;4;20270405;20270411
VDA4905;ECAR;EDIFACT;ME26052702100325;241;10;0060437618919153;5;20260527;10;CN;0060437618919153;5;9867088980;98454161;;;0;;;;9867088980;;ME M63;;;0;PCE;113;4;20270412;20270418
VDA4905;ECAR;EDIFACT;ME26052702100325;241;10;0060437618919153;5;20260527;10;CN;0060437618919153;5;9867088980;98454161;;;0;;;;9867088980;;ME M63;;;0;PCE;113;4;20270419;20270425
VDA4905;ECAR;EDIFACT;ME26052702100325;241;10;0060437618919153;5;20260527;10;CN;0060437618919153;5;9867089180;98446334;;;0;;;;9867089180;;ME M63;;;0;PCE;113;4;20260603;20260603
VDA4905;ECAR;EDIFACT;ME26052702100325;241;10;0060437618919153;5;20260527;10;CN;0060437618919153;5;9867089180;98446334;;;0;;;;9867089180;;ME M63;;;0;PCE;113;4;20260604;20260604
VDA4905;ECAR;EDIFACT;ME26052702100325;241;10;0060437618919153;5;20260527;10;CN;0060437618919153;5;9867089180;98446334;;;0;;;;9867089180;;ME M63;;;0;PCE;113;4;20260609;20260609
VDA4905;ECAR;EDIFACT;ME26052702100325;241;10;0060437618919153;5;20260527;10;CN;0060437618919153;5;9867089180;98446334;;;0;;;;9867089180;;ME M63;;;0;PCE;113;4;20260610;20260610
VDA4905;ECAR;EDIFACT;ME26052702100325;241;10;0060437618919153;5;20260527;10;CN;0060437618919153;5;9867089180;98446334;;;0;;;;9867089180;;ME M63;;;0;PCE;113;4;20260615;20260615
VDA4905;ECAR;EDIFACT;ME26052702100325;241;10;0060437618919153;5;20260527;10;CN;0060437618919153;5;9867089180;98446334;;;0;;;;9867089180;;ME M63;;;0;PCE;113;4;20260616;20260616
VDA4905;ECAR;EDIFACT;ME26052702100325;241;10;0060437618919153;5;20260527;10;CN;0060437618919153;5;9867089180;98446334;;;0;;;;9867089180;;ME M63;;;0;PCE;113;4;20260617;20260617
VDA4905;ECAR;EDIFACT;ME26052702100325;241;10;0060437618919153;5;20260527;10;CN;0060437618919153;5;9867089180;98446334;;;0;;;;9867089180;;ME M63;;;0;PCE;113;4;20260618;20260618
VDA4905;ECAR;EDIFACT;ME26052702100325;241;10;0060437618919153;5;20260527;10;CN;0060437618919153;5;9867089180;98446334;;;0;;;;9867089180;;ME M63;;;0;PCE;113;4;20260619;20260619
VDA4905;ECAR;EDIFACT;ME26052702100325;241;10;0060437618919153;5;20260527;10;CN;0060437618919153;5;9867089180;98446334;;;0;;;;9867089180;;ME M63;;;0;PCE;113;4;20260620;20260620
VDA4905;ECAR;EDIFACT;ME26052702100325;241;10;0060437618919153;5;20260527;10;CN;0060437618919153;5;9867089180;98446334;;;0;;;;9867089180;;ME M63;;;0;PCE;113;4;20260621;20260621
VDA4905;ECAR;EDIFACT;ME26052702100325;241;10;0060437618919153;5;20260527;10;CN;0060437618919153;5;9867089180;98446334;;;0;;;;9867089180;;ME M63;;;0;PCE;113;4;20260622;20260628
VDA4905;ECAR;EDIFACT;ME26052702100325;241;10;0060437618919153;5;20260527;10;CN;0060437618919153;5;9867089180;98446334;;;0;;;;9867089180;;ME M63;;;0;PCE;113;4;20260629;20260705
VDA4905;ECAR;EDIFACT;ME26052702100325;241;10;0060437618919153;5;20260527;10;CN;0060437618919153;5;9867089180;98446334;;;0;;;;9867089180;;ME M63;;;0;PCE;113;4;20260706;20260712
VDA4905;ECAR;EDIFACT;ME26052702100325;241;10;0060437618919153;5;20260527;10;CN;0060437618919153;5;9867089180;98446334;;;0;;;;9867089180;;ME M63;;;0;PCE;113;4;20260713;20260719
VDA4905;ECAR;EDIFACT;ME26052702100325;241;10;0060437618919153;5;20260527;10;CN;0060437618919153;5;9867089180;98446334;;;0;;;;9867089180;;ME M63;;;0;PCE;113;4;20260720;20260726
VDA4905;ECAR;EDIFACT;ME26052702100325;241;10;0060437618919153;5;20260527;10;CN;0060437618919153;5;9867089180;98446334;;;0;;;;9867089180;;ME M63;;;0;PCE;113;4;20260817;20260823
VDA4905;ECAR;EDIFACT;ME26052702100325;241;10;0060437618919153;5;20260527;10;CN;0060437618919153;5;9867089180;98446334;;;0;;;;9867089180;;ME M63;;;0;PCE;113;4;20260824;20260830
VDA4905;ECAR;EDIFACT;ME26052702100325;241;10;0060437618919153;5;20260527;10;CN;0060437618919153;5;9867089180;98446334;;;0;;;;9867089180;;ME M63;;;0;PCE;113;4;20260831;20260906
VDA4905;ECAR;EDIFACT;ME26052702100325;241;10;0060437618919153;5;20260527;10;CN;0060437618919153;5;9867089180;98446334;;;0;;;;9867089180;;ME M63;;;0;PCE;113;4;20260907;20260913
VDA4905;ECAR;EDIFACT;ME26052702100325;241;10;0060437618919153;5;20260527;10;CN;0060437618919153;5;9867089180;98446334;;;0;;;;9867089180;;ME M63;;;0;PCE;113;4;20260914;20260920
VDA4905;ECAR;EDIFACT;ME26052702100325;241;10;0060437618919153;5;20260527;10;CN;0060437618919153;5;9867089180;98446334;;;0;;;;9867089180;;ME M63;;;0;PCE;113;4;20260921;20260927
VDA4905;ECAR;EDIFACT;ME26052702100325;241;10;0060437618919153;5;20260527;10;CN;0060437618919153;5;9867089180;98446334;;;0;;;;9867089180;;ME M63;;;0;PCE;113;4;20260928;20261004
VDA4905;ECAR;EDIFACT;ME26052702100325;241;10;0060437618919153;5;20260527;10;CN;0060437618919153;5;9867089180;98446334;;;0;;;;9867089180;;ME M63;;;0;PCE;113;4;20261005;20261011
VDA4905;ECAR;EDIFACT;ME26052702100325;241;10;0060437618919153;5;20260527;10;CN;0060437618919153;5;9867089180;98446334;;;0;;;;9867089180;;ME M63;;;0;PCE;113;4;20261012;20261018
VDA4905;ECAR;EDIFACT;ME26052702100325;241;10;0060437618919153;5;20260527;10;CN;0060437618919153;5;9867089180;98446334;;;0;;;;9867089180;;ME M63;;;0;PCE;113;4;20261019;20261025
VDA4905;ECAR;EDIFACT;ME26052702100325;241;10;0060437618919153;5;20260527;10;CN;0060437618919153;5;9867089180;98446334;;;0;;;;9867089180;;ME M63;;;0;PCE;113;4;20261026;20261101
VDA4905;ECAR;EDIFACT;ME26052702100325;241;10;0060437618919153;5;20260527;10;CN;0060437618919153;5;9867089180;98446334;;;0;;;;9867089180;;ME M63;;;0;PCE;113;4;20261102;20261108
VDA4905;ECAR;EDIFACT;ME26052702100325;241;10;0060437618919153;5;20260527;10;CN;0060437618919153;5;9867089180;98446334;;;0;;;;9867089180;;ME M63;;;0;PCE;113;4;20261109;20261115
VDA4905;ECAR;EDIFACT;ME26052702100325;241;10;0060437618919153;5;20260527;10;CN;0060437618919153;5;9867089180;98446334;;;0;;;;9867089180;;ME M63;;;0;PCE;113;4;20261116;20261122
VDA4905;ECAR;EDIFACT;ME26052702100325;241;10;0060437618919153;5;20260527;10;CN;0060437618919153;5;9867089180;98446334;;;0;;;;9867089180;;ME M63;;;0;PCE;113;4;20261123;20261129
VDA4905;ECAR;EDIFACT;ME26052702100325;241;10;0060437618919153;5;20260527;10;CN;0060437618919153;5;9867089180;98446334;;;0;;;;9867089180;;ME M63;;;0;PCE;113;4;20261130;20261206
VDA4905;ECAR;EDIFACT;ME26052702100325;241;10;0060437618919153;5;20260527;10;CN;0060437618919153;5;9867089180;98446334;;;0;;;;9867089180;;ME M63;;;0;PCE;113;4;20261207;20261213
VDA4905;ECAR;EDIFACT;ME26052702100325;241;10;0060437618919153;5;20260527;10;CN;0060437618919153;5;9867089180;98446334;;;0;;;;9867089180;;ME M63;;;0;PCE;113;4;20261214;20261220
VDA4905;ECAR;EDIFACT;ME26052702100325;241;10;0060437618919153;5;20260527;10;CN;0060437618919153;5;9867089180;98446334;;;0;;;;9867089180;;ME M63;;;0;PCE;113;4;20270101;20270103
VDA4905;ECAR;EDIFACT;ME26052702100325;241;10;0060437618919153;5;20260527;10;CN;0060437618919153;5;9867089180;98446334;;;0;;;;9867089180;;ME M63;;;0;PCE;113;4;20270104;20270110
VDA4905;ECAR;EDIFACT;ME26052702100325;241;10;0060437618919153;5;20260527;10;CN;0060437618919153;5;9867089180;98446334;;;0;;;;9867089180;;ME M63;;;0;PCE;113;4;20270111;20270117
VDA4905;ECAR;EDIFACT;ME26052702100325;241;10;0060437618919153;5;20260527;10;CN;0060437618919153;5;9867089180;98446334;;;0;;;;9867089180;;ME M63;;;0;PCE;113;4;20270118;20270124
VDA4905;ECAR;EDIFACT;ME26052702100325;241;10;0060437618919153;5;20260527;10;CN;0060437618919153;5;9867089180;98446334;;;0;;;;9867089180;;ME M63;;;0;PCE;113;4;20270125;20270131
VDA4905;ECAR;EDIFACT;ME26052702100325;241;10;0060437618919153;5;20260527;10;CN;0060437618919153;5;9867089180;98446334;;;0;;;;9867089180;;ME M63;;;0;PCE;113;4;20270201;20270207
VDA4905;ECAR;EDIFACT;ME26052702100325;241;10;0060437618919153;5;20260527;10;CN;0060437618919153;5;9867089180;98446334;;;0;;;;9867089180;;ME M63;;;0;PCE;113;4;20270208;20270214
VDA4905;ECAR;EDIFACT;ME26052702100325;241;10;0060437618919153;5;20260527;10;CN;0060437618919153;5;9867089180;98446334;;;0;;;;9867089180;;ME M63;;;0;PCE;113;4;20270215;20270221
VDA4905;ECAR;EDIFACT;ME26052702100325;241;10;0060437618919153;5;20260527;10;CN;0060437618919153;5;9867089180;98446334;;;0;;;;9867089180;;ME M63;;;0;PCE;113;4;20270301;20270307
VDA4905;ECAR;EDIFACT;ME26052702100325;241;10;0060437618919153;5;20260527;10;CN;0060437618919153;5;9867089180;98446334;;;0;;;;9867089180;;ME M63;;;0;PCE;113;4;20270308;20270314
VDA4905;ECAR;EDIFACT;ME26052702100325;241;10;0060437618919153;5;20260527;10;CN;0060437618919153;5;9867089180;98446334;;;0;;;;9867089180;;ME M63;;;0;PCE;113;4;20270315;20270321
VDA4905;ECAR;EDIFACT;ME26052702100325;241;10;0060437618919153;5;20260527;10;CN;0060437618919153;5;9867089180;98446334;;;0;;;;9867089180;;ME M63;;;0;PCE;113;4;20270329;20270404
VDA4905;ECAR;EDIFACT;ME26052702100325;241;10;0060437618919153;5;20260527;10;CN;0060437618919153;5;9867089180;98446334;;;0;;;;9867089180;;ME M63;;;0;PCE;113;4;20270412;20270418
VDA4905;ECAR;EDIFACT;ME26052702100325;241;10;0060437618919153;5;20260527;10;CN;0060437618919153;5;9867089180;98446334;;;0;;;;9867089180;;ME M63;;;0;PCE;113;4;20270419;20270425
VDA4905;ECAR;EDIFACT;ME26052702100325;241;10;0060437618919153;5;20260527;10;CN;0060437618919153;5;9867089180;98446334;;;0;;;;9867089180;;ME M63;;;0;PCE;113;4;20270426;20270502
VDA4905;ECAR;EDIFACT;ME26052702100325;241;10;0060437618919153;5;20260527;10;CN;0060437618919153;5;9867089580;98446341;;;0;;;;9867089580;;ME M63;;;0;PCE;113;4;20260602;20260602
VDA4905;ECAR;EDIFACT;ME26052702100325;241;10;0060437618919153;5;20260527;10;CN;0060437618919153;5;9867089580;98446341;;;0;;;;9867089580;;ME M63;;;0;PCE;113;4;20260608;20260608
VDA4905;ECAR;EDIFACT;ME26052702100325;241;10;0060437618919153;5;20260527;10;CN;0060437618919153;5;9867089580;98446341;;;0;;;;9867089580;;ME M63;;;0;PCE;113;4;20260610;20260610
VDA4905;ECAR;EDIFACT;ME26052702100325;241;10;0060437618919153;5;20260527;10;CN;0060437618919153;5;9867089580;98446341;;;0;;;;9867089580;;ME M63;;;0;PCE;113;4;20260615;20260615
VDA4905;ECAR;EDIFACT;ME26052702100325;241;10;0060437618919153;5;20260527;10;CN;0060437618919153;5;9867089580;98446341;;;0;;;;9867089580;;ME M63;;;0;PCE;113;4;20260616;20260616
VDA4905;ECAR;EDIFACT;ME26052702100325;241;10;0060437618919153;5;20260527;10;CN;0060437618919153;5;9867089580;98446341;;;0;;;;9867089580;;ME M63;;;0;PCE;113;4;20260617;20260617
VDA4905;ECAR;EDIFACT;ME26052702100325;241;10;0060437618919153;5;20260527;10;CN;0060437618919153;5;9867089580;98446341;;;0;;;;9867089580;;ME M63;;;0;PCE;113;4;20260618;20260618
VDA4905;ECAR;EDIFACT;ME26052702100325;241;10;0060437618919153;5;20260527;10;CN;0060437618919153;5;9867089580;98446341;;;0;;;;9867089580;;ME M63;;;0;PCE;113;4;20260619;20260619
VDA4905;ECAR;EDIFACT;ME26052702100325;241;10;0060437618919153;5;20260527;10;CN;0060437618919153;5;9867089580;98446341;;;0;;;;9867089580;;ME M63;;;0;PCE;113;4;20260620;20260620
VDA4905;ECAR;EDIFACT;ME26052702100325;241;10;0060437618919153;5;20260527;10;CN;0060437618919153;5;9867089580;98446341;;;0;;;;9867089580;;ME M63;;;0;PCE;113;4;20260621;20260621
VDA4905;ECAR;EDIFACT;ME26052702100325;241;10;0060437618919153;5;20260527;10;CN;0060437618919153;5;9867089580;98446341;;;0;;;;9867089580;;ME M63;;;0;PCE;113;4;20260622;20260628
VDA4905;ECAR;EDIFACT;ME26052702100325;241;10;0060437618919153;5;20260527;10;CN;0060437618919153;5;9867089580;98446341;;;0;;;;9867089580;;ME M63;;;0;PCE;113;4;20260629;20260705
VDA4905;ECAR;EDIFACT;ME26052702100325;241;10;0060437618919153;5;20260527;10;CN;0060437618919153;5;9867089580;98446341;;;0;;;;9867089580;;ME M63;;;0;PCE;113;4;20260713;20260719
VDA4905;ECAR;EDIFACT;ME26052702100325;241;10;0060437618919153;5;20260527;10;CN;0060437618919153;5;9867089580;98446341;;;0;;;;9867089580;;ME M63;;;0;PCE;113;4;20260810;20260816
VDA4905;ECAR;EDIFACT;ME26052702100325;241;10;0060437618919153;5;20260527;10;CN;0060437618919153;5;9867089580;98446341;;;0;;;;9867089580;;ME M63;;;0;PCE;113;4;20260817;20260823
VDA4905;ECAR;EDIFACT;ME26052702100325;241;10;0060437618919153;5;20260527;10;CN;0060437618919153;5;9867089580;98446341;;;0;;;;9867089580;;ME M63;;;0;PCE;113;4;20260824;20260830
VDA4905;ECAR;EDIFACT;ME26052702100325;241;10;0060437618919153;5;20260527;10;CN;0060437618919153;5;9867089580;98446341;;;0;;;;9867089580;;ME M63;;;0;PCE;113;4;20260831;20260906
VDA4905;ECAR;EDIFACT;ME26052702100325;241;10;0060437618919153;5;20260527;10;CN;0060437618919153;5;9867089580;98446341;;;0;;;;9867089580;;ME M63;;;0;PCE;113;4;20260907;20260913
VDA4905;ECAR;EDIFACT;ME26052702100325;241;10;0060437618919153;5;20260527;10;CN;0060437618919153;5;9867089580;98446341;;;0;;;;9867089580;;ME M63;;;0;PCE;113;4;20260914;20260920
VDA4905;ECAR;EDIFACT;ME26052702100325;241;10;0060437618919153;5;20260527;10;CN;0060437618919153;5;9867089580;98446341;;;0;;;;9867089580;;ME M63;;;0;PCE;113;4;20260921;20260927
VDA4905;ECAR;EDIFACT;ME26052702100325;241;10;0060437618919153;5;20260527;10;CN;0060437618919153;5;9867089580;98446341;;;0;;;;9867089580;;ME M63;;;0;PCE;113;4;20260928;20261004
VDA4905;ECAR;EDIFACT;ME26052702100325;241;10;0060437618919153;5;20260527;10;CN;0060437618919153;5;9867089580;98446341;;;0;;;;9867089580;;ME M63;;;0;PCE;113;4;20261005;20261011
VDA4905;ECAR;EDIFACT;ME26052702100325;241;10;0060437618919153;5;20260527;10;CN;0060437618919153;5;9867089580;98446341;;;0;;;;9867089580;;ME M63;;;0;PCE;113;4;20261012;20261018
VDA4905;ECAR;EDIFACT;ME26052702100325;241;10;0060437618919153;5;20260527;10;CN;0060437618919153;5;9867089580;98446341;;;0;;;;9867089580;;ME M63;;;0;PCE;113;4;20261019;20261025
VDA4905;ECAR;EDIFACT;ME26052702100325;241;10;0060437618919153;5;20260527;10;CN;0060437618919153;5;9867089580;98446341;;;0;;;;9867089580;;ME M63;;;0;PCE;113;4;20261026;20261101
VDA4905;ECAR;EDIFACT;ME26052702100325;241;10;0060437618919153;5;20260527;10;CN;0060437618919153;5;9867089580;98446341;;;0;;;;9867089580;;ME M63;;;0;PCE;113;4;20261102;20261108
VDA4905;ECAR;EDIFACT;ME26052702100325;241;10;0060437618919153;5;20260527;10;CN;0060437618919153;5;9867089580;98446341;;;0;;;;9867089580;;ME M63;;;0;PCE;113;4;20261109;20261115
VDA4905;ECAR;EDIFACT;ME26052702100325;241;10;0060437618919153;5;20260527;10;CN;0060437618919153;5;9867089580;98446341;;;0;;;;9867089580;;ME M63;;;0;PCE;113;4;20261116;20261122
VDA4905;ECAR;EDIFACT;ME26052702100325;241;10;0060437618919153;5;20260527;10;CN;0060437618919153;5;9867089580;98446341;;;0;;;;9867089580;;ME M63;;;0;PCE;113;4;20261123;20261129
VDA4905;ECAR;EDIFACT;ME26052702100325;241;10;0060437618919153;5;20260527;10;CN;0060437618919153;5;9867089580;98446341;;;0;;;;9867089580;;ME M63;;;0;PCE;113;4;20261130;20261206
VDA4905;ECAR;EDIFACT;ME26052702100325;241;10;0060437618919153;5;20260527;10;CN;0060437618919153;5;9867089580;98446341;;;0;;;;9867089580;;ME M63;;;0;PCE;113;4;20261207;20261213
VDA4905;ECAR;EDIFACT;ME26052702100325;241;10;0060437618919153;5;20260527;10;CN;0060437618919153;5;9867089580;98446341;;;0;;;;9867089580;;ME M63;;;0;PCE;113;4;20261214;20261220
VDA4905;ECAR;EDIFACT;ME26052702100325;241;10;0060437618919153;5;20260527;10;CN;0060437618919153;5;9867089580;98446341;;;0;;;;9867089580;;ME M63;;;0;PCE;113;4;20261221;20261227
VDA4905;ECAR;EDIFACT;ME26052702100325;241;10;0060437618919153;5;20260527;10;CN;0060437618919153;5;9867089580;98446341;;;0;;;;9867089580;;ME M63;;;0;PCE;113;4;20270111;20270117
VDA4905;ECAR;EDIFACT;ME26052702100325;241;10;0060437618919153;5;20260527;10;CN;0060437618919153;5;9867089580;98446341;;;0;;;;9867089580;;ME M63;;;0;PCE;113;4;20270118;20270124
VDA4905;ECAR;EDIFACT;ME26052702100325;241;10;0060437618919153;5;20260527;10;CN;0060437618919153;5;9867089580;98446341;;;0;;;;9867089580;;ME M63;;;0;PCE;113;4;20270201;20270207
VDA4905;ECAR;EDIFACT;ME26052702100325;241;10;0060437618919153;5;20260527;10;CN;0060437618919153;5;9867089580;98446341;;;0;;;;9867089580;;ME M63;;;0;PCE;113;4;20270215;20270221
VDA4905;ECAR;EDIFACT;ME26052702100325;241;10;0060437618919153;5;20260527;10;CN;0060437618919153;5;9867089580;98446341;;;0;;;;9867089580;;ME M63;;;0;PCE;113;4;20270222;20270228
VDA4905;ECAR;EDIFACT;ME26052702100325;241;10;0060437618919153;5;20260527;10;CN;0060437618919153;5;9867089580;98446341;;;0;;;;9867089580;;ME M63;;;0;PCE;113;4;20270301;20270307
VDA4905;ECAR;EDIFACT;ME26052702100325;241;10;0060437618919153;5;20260527;10;CN;0060437618919153;5;9867089580;98446341;;;0;;;;9867089580;;ME M63;;;0;PCE;113;4;20270308;20270314
VDA4905;ECAR;EDIFACT;ME26052702100325;241;10;0060437618919153;5;20260527;10;CN;0060437618919153;5;9867089580;98446341;;;0;;;;9867089580;;ME M63;;;0;PCE;113;4;20270315;20270321
VDA4905;ECAR;EDIFACT;ME26052702100325;241;10;0060437618919153;5;20260527;10;CN;0060437618919153;5;9867089580;98446341;;;0;;;;9867089580;;ME M63;;;0;PCE;113;4;20270329;20270404
VDA4905;ECAR;EDIFACT;ME26052702100325;241;10;0060437618919153;5;20260527;10;CN;0060437618919153;5;9867089580;98446341;;;0;;;;9867089580;;ME M63;;;0;PCE;113;4;20270412;20270418
VDA4905;ECAR;EDIFACT;ME26052702100325;241;10;0060437618919153;5;20260527;10;CN;0060437618919153;5;9867089580;98446341;;;0;;;;9867089580;;ME M63;;;0;PCE;113;4;20270419;20270425
VDA4905;ECAR;EDIFACT;ME26052702100325;241;10;0060437618919153;5;20260527;10;CN;0060437618919153;5;9867089980;98446337;;;0;;;;9867089980;;ME M63;;;0;PCE;113;4;20260706;20260712
VDA4905;ECAR;EDIFACT;ME26052702100325;241;10;0060437618919153;5;20260527;10;CN;0060437618919153;5;9867090780;98446339;;;0;;;;9867090780;;ME M63;;;0;PCE;113;4;20260611;20260611
VDA4905;ECAR;EDIFACT;ME26052702100325;241;10;0060437618919153;5;20260527;10;CN;0060437618919153;5;9867090780;98446339;;;0;;;;9867090780;;ME M63;;;0;PCE;113;4;20260928;20261004
VDA4905;ECAR;EDIFACT;ME26052702100325;241;10;0060437618919153;5;20260527;10;CN;0060437618919153;5;9867090780;98446339;;;0;;;;9867090780;;ME M63;;;0;PCE;113;4;20261123;20261129
VDA4905;ECAR;EDIFACT;ME26052702100325;241;10;0060437618919153;5;20260527;10;CN;0060437618919153;5;9867091180;98446344;;;0;;;;9867091180;;ME M63;;;0;PCE;113;4;20260610;20260610
VDA4905;ECAR;EDIFACT;ME26052702100325;241;10;0060437618919153;5;20260527;10;CN;0060437618919153;5;9867091180;98446344;;;0;;;;9867091180;;ME M63;;;0;PCE;113;4;20261109;20261115
VDA4905;ECAR;EDIFACT;ME26052702100325;241;10;0060437618919153;5;20260527;10;CN;0060437618919153;5;9867091180;98446344;;;0;;;;9867091180;;ME M63;;;0;PCE;113;4;20270125;20270131
VDA4905;ECAR;EDIFACT;ME26052702100325;241;10;0060437618919153;5;20260527;10;CN;0060437618919153;5;9867091580;98446346;;;0;;;;9867091580;;ME M63;;;0;PCE;113;4;20260601;20260601
VDA4905;ECAR;EDIFACT;ME26052702100325;241;10;0060437618919153;5;20260527;10;CN;0060437618919153;5;9867091580;98446346;;;0;;;;9867091580;;ME M63;;;0;PCE;113;4;20260605;20260605
VDA4905;ECAR;EDIFACT;ME26052702100325;241;10;0060437618919153;5;20260527;10;CN;0060437618919153;5;9867091580;98446346;;;0;;;;9867091580;;ME M63;;;0;PCE;113;4;20260608;20260608
VDA4905;ECAR;EDIFACT;ME26052702100325;241;10;0060437618919153;5;20260527;10;CN;0060437618919153;5;9867091580;98446346;;;0;;;;9867091580;;ME M63;;;0;PCE;113;4;20260615;20260615
VDA4905;ECAR;EDIFACT;ME26052702100325;241;10;0060437618919153;5;20260527;10;CN;0060437618919153;5;9867091580;98446346;;;0;;;;9867091580;;ME M63;;;0;PCE;113;4;20260616;20260616
VDA4905;ECAR;EDIFACT;ME26052702100325;241;10;0060437618919153;5;20260527;10;CN;0060437618919153;5;9867091580;98446346;;;0;;;;9867091580;;ME M63;;;0;PCE;113;4;20260617;20260617
VDA4905;ECAR;EDIFACT;ME26052702100325;241;10;0060437618919153;5;20260527;10;CN;0060437618919153;5;9867091580;98446346;;;0;;;;9867091580;;ME M63;;;0;PCE;113;4;20260618;20260618
VDA4905;ECAR;EDIFACT;ME26052702100325;241;10;0060437618919153;5;20260527;10;CN;0060437618919153;5;9867091580;98446346;;;0;;;;9867091580;;ME M63;;;0;PCE;113;4;20260619;20260619
VDA4905;ECAR;EDIFACT;ME26052702100325;241;10;0060437618919153;5;20260527;10;CN;0060437618919153;5;9867091580;98446346;;;0;;;;9867091580;;ME M63;;;0;PCE;113;4;20260620;20260620
VDA4905;ECAR;EDIFACT;ME26052702100325;241;10;0060437618919153;5;20260527;10;CN;0060437618919153;5;9867091580;98446346;;;0;;;;9867091580;;ME M63;;;0;PCE;113;4;20260621;20260621
VDA4905;ECAR;EDIFACT;ME26052702100325;241;10;0060437618919153;5;20260527;10;CN;0060437618919153;5;9867091580;98446346;;;0;;;;9867091580;;ME M63;;;0;PCE;113;4;20260622;20260628
VDA4905;ECAR;EDIFACT;ME26052702100325;241;10;0060437618919153;5;20260527;10;CN;0060437618919153;5;9867091580;98446346;;;0;;;;9867091580;;ME M63;;;0;PCE;113;4;20260629;20260705
VDA4905;ECAR;EDIFACT;ME26052702100325;241;10;0060437618919153;5;20260527;10;CN;0060437618919153;5;9867091580;98446346;;;0;;;;9867091580;;ME M63;;;0;PCE;113;4;20260713;20260719
VDA4905;ECAR;EDIFACT;ME26052702100325;241;10;0060437618919153;5;20260527;10;CN;0060437618919153;5;9867091580;98446346;;;0;;;;9867091580;;ME M63;;;0;PCE;113;4;20260817;20260823
VDA4905;ECAR;EDIFACT;ME26052702100325;241;10;0060437618919153;5;20260527;10;CN;0060437618919153;5;9867091580;98446346;;;0;;;;9867091580;;ME M63;;;0;PCE;113;4;20260824;20260830
VDA4905;ECAR;EDIFACT;ME26052702100325;241;10;0060437618919153;5;20260527;10;CN;0060437618919153;5;9867091580;98446346;;;0;;;;9867091580;;ME M63;;;0;PCE;113;4;20261019;20261025
VDA4905;ECAR;EDIFACT;ME26052702100325;241;10;0060437618919153;5;20260527;10;CN;0060437618919153;5;9867091580;98446346;;;0;;;;9867091580;;ME M63;;;0;PCE;113;4;20261026;20261101
VDA4905;ECAR;EDIFACT;ME26052702100325;241;10;0060437618919153;5;20260527;10;CN;0060437618919153;5;9867091580;98446346;;;0;;;;9867091580;;ME M63;;;0;PCE;113;4;20261102;20261108
VDA4905;ECAR;EDIFACT;ME26052702100325;241;10;0060437618919153;5;20260527;10;CN;0060437618919153;5;9867091580;98446346;;;0;;;;9867091580;;ME M63;;;0;PCE;113;4;20261109;20261115
VDA4905;ECAR;EDIFACT;ME26052702100325;241;10;0060437618919153;5;20260527;10;CN;0060437618919153;5;9867091580;98446346;;;0;;;;9867091580;;ME M63;;;0;PCE;113;4;20261123;20261129
VDA4905;ECAR;EDIFACT;ME26052702100325;241;10;0060437618919153;5;20260527;10;CN;0060437618919153;5;9867091580;98446346;;;0;;;;9867091580;;ME M63;;;0;PCE;113;4;20270111;20270117
VDA4905;ECAR;EDIFACT;ME26052702100325;241;10;0060437618919153;5;20260527;10;CN;0060437618919153;5;9867091580;98446346;;;0;;;;9867091580;;ME M63;;;0;PCE;113;4;20270208;20270214
VDA4905;ECAR;EDIFACT;ME26052702100325;241;10;0060437618919153;5;20260527;10;CN;0060437618919153;5;9867091580;98446346;;;0;;;;9867091580;;ME M63;;;0;PCE;113;4;20270322;20270328
VDA4905;ECAR;EDIFACT;ME26052702100325;241;10;0060437618919153;5;20260527;10;CN;0060437618919153;5;9867091580;98446346;;;0;;;;9867091580;;ME M63;;;0;PCE;113;4;20270419;20270425
VDA4905;ECAR;EDIFACT;ME26052702100325;241;10;0060437618919153;5;20260527;10;CN;0060437618919153;5;9867091580;98446346;;;0;;;;9867091580;;ME M63;;;0;PCE;113;4;20270426;20270502
VDA4905;ECAR;EDIFACT;ME26052702100325;241;10;0060437618919153;5;20260527;10;CN;0060437618919153;5;9867091980;98446370;;;0;;;;9867091980;;ME M63;;;0;PCE;113;4;20260817;20260823
VDA4905;ECAR;EDIFACT;ME26052702100325;241;10;0060437618919153;5;20260527;10;CN;0060437618919153;5;9867091980;98446370;;;0;;;;9867091980;;ME M63;;;0;PCE;113;4;20260824;20260830
VDA4905;ECAR;EDIFACT;ME26052702100325;241;10;0060437618919153;5;20260527;10;CN;0060437618919153;5;9867091980;98446370;;;0;;;;9867091980;;ME M63;;;0;PCE;113;4;20260831;20260906
VDA4905;ECAR;EDIFACT;ME26052702100325;241;10;0060437618919153;5;20260527;10;CN;0060437618919153;5;9867091980;98446370;;;0;;;;9867091980;;ME M63;;;0;PCE;113;4;20260921;20260927
VDA4905;ECAR;EDIFACT;ME26052702100325;241;10;0060437618919153;5;20260527;10;CN;0060437618919153;5;9867091980;98446370;;;0;;;;9867091980;;ME M63;;;0;PCE;113;4;20261005;20261011
VDA4905;ECAR;EDIFACT;ME26052702100325;241;10;0060437618919153;5;20260527;10;CN;0060437618919153;5;9867091980;98446370;;;0;;;;9867091980;;ME M63;;;0;PCE;113;4;20261012;20261018
VDA4905;ECAR;EDIFACT;ME26052702100325;241;10;0060437618919153;5;20260527;10;CN;0060437618919153;5;9867091980;98446370;;;0;;;;9867091980;;ME M63;;;0;PCE;113;4;20261019;20261025
VDA4905;ECAR;EDIFACT;ME26052702100325;241;10;0060437618919153;5;20260527;10;CN;0060437618919153;5;9867091980;98446370;;;0;;;;9867091980;;ME M63;;;0;PCE;113;4;20261026;20261101
VDA4905;ECAR;EDIFACT;ME26052702100325;241;10;0060437618919153;5;20260527;10;CN;0060437618919153;5;9867091980;98446370;;;0;;;;9867091980;;ME M63;;;0;PCE;113;4;20261102;20261108
VDA4905;ECAR;EDIFACT;ME26052702100325;241;10;0060437618919153;5;20260527;10;CN;0060437618919153;5;9867091980;98446370;;;0;;;;9867091980;;ME M63;;;0;PCE;113;4;20261109;20261115
VDA4905;ECAR;EDIFACT;ME26052702100325;241;10;0060437618919153;5;20260527;10;CN;0060437618919153;5;9867091980;98446370;;;0;;;;9867091980;;ME M63;;;0;PCE;113;4;20261116;20261122
VDA4905;ECAR;EDIFACT;ME26052702100325;241;10;0060437618919153;5;20260527;10;CN;0060437618919153;5;9867091980;98446370;;;0;;;;9867091980;;ME M63;;;0;PCE;113;4;20261123;20261129
VDA4905;ECAR;EDIFACT;ME26052702100325;241;10;0060437618919153;5;20260527;10;CN;0060437618919153;5;9867091980;98446370;;;0;;;;9867091980;;ME M63;;;0;PCE;113;4;20261207;20261213
VDA4905;ECAR;EDIFACT;ME26052702100325;241;10;0060437618919153;5;20260527;10;CN;0060437618919153;5;9867091980;98446370;;;0;;;;9867091980;;ME M63;;;0;PCE;113;4;20261214;20261220
VDA4905;ECAR;EDIFACT;ME26052702100325;241;10;0060437618919153;5;20260527;10;CN;0060437618919153;5;9867091980;98446370;;;0;;;;9867091980;;ME M63;;;0;PCE;113;4;20270118;20270124
VDA4905;ECAR;EDIFACT;ME26052702100325;241;10;0060437618919153;5;20260527;10;CN;0060437618919153;5;9867091980;98446370;;;0;;;;9867091980;;ME M63;;;0;PCE;113;4;20270215;20270221
VDA4905;ECAR;EDIFACT;ME26052702100325;241;10;0060437618919153;5;20260527;10;CN;0060437618919153;5;9867094380;98446377;;;0;;;;9867094380;;ME M63;;;0;PCE;113;4;20260615;20260615
VDA4905;ECAR;EDIFACT;ME26052702100325;241;10;0060437618919153;5;20260527;10;CN;0060437618919153;5;9867094380;98446377;;;0;;;;9867094380;;ME M63;;;0;PCE;113;4;20260616;20260616
VDA4905;ECAR;EDIFACT;ME26052702100325;241;10;0060437618919153;5;20260527;10;CN;0060437618919153;5;9867094380;98446377;;;0;;;;9867094380;;ME M63;;;0;PCE;113;4;20260617;20260617
VDA4905;ECAR;EDIFACT;ME26052702100325;241;10;0060437618919153;5;20260527;10;CN;0060437618919153;5;9867094380;98446377;;;0;;;;9867094380;;ME M63;;;0;PCE;113;4;20260618;20260618
VDA4905;ECAR;EDIFACT;ME26052702100325;241;10;0060437618919153;5;20260527;10;CN;0060437618919153;5;9867094380;98446377;;;0;;;;9867094380;;ME M63;;;0;PCE;113;4;20260619;20260619
VDA4905;ECAR;EDIFACT;ME26052702100325;241;10;0060437618919153;5;20260527;10;CN;0060437618919153;5;9867094380;98446377;;;0;;;;9867094380;;ME M63;;;0;PCE;113;4;20260620;20260620
VDA4905;ECAR;EDIFACT;ME26052702100325;241;10;0060437618919153;5;20260527;10;CN;0060437618919153;5;9867094380;98446377;;;0;;;;9867094380;;ME M63;;;0;PCE;113;4;20260621;20260621
VDA4905;ECAR;EDIFACT;ME26052702100325;241;10;0060437618919153;5;20260527;10;CN;0060437618919153;5;9867094380;98446377;;;0;;;;9867094380;;ME M63;;;0;PCE;113;4;20260629;20260705
VDA4905;ECAR;EDIFACT;ME26052702100325;241;10;0060437618919153;5;20260527;10;CN;0060437618919153;5;9867094380;98446377;;;0;;;;9867094380;;ME M63;;;0;PCE;113;4;20260706;20260712
VDA4905;ECAR;EDIFACT;ME26052702100325;241;10;0060437618919153;5;20260527;10;CN;0060437618919153;5;9867094380;98446377;;;0;;;;9867094380;;ME M63;;;0;PCE;113;4;20260713;20260719
VDA4905;ECAR;EDIFACT;ME26052702100325;241;10;0060437618919153;5;20260527;10;CN;0060437618919153;5;9867094380;98446377;;;0;;;;9867094380;;ME M63;;;0;PCE;113;4;20260720;20260726
VDA4905;ECAR;EDIFACT;ME26052702100325;241;10;0060437618919153;5;20260527;10;CN;0060437618919153;5;9867094380;98446377;;;0;;;;9867094380;;ME M63;;;0;PCE;113;4;20260824;20260830
VDA4905;ECAR;EDIFACT;ME26052702100325;241;10;0060437618919153;5;20260527;10;CN;0060437618919153;5;9867094380;98446377;;;0;;;;9867094380;;ME M63;;;0;PCE;113;4;20260921;20260927
VDA4905;ECAR;EDIFACT;ME26052702100325;241;10;0060437618919153;5;20260527;10;CN;0060437618919153;5;9867094380;98446377;;;0;;;;9867094380;;ME M63;;;0;PCE;113;4;20261019;20261025
VDA4905;ECAR;EDIFACT;ME26052702100325;241;10;0060437618919153;5;20260527;10;CN;0060437618919153;5;9867094380;98446377;;;0;;;;9867094380;;ME M63;;;0;PCE;113;4;20261130;20261206
VDA4905;ECAR;EDIFACT;ME26052702100325;241;10;0060437618919153;5;20260527;10;CN;0060437618919153;5;9867094580;98448083;;;0;;;;9867094580;;ME M63;;;0;PCE;113;4;20260605;20260605
VDA4905;ECAR;EDIFACT;ME26052702100325;241;10;0060437618919153;5;20260527;10;CN;0060437618919153;5;9867094580;98448083;;;0;;;;9867094580;;ME M63;;;0;PCE;113;4;20260609;20260609
VDA4905;ECAR;EDIFACT;ME26052702100325;241;10;0060437618919153;5;20260527;10;CN;0060437618919153;5;9867094580;98448083;;;0;;;;9867094580;;ME M63;;;0;PCE;113;4;20260612;20260612
VDA4905;ECAR;EDIFACT;ME26052702100325;241;10;0060437618919153;5;20260527;10;CN;0060437618919153;5;9867094580;98448083;;;0;;;;9867094580;;ME M63;;;0;PCE;113;4;20260622;20260628
VDA4905;ECAR;EDIFACT;ME26052702100325;241;10;0060437618919153;5;20260527;10;CN;0060437618919153;5;9867094580;98448083;;;0;;;;9867094580;;ME M63;;;0;PCE;113;4;20260629;20260705
VDA4905;ECAR;EDIFACT;ME26052702100325;241;10;0060437618919153;5;20260527;10;CN;0060437618919153;5;9867094580;98448083;;;0;;;;9867094580;;ME M63;;;0;PCE;113;4;20260706;20260712
VDA4905;ECAR;EDIFACT;ME26052702100325;241;10;0060437618919153;5;20260527;10;CN;0060437618919153;5;9867094580;98448083;;;0;;;;9867094580;;ME M63;;;0;PCE;113;4;20260713;20260719
VDA4905;ECAR;EDIFACT;ME26052702100325;241;10;0060437618919153;5;20260527;10;CN;0060437618919153;5;9867094580;98448083;;;0;;;;9867094580;;ME M63;;;0;PCE;113;4;20260720;20260726
VDA4905;ECAR;EDIFACT;ME26052702100325;241;10;0060437618919153;5;20260527;10;CN;0060437618919153;5;9867094580;98448083;;;0;;;;9867094580;;ME M63;;;0;PCE;113;4;20260817;20260823
VDA4905;ECAR;EDIFACT;ME26052702100325;241;10;0060437618919153;5;20260527;10;CN;0060437618919153;5;9867094580;98448083;;;0;;;;9867094580;;ME M63;;;0;PCE;113;4;20260824;20260830
VDA4905;ECAR;EDIFACT;ME26052702100325;241;10;0060437618919153;5;20260527;10;CN;0060437618919153;5;9867094580;98448083;;;0;;;;9867094580;;ME M63;;;0;PCE;113;4;20260831;20260906
VDA4905;ECAR;EDIFACT;ME26052702100325;241;10;0060437618919153;5;20260527;10;CN;0060437618919153;5;9867094580;98448083;;;0;;;;9867094580;;ME M63;;;0;PCE;113;4;20260907;20260913
VDA4905;ECAR;EDIFACT;ME26052702100325;241;10;0060437618919153;5;20260527;10;CN;0060437618919153;5;9867094580;98448083;;;0;;;;9867094580;;ME M63;;;0;PCE;113;4;20260914;20260920
VDA4905;ECAR;EDIFACT;ME26052702100325;241;10;0060437618919153;5;20260527;10;CN;0060437618919153;5;9867094580;98448083;;;0;;;;9867094580;;ME M63;;;0;PCE;113;4;20260921;20260927
VDA4905;ECAR;EDIFACT;ME26052702100325;241;10;0060437618919153;5;20260527;10;CN;0060437618919153;5;9867094580;98448083;;;0;;;;9867094580;;ME M63;;;0;PCE;113;4;20260928;20261004
VDA4905;ECAR;EDIFACT;ME26052702100325;241;10;0060437618919153;5;20260527;10;CN;0060437618919153;5;9867094580;98448083;;;0;;;;9867094580;;ME M63;;;0;PCE;113;4;20261005;20261011
VDA4905;ECAR;EDIFACT;ME26052702100325;241;10;0060437618919153;5;20260527;10;CN;0060437618919153;5;9867094580;98448083;;;0;;;;9867094580;;ME M63;;;0;PCE;113;4;20261012;20261018
VDA4905;ECAR;EDIFACT;ME26052702100325;241;10;0060437618919153;5;20260527;10;CN;0060437618919153;5;9867094580;98448083;;;0;;;;9867094580;;ME M63;;;0;PCE;113;4;20261019;20261025
VDA4905;ECAR;EDIFACT;ME26052702100325;241;10;0060437618919153;5;20260527;10;CN;0060437618919153;5;9867094580;98448083;;;0;;;;9867094580;;ME M63;;;0;PCE;113;4;20261026;20261101
VDA4905;ECAR;EDIFACT;ME26052702100325;241;10;0060437618919153;5;20260527;10;CN;0060437618919153;5;9867094580;98448083;;;0;;;;9867094580;;ME M63;;;0;PCE;113;4;20261102;20261108
VDA4905;ECAR;EDIFACT;ME26052702100325;241;10;0060437618919153;5;20260527;10;CN;0060437618919153;5;9867094580;98448083;;;0;;;;9867094580;;ME M63;;;0;PCE;113;4;20261109;20261115
VDA4905;ECAR;EDIFACT;ME26052702100325;241;10;0060437618919153;5;20260527;10;CN;0060437618919153;5;9867094580;98448083;;;0;;;;9867094580;;ME M63;;;0;PCE;113;4;20261116;20261122
VDA4905;ECAR;EDIFACT;ME26052702100325;241;10;0060437618919153;5;20260527;10;CN;0060437618919153;5;9867094580;98448083;;;0;;;;9867094580;;ME M63;;;0;PCE;113;4;20261123;20261129
VDA4905;ECAR;EDIFACT;ME26052702100325;241;10;0060437618919153;5;20260527;10;CN;0060437618919153;5;9867094580;98448083;;;0;;;;9867094580;;ME M63;;;0;PCE;113;4;20261130;20261206
VDA4905;ECAR;EDIFACT;ME26052702100325;241;10;0060437618919153;5;20260527;10;CN;0060437618919153;5;9867094580;98448083;;;0;;;;9867094580;;ME M63;;;0;PCE;113;4;20261207;20261213
VDA4905;ECAR;EDIFACT;ME26052702100325;241;10;0060437618919153;5;20260527;10;CN;0060437618919153;5;9867094580;98448083;;;0;;;;9867094580;;ME M63;;;0;PCE;113;4;20261214;20261220
VDA4905;ECAR;EDIFACT;ME26052702100325;241;10;0060437618919153;5;20260527;10;CN;0060437618919153;5;9867094580;98448083;;;0;;;;9867094580;;ME M63;;;0;PCE;113;4;20261221;20261227
VDA4905;ECAR;EDIFACT;ME26052702100325;241;10;0060437618919153;5;20260527;10;CN;0060437618919153;5;9867094580;98448083;;;0;;;;9867094580;;ME M63;;;0;PCE;113;4;20261228;20261231
VDA4905;ECAR;EDIFACT;ME26052702100325;241;10;0060437618919153;5;20260527;10;CN;0060437618919153;5;9867094580;98448083;;;0;;;;9867094580;;ME M63;;;0;PCE;113;4;20270101;20270103
VDA4905;ECAR;EDIFACT;ME26052702100325;241;10;0060437618919153;5;20260527;10;CN;0060437618919153;5;9867094580;98448083;;;0;;;;9867094580;;ME M63;;;0;PCE;113;4;20270104;20270110
VDA4905;ECAR;EDIFACT;ME26052702100325;241;10;0060437618919153;5;20260527;10;CN;0060437618919153;5;9867094580;98448083;;;0;;;;9867094580;;ME M63;;;0;PCE;113;4;20270111;20270117
VDA4905;ECAR;EDIFACT;ME26052702100325;241;10;0060437618919153;5;20260527;10;CN;0060437618919153;5;9867094580;98448083;;;0;;;;9867094580;;ME M63;;;0;PCE;113;4;20270118;20270124
VDA4905;ECAR;EDIFACT;ME26052702100325;241;10;0060437618919153;5;20260527;10;CN;0060437618919153;5;9867094580;98448083;;;0;;;;9867094580;;ME M63;;;0;PCE;113;4;20270125;20270131
VDA4905;ECAR;EDIFACT;ME26052702100325;241;10;0060437618919153;5;20260527;10;CN;0060437618919153;5;9867094580;98448083;;;0;;;;9867094580;;ME M63;;;0;PCE;113;4;20270201;20270207
VDA4905;ECAR;EDIFACT;ME26052702100325;241;10;0060437618919153;5;20260527;10;CN;0060437618919153;5;9867094580;98448083;;;0;;;;9867094580;;ME M63;;;0;PCE;113;4;20270208;20270214
VDA4905;ECAR;EDIFACT;ME26052702100325;241;10;0060437618919153;5;20260527;10;CN;0060437618919153;5;9867094580;98448083;;;0;;;;9867094580;;ME M63;;;0;PCE;113;4;20270215;20270221
VDA4905;ECAR;EDIFACT;ME26052702100325;241;10;0060437618919153;5;20260527;10;CN;0060437618919153;5;9867094580;98448083;;;0;;;;9867094580;;ME M63;;;0;PCE;113;4;20270222;20270228
VDA4905;ECAR;EDIFACT;ME26052702100325;241;10;0060437618919153;5;20260527;10;CN;0060437618919153;5;9867094580;98448083;;;0;;;;9867094580;;ME M63;;;0;PCE;113;4;20270301;20270307
VDA4905;ECAR;EDIFACT;ME26052702100325;241;10;0060437618919153;5;20260527;10;CN;0060437618919153;5;9867094580;98448083;;;0;;;;9867094580;;ME M63;;;0;PCE;113;4;20270308;20270314
VDA4905;ECAR;EDIFACT;ME26052702100325;241;10;0060437618919153;5;20260527;10;CN;0060437618919153;5;9867094580;98448083;;;0;;;;9867094580;;ME M63;;;0;PCE;113;4;20270315;20270321
VDA4905;ECAR;EDIFACT;ME26052702100325;241;10;0060437618919153;5;20260527;10;CN;0060437618919153;5;9867094580;98448083;;;0;;;;9867094580;;ME M63;;;0;PCE;113;4;20270322;20270328
VDA4905;ECAR;EDIFACT;ME26052702100325;241;10;0060437618919153;5;20260527;10;CN;0060437618919153;5;9867094580;98448083;;;0;;;;9867094580;;ME M63;;;0;PCE;113;4;20270329;20270404
VDA4905;ECAR;EDIFACT;ME26052702100325;241;10;0060437618919153;5;20260527;10;CN;0060437618919153;5;9867094580;98448083;;;0;;;;9867094580;;ME M63;;;0;PCE;113;4;20270405;20270411
VDA4905;ECAR;EDIFACT;ME26052702100325;241;10;0060437618919153;5;20260527;10;CN;0060437618919153;5;9867094580;98448083;;;0;;;;9867094580;;ME M63;;;0;PCE;113;4;20270412;20270418
VDA4905;ECAR;EDIFACT;ME26052702100325;241;10;0060437618919153;5;20260527;10;CN;0060437618919153;5;9867094580;98448083;;;0;;;;9867094580;;ME M63;;;0;PCE;113;4;20270419;20270425
VDA4905;ECAR;EDIFACT;ME26052702100325;241;10;0060437618919153;5;20260527;10;CN;0060437618919153;5;9867094580;98448083;;;0;;;;9867094580;;ME M63;;;0;PCE;113;4;20270426;20270502
VDA4905;ECAR;EDIFACT;ME26052702100325;241;10;0060437618919153;5;20260527;10;CN;0060437618919153;5;9867094980;98446401;;;0;;;;9867094980;;ME M63;;;0;PCE;113;4;20260615;20260615
VDA4905;ECAR;EDIFACT;ME26052702100325;241;10;0060437618919153;5;20260527;10;CN;0060437618919153;5;9867094980;98446401;;;0;;;;9867094980;;ME M63;;;0;PCE;113;4;20260616;20260616
VDA4905;ECAR;EDIFACT;ME26052702100325;241;10;0060437618919153;5;20260527;10;CN;0060437618919153;5;9867094980;98446401;;;0;;;;9867094980;;ME M63;;;0;PCE;113;4;20260617;20260617
VDA4905;ECAR;EDIFACT;ME26052702100325;241;10;0060437618919153;5;20260527;10;CN;0060437618919153;5;9867094980;98446401;;;0;;;;9867094980;;ME M63;;;0;PCE;113;4;20260618;20260618
VDA4905;ECAR;EDIFACT;ME26052702100325;241;10;0060437618919153;5;20260527;10;CN;0060437618919153;5;9867094980;98446401;;;0;;;;9867094980;;ME M63;;;0;PCE;113;4;20260619;20260619
VDA4905;ECAR;EDIFACT;ME26052702100325;241;10;0060437618919153;5;20260527;10;CN;0060437618919153;5;9867094980;98446401;;;0;;;;9867094980;;ME M63;;;0;PCE;113;4;20260620;20260620
VDA4905;ECAR;EDIFACT;ME26052702100325;241;10;0060437618919153;5;20260527;10;CN;0060437618919153;5;9867094980;98446401;;;0;;;;9867094980;;ME M63;;;0;PCE;113;4;20260621;20260621
VDA4905;ECAR;EDIFACT;ME26052702100325;241;10;0060437618919153;5;20260527;10;CN;0060437618919153;5;9867094980;98446401;;;0;;;;9867094980;;ME M63;;;0;PCE;113;4;20260622;20260628
VDA4905;ECAR;EDIFACT;ME26052702100325;241;10;0060437618919153;5;20260527;10;CN;0060437618919153;5;9867094980;98446401;;;0;;;;9867094980;;ME M63;;;0;PCE;113;4;20260706;20260712
VDA4905;ECAR;EDIFACT;ME26052702100325;241;10;0060437618919153;5;20260527;10;CN;0060437618919153;5;9867094980;98446401;;;0;;;;9867094980;;ME M63;;;0;PCE;113;4;20260720;20260726
VDA4905;ECAR;EDIFACT;ME26052702100325;241;10;0060437618919153;5;20260527;10;CN;0060437618919153;5;9867094980;98446401;;;0;;;;9867094980;;ME M63;;;0;PCE;113;4;20260817;20260823
VDA4905;ECAR;EDIFACT;ME26052702100325;241;10;0060437618919153;5;20260527;10;CN;0060437618919153;5;9867094980;98446401;;;0;;;;9867094980;;ME M63;;;0;PCE;113;4;20260824;20260830
VDA4905;ECAR;EDIFACT;ME26052702100325;241;10;0060437618919153;5;20260527;10;CN;0060437618919153;5;9867094980;98446401;;;0;;;;9867094980;;ME M63;;;0;PCE;113;4;20260831;20260906
VDA4905;ECAR;EDIFACT;ME26052702100325;241;10;0060437618919153;5;20260527;10;CN;0060437618919153;5;9867094980;98446401;;;0;;;;9867094980;;ME M63;;;0;PCE;113;4;20260907;20260913
VDA4905;ECAR;EDIFACT;ME26052702100325;241;10;0060437618919153;5;20260527;10;CN;0060437618919153;5;9867094980;98446401;;;0;;;;9867094980;;ME M63;;;0;PCE;113;4;20260914;20260920
VDA4905;ECAR;EDIFACT;ME26052702100325;241;10;0060437618919153;5;20260527;10;CN;0060437618919153;5;9867094980;98446401;;;0;;;;9867094980;;ME M63;;;0;PCE;113;4;20260921;20260927
VDA4905;ECAR;EDIFACT;ME26052702100325;241;10;0060437618919153;5;20260527;10;CN;0060437618919153;5;9867094980;98446401;;;0;;;;9867094980;;ME M63;;;0;PCE;113;4;20260928;20261004
VDA4905;ECAR;EDIFACT;ME26052702100325;241;10;0060437618919153;5;20260527;10;CN;0060437618919153;5;9867094980;98446401;;;0;;;;9867094980;;ME M63;;;0;PCE;113;4;20261005;20261011
VDA4905;ECAR;EDIFACT;ME26052702100325;241;10;0060437618919153;5;20260527;10;CN;0060437618919153;5;9867094980;98446401;;;0;;;;9867094980;;ME M63;;;0;PCE;113;4;20261012;20261018
VDA4905;ECAR;EDIFACT;ME26052702100325;241;10;0060437618919153;5;20260527;10;CN;0060437618919153;5;9867094980;98446401;;;0;;;;9867094980;;ME M63;;;0;PCE;113;4;20261019;20261025
VDA4905;ECAR;EDIFACT;ME26052702100325;241;10;0060437618919153;5;20260527;10;CN;0060437618919153;5;9867094980;98446401;;;0;;;;9867094980;;ME M63;;;0;PCE;113;4;20261026;20261101
VDA4905;ECAR;EDIFACT;ME26052702100325;241;10;0060437618919153;5;20260527;10;CN;0060437618919153;5;9867094980;98446401;;;0;;;;9867094980;;ME M63;;;0;PCE;113;4;20261102;20261108
VDA4905;ECAR;EDIFACT;ME26052702100325;241;10;0060437618919153;5;20260527;10;CN;0060437618919153;5;9867094980;98446401;;;0;;;;9867094980;;ME M63;;;0;PCE;113;4;20261109;20261115
VDA4905;ECAR;EDIFACT;ME26052702100325;241;10;0060437618919153;5;20260527;10;CN;0060437618919153;5;9867094980;98446401;;;0;;;;9867094980;;ME M63;;;0;PCE;113;4;20261116;20261122
VDA4905;ECAR;EDIFACT;ME26052702100325;241;10;0060437618919153;5;20260527;10;CN;0060437618919153;5;9867094980;98446401;;;0;;;;9867094980;;ME M63;;;0;PCE;113;4;20261123;20261129
VDA4905;ECAR;EDIFACT;ME26052702100325;241;10;0060437618919153;5;20260527;10;CN;0060437618919153;5;9867094980;98446401;;;0;;;;9867094980;;ME M63;;;0;PCE;113;4;20261130;20261206
VDA4905;ECAR;EDIFACT;ME26052702100325;241;10;0060437618919153;5;20260527;10;CN;0060437618919153;5;9867094980;98446401;;;0;;;;9867094980;;ME M63;;;0;PCE;113;4;20261207;20261213
VDA4905;ECAR;EDIFACT;ME26052702100325;241;10;0060437618919153;5;20260527;10;CN;0060437618919153;5;9867094980;98446401;;;0;;;;9867094980;;ME M63;;;0;PCE;113;4;20261214;20261220
VDA4905;ECAR;EDIFACT;ME26052702100325;241;10;0060437618919153;5;20260527;10;CN;0060437618919153;5;9867094980;98446401;;;0;;;;9867094980;;ME M63;;;0;PCE;113;4;20261221;20261227
VDA4905;ECAR;EDIFACT;ME26052702100325;241;10;0060437618919153;5;20260527;10;CN;0060437618919153;5;9867094980;98446401;;;0;;;;9867094980;;ME M63;;;0;PCE;113;4;20270111;20270117
VDA4905;ECAR;EDIFACT;ME26052702100325;241;10;0060437618919153;5;20260527;10;CN;0060437618919153;5;9867094980;98446401;;;0;;;;9867094980;;ME M63;;;0;PCE;113;4;20270118;20270124
VDA4905;ECAR;EDIFACT;ME26052702100325;241;10;0060437618919153;5;20260527;10;CN;0060437618919153;5;9867094980;98446401;;;0;;;;9867094980;;ME M63;;;0;PCE;113;4;20270125;20270131
VDA4905;ECAR;EDIFACT;ME26052702100325;241;10;0060437618919153;5;20260527;10;CN;0060437618919153;5;9867094980;98446401;;;0;;;;9867094980;;ME M63;;;0;PCE;113;4;20270201;20270207
VDA4905;ECAR;EDIFACT;ME26052702100325;241;10;0060437618919153;5;20260527;10;CN;0060437618919153;5;9867094980;98446401;;;0;;;;9867094980;;ME M63;;;0;PCE;113;4;20270215;20270221
VDA4905;ECAR;EDIFACT;ME26052702100325;241;10;0060437618919153;5;20260527;10;CN;0060437618919153;5;9867094980;98446401;;;0;;;;9867094980;;ME M63;;;0;PCE;113;4;20270222;20270228
VDA4905;ECAR;EDIFACT;ME26052702100325;241;10;0060437618919153;5;20260527;10;CN;0060437618919153;5;9867094980;98446401;;;0;;;;9867094980;;ME M63;;;0;PCE;113;4;20270301;20270307
VDA4905;ECAR;EDIFACT;ME26052702100325;241;10;0060437618919153;5;20260527;10;CN;0060437618919153;5;9867094980;98446401;;;0;;;;9867094980;;ME M63;;;0;PCE;113;4;20270308;20270314
VDA4905;ECAR;EDIFACT;ME26052702100325;241;10;0060437618919153;5;20260527;10;CN;0060437618919153;5;9867094980;98446401;;;0;;;;9867094980;;ME M63;;;0;PCE;113;4;20270315;20270321
VDA4905;ECAR;EDIFACT;ME26052702100325;241;10;0060437618919153;5;20260527;10;CN;0060437618919153;5;9867094980;98446401;;;0;;;;9867094980;;ME M63;;;0;PCE;113;4;20270322;20270328
VDA4905;ECAR;EDIFACT;ME26052702100325;241;10;0060437618919153;5;20260527;10;CN;0060437618919153;5;9867094980;98446401;;;0;;;;9867094980;;ME M63;;;0;PCE;113;4;20270329;20270404
VDA4905;ECAR;EDIFACT;ME26052702100325;241;10;0060437618919153;5;20260527;10;CN;0060437618919153;5;9867094980;98446401;;;0;;;;9867094980;;ME M63;;;0;PCE;113;4;20270405;20270411
VDA4905;ECAR;EDIFACT;ME26052702100325;241;10;0060437618919153;5;20260527;10;CN;0060437618919153;5;9867094980;98446401;;;0;;;;9867094980;;ME M63;;;0;PCE;113;4;20270412;20270418
VDA4905;ECAR;EDIFACT;ME26052702100325;241;10;0060437618919153;5;20260527;10;CN;0060437618919153;5;9867094980;98446401;;;0;;;;9867094980;;ME M63;;;0;PCE;113;4;20270419;20270425
VDA4905;ECAR;EDIFACT;ME26052702100325;241;10;0060437618919153;5;20260527;10;CN;0060437618919153;5;9867094980;98446401;;;0;;;;9867094980;;ME M63;;;0;PCE;113;4;20270426;20270502
VDA4905;ECAR;EDIFACT;ME26052702100325;241;10;0060437618919153;5;20260527;10;CN;0060437618919153;5;9867095380;98446396;;;0;;;;9867095380;;ME M63;;;0;PCE;113;4;20260603;20260603
VDA4905;ECAR;EDIFACT;ME26052702100325;241;10;0060437618919153;5;20260527;10;CN;0060437618919153;5;9867096780;98448082;;;0;;;;9867096780;;ME M63;;;0;PCE;113;4;20260603;20260603
VDA4905;ECAR;EDIFACT;ME26052702100325;241;10;0060437618919153;5;20260527;10;CN;0060437618919153;5;9867096780;98448082;;;0;;;;9867096780;;ME M63;;;0;PCE;113;4;20260609;20260609
VDA4905;ECAR;EDIFACT;ME26052702100325;241;10;0060437618919153;5;20260527;10;CN;0060437618919153;5;9867096780;98448082;;;0;;;;9867096780;;ME M63;;;0;PCE;113;4;20260611;20260611
VDA4905;ECAR;EDIFACT;ME26052702100325;241;10;0060437618919153;5;20260527;10;CN;0060437618919153;5;9867096780;98448082;;;0;;;;9867096780;;ME M63;;;0;PCE;113;4;20260612;20260612
VDA4905;ECAR;EDIFACT;ME26052702100325;241;10;0060437618919153;5;20260527;10;CN;0060437618919153;5;9867096780;98448082;;;0;;;;9867096780;;ME M63;;;0;PCE;113;4;20260615;20260615
VDA4905;ECAR;EDIFACT;ME26052702100325;241;10;0060437618919153;5;20260527;10;CN;0060437618919153;5;9867096780;98448082;;;0;;;;9867096780;;ME M63;;;0;PCE;113;4;20260616;20260616
VDA4905;ECAR;EDIFACT;ME26052702100325;241;10;0060437618919153;5;20260527;10;CN;0060437618919153;5;9867096780;98448082;;;0;;;;9867096780;;ME M63;;;0;PCE;113;4;20260617;20260617
VDA4905;ECAR;EDIFACT;ME26052702100325;241;10;0060437618919153;5;20260527;10;CN;0060437618919153;5;9867096780;98448082;;;0;;;;9867096780;;ME M63;;;0;PCE;113;4;20260618;20260618
VDA4905;ECAR;EDIFACT;ME26052702100325;241;10;0060437618919153;5;20260527;10;CN;0060437618919153;5;9867096780;98448082;;;0;;;;9867096780;;ME M63;;;0;PCE;113;4;20260619;20260619
VDA4905;ECAR;EDIFACT;ME26052702100325;241;10;0060437618919153;5;20260527;10;CN;0060437618919153;5;9867096780;98448082;;;0;;;;9867096780;;ME M63;;;0;PCE;113;4;20260620;20260620
VDA4905;ECAR;EDIFACT;ME26052702100325;241;10;0060437618919153;5;20260527;10;CN;0060437618919153;5;9867096780;98448082;;;0;;;;9867096780;;ME M63;;;0;PCE;113;4;20260621;20260621
VDA4905;ECAR;EDIFACT;ME26052702100325;241;10;0060437618919153;5;20260527;10;CN;0060437618919153;5;9867096780;98448082;;;0;;;;9867096780;;ME M63;;;0;PCE;113;4;20260622;20260628
VDA4905;ECAR;EDIFACT;ME26052702100325;241;10;0060437618919153;5;20260527;10;CN;0060437618919153;5;9867096780;98448082;;;0;;;;9867096780;;ME M63;;;0;PCE;113;4;20260629;20260705
VDA4905;ECAR;EDIFACT;ME26052702100325;241;10;0060437618919153;5;20260527;10;CN;0060437618919153;5;9867096780;98448082;;;0;;;;9867096780;;ME M63;;;0;PCE;113;4;20260706;20260712
VDA4905;ECAR;EDIFACT;ME26052702100325;241;10;0060437618919153;5;20260527;10;CN;0060437618919153;5;9867096780;98448082;;;0;;;;9867096780;;ME M63;;;0;PCE;113;4;20260713;20260719
VDA4905;ECAR;EDIFACT;ME26052702100325;241;10;0060437618919153;5;20260527;10;CN;0060437618919153;5;9867096780;98448082;;;0;;;;9867096780;;ME M63;;;0;PCE;113;4;20260720;20260726
VDA4905;ECAR;EDIFACT;ME26052702100325;241;10;0060437618919153;5;20260527;10;CN;0060437618919153;5;9867096780;98448082;;;0;;;;9867096780;;ME M63;;;0;PCE;113;4;20260817;20260823
VDA4905;ECAR;EDIFACT;ME26052702100325;241;10;0060437618919153;5;20260527;10;CN;0060437618919153;5;9867096780;98448082;;;0;;;;9867096780;;ME M63;;;0;PCE;113;4;20260824;20260830
VDA4905;ECAR;EDIFACT;ME26052702100325;241;10;0060437618919153;5;20260527;10;CN;0060437618919153;5;9867096780;98448082;;;0;;;;9867096780;;ME M63;;;0;PCE;113;4;20260831;20260906
VDA4905;ECAR;EDIFACT;ME26052702100325;241;10;0060437618919153;5;20260527;10;CN;0060437618919153;5;9867096780;98448082;;;0;;;;9867096780;;ME M63;;;0;PCE;113;4;20260907;20260913
VDA4905;ECAR;EDIFACT;ME26052702100325;241;10;0060437618919153;5;20260527;10;CN;0060437618919153;5;9867096780;98448082;;;0;;;;9867096780;;ME M63;;;0;PCE;113;4;20260914;20260920
VDA4905;ECAR;EDIFACT;ME26052702100325;241;10;0060437618919153;5;20260527;10;CN;0060437618919153;5;9867096780;98448082;;;0;;;;9867096780;;ME M63;;;0;PCE;113;4;20260921;20260927
VDA4905;ECAR;EDIFACT;ME26052702100325;241;10;0060437618919153;5;20260527;10;CN;0060437618919153;5;9867096780;98448082;;;0;;;;9867096780;;ME M63;;;0;PCE;113;4;20260928;20261004
VDA4905;ECAR;EDIFACT;ME26052702100325;241;10;0060437618919153;5;20260527;10;CN;0060437618919153;5;9867096780;98448082;;;0;;;;9867096780;;ME M63;;;0;PCE;113;4;20261005;20261011
VDA4905;ECAR;EDIFACT;ME26052702100325;241;10;0060437618919153;5;20260527;10;CN;0060437618919153;5;9867096780;98448082;;;0;;;;9867096780;;ME M63;;;0;PCE;113;4;20261012;20261018
VDA4905;ECAR;EDIFACT;ME26052702100325;241;10;0060437618919153;5;20260527;10;CN;0060437618919153;5;9867096780;98448082;;;0;;;;9867096780;;ME M63;;;0;PCE;113;4;20261019;20261025
VDA4905;ECAR;EDIFACT;ME26052702100325;241;10;0060437618919153;5;20260527;10;CN;0060437618919153;5;9867096780;98448082;;;0;;;;9867096780;;ME M63;;;0;PCE;113;4;20261026;20261101
VDA4905;ECAR;EDIFACT;ME26052702100325;241;10;0060437618919153;5;20260527;10;CN;0060437618919153;5;9867096780;98448082;;;0;;;;9867096780;;ME M63;;;0;PCE;113;4;20261102;20261108
VDA4905;ECAR;EDIFACT;ME26052702100325;241;10;0060437618919153;5;20260527;10;CN;0060437618919153;5;9867096780;98448082;;;0;;;;9867096780;;ME M63;;;0;PCE;113;4;20261109;20261115
VDA4905;ECAR;EDIFACT;ME26052702100325;241;10;0060437618919153;5;20260527;10;CN;0060437618919153;5;9867096780;98448082;;;0;;;;9867096780;;ME M63;;;0;PCE;113;4;20261116;20261122
VDA4905;ECAR;EDIFACT;ME26052702100325;241;10;0060437618919153;5;20260527;10;CN;0060437618919153;5;9867096780;98448082;;;0;;;;9867096780;;ME M63;;;0;PCE;113;4;20261123;20261129
VDA4905;ECAR;EDIFACT;ME26052702100325;241;10;0060437618919153;5;20260527;10;CN;0060437618919153;5;9867096780;98448082;;;0;;;;9867096780;;ME M63;;;0;PCE;113;4;20261130;20261206
VDA4905;ECAR;EDIFACT;ME26052702100325;241;10;0060437618919153;5;20260527;10;CN;0060437618919153;5;9867096780;98448082;;;0;;;;9867096780;;ME M63;;;0;PCE;113;4;20261207;20261213
VDA4905;ECAR;EDIFACT;ME26052702100325;241;10;0060437618919153;5;20260527;10;CN;0060437618919153;5;9867096780;98448082;;;0;;;;9867096780;;ME M63;;;0;PCE;113;4;20261214;20261220
VDA4905;ECAR;EDIFACT;ME26052702100325;241;10;0060437618919153;5;20260527;10;CN;0060437618919153;5;9867096780;98448082;;;0;;;;9867096780;;ME M63;;;0;PCE;113;4;20270118;20270124
VDA4905;ECAR;EDIFACT;ME26052702100325;241;10;0060437618919153;5;20260527;10;CN;0060437618919153;5;9867096780;98448082;;;0;;;;9867096780;;ME M63;;;0;PCE;113;4;20270208;20270214
VDA4905;ECAR;EDIFACT;ME26052702100325;241;10;0060437618919153;5;20260527;10;CN;0060437618919153;5;9867096780;98448082;;;0;;;;9867096780;;ME M63;;;0;PCE;113;4;20270301;20270307
VDA4905;ECAR;EDIFACT;ME26052702100325;241;10;0060437618919153;5;20260527;10;CN;0060437618919153;5;9867096780;98448082;;;0;;;;9867096780;;ME M63;;;0;PCE;113;4;20270315;20270321
VDA4905;ECAR;EDIFACT;ME26052702100325;241;10;0060437618919153;5;20260527;10;CN;0060437618919153;5;9867096780;98448082;;;0;;;;9867096780;;ME M63;;;0;PCE;113;4;20270329;20270404
VDA4905;ECAR;EDIFACT;ME26052702100325;241;10;0060437618919153;5;20260527;10;CN;0060437618919153;5;9867096780;98448082;;;0;;;;9867096780;;ME M63;;;0;PCE;113;4;20270405;20270411
VDA4905;ECAR;EDIFACT;ME26052702100325;241;10;0060437618919153;5;20260527;10;CN;0060437618919153;5;9867096780;98448082;;;0;;;;9867096780;;ME M63;;;0;PCE;113;4;20270412;20270418
VDA4905;ECAR;EDIFACT;ME26052702100325;241;10;0060437618919153;5;20260527;10;CN;0060437618919153;5;9867096780;98448082;;;0;;;;9867096780;;ME M63;;;0;PCE;113;4;20270426;20270502
VDA4905;ECAR;EDIFACT;ME26052702100325;241;10;0060437618919153;5;20260527;10;CN;0060437618919153;5;9867096980;98446399;;;0;;;;9867096980;;ME M63;;;0;PCE;113;4;20260603;20260603
VDA4905;ECAR;EDIFACT;ME26052702100325;241;10;0060437618919153;5;20260527;10;CN;0060437618919153;5;9867096980;98446399;;;0;;;;9867096980;;ME M63;;;0;PCE;113;4;20260605;20260605
VDA4905;ECAR;EDIFACT;ME26052702100325;241;10;0060437618919153;5;20260527;10;CN;0060437618919153;5;9867096980;98446399;;;0;;;;9867096980;;ME M63;;;0;PCE;113;4;20260610;20260610
VDA4905;ECAR;EDIFACT;ME26052702100325;241;10;0060437618919153;5;20260527;10;CN;0060437618919153;5;9867096980;98446399;;;0;;;;9867096980;;ME M63;;;0;PCE;113;4;20260615;20260615
VDA4905;ECAR;EDIFACT;ME26052702100325;241;10;0060437618919153;5;20260527;10;CN;0060437618919153;5;9867096980;98446399;;;0;;;;9867096980;;ME M63;;;0;PCE;113;4;20260616;20260616
VDA4905;ECAR;EDIFACT;ME26052702100325;241;10;0060437618919153;5;20260527;10;CN;0060437618919153;5;9867096980;98446399;;;0;;;;9867096980;;ME M63;;;0;PCE;113;4;20260617;20260617
VDA4905;ECAR;EDIFACT;ME26052702100325;241;10;0060437618919153;5;20260527;10;CN;0060437618919153;5;9867096980;98446399;;;0;;;;9867096980;;ME M63;;;0;PCE;113;4;20260618;20260618
VDA4905;ECAR;EDIFACT;ME26052702100325;241;10;0060437618919153;5;20260527;10;CN;0060437618919153;5;9867096980;98446399;;;0;;;;9867096980;;ME M63;;;0;PCE;113;4;20260619;20260619
VDA4905;ECAR;EDIFACT;ME26052702100325;241;10;0060437618919153;5;20260527;10;CN;0060437618919153;5;9867096980;98446399;;;0;;;;9867096980;;ME M63;;;0;PCE;113;4;20260620;20260620
VDA4905;ECAR;EDIFACT;ME26052702100325;241;10;0060437618919153;5;20260527;10;CN;0060437618919153;5;9867096980;98446399;;;0;;;;9867096980;;ME M63;;;0;PCE;113;4;20260621;20260621
VDA4905;ECAR;EDIFACT;ME26052702100325;241;10;0060437618919153;5;20260527;10;CN;0060437618919153;5;9867096980;98446399;;;0;;;;9867096980;;ME M63;;;0;PCE;113;4;20260622;20260628
VDA4905;ECAR;EDIFACT;ME26052702100325;241;10;0060437618919153;5;20260527;10;CN;0060437618919153;5;9867096980;98446399;;;0;;;;9867096980;;ME M63;;;0;PCE;113;4;20260629;20260705
VDA4905;ECAR;EDIFACT;ME26052702100325;241;10;0060437618919153;5;20260527;10;CN;0060437618919153;5;9867096980;98446399;;;0;;;;9867096980;;ME M63;;;0;PCE;113;4;20260706;20260712
VDA4905;ECAR;EDIFACT;ME26052702100325;241;10;0060437618919153;5;20260527;10;CN;0060437618919153;5;9867096980;98446399;;;0;;;;9867096980;;ME M63;;;0;PCE;113;4;20260713;20260719
VDA4905;ECAR;EDIFACT;ME26052702100325;241;10;0060437618919153;5;20260527;10;CN;0060437618919153;5;9867096980;98446399;;;0;;;;9867096980;;ME M63;;;0;PCE;113;4;20260720;20260726
VDA4905;ECAR;EDIFACT;ME26052702100325;241;10;0060437618919153;5;20260527;10;CN;0060437618919153;5;9867096980;98446399;;;0;;;;9867096980;;ME M63;;;0;PCE;113;4;20260817;20260823
VDA4905;ECAR;EDIFACT;ME26052702100325;241;10;0060437618919153;5;20260527;10;CN;0060437618919153;5;9867096980;98446399;;;0;;;;9867096980;;ME M63;;;0;PCE;113;4;20260824;20260830
VDA4905;ECAR;EDIFACT;ME26052702100325;241;10;0060437618919153;5;20260527;10;CN;0060437618919153;5;9867096980;98446399;;;0;;;;9867096980;;ME M63;;;0;PCE;113;4;20260831;20260906
VDA4905;ECAR;EDIFACT;ME26052702100325;241;10;0060437618919153;5;20260527;10;CN;0060437618919153;5;9867096980;98446399;;;0;;;;9867096980;;ME M63;;;0;PCE;113;4;20260907;20260913
VDA4905;ECAR;EDIFACT;ME26052702100325;241;10;0060437618919153;5;20260527;10;CN;0060437618919153;5;9867096980;98446399;;;0;;;;9867096980;;ME M63;;;0;PCE;113;4;20260914;20260920
VDA4905;ECAR;EDIFACT;ME26052702100325;241;10;0060437618919153;5;20260527;10;CN;0060437618919153;5;9867096980;98446399;;;0;;;;9867096980;;ME M63;;;0;PCE;113;4;20260921;20260927
VDA4905;ECAR;EDIFACT;ME26052702100325;241;10;0060437618919153;5;20260527;10;CN;0060437618919153;5;9867096980;98446399;;;0;;;;9867096980;;ME M63;;;0;PCE;113;4;20260928;20261004
VDA4905;ECAR;EDIFACT;ME26052702100325;241;10;0060437618919153;5;20260527;10;CN;0060437618919153;5;9867096980;98446399;;;0;;;;9867096980;;ME M63;;;0;PCE;113;4;20261005;20261011
VDA4905;ECAR;EDIFACT;ME26052702100325;241;10;0060437618919153;5;20260527;10;CN;0060437618919153;5;9867096980;98446399;;;0;;;;9867096980;;ME M63;;;0;PCE;113;4;20261012;20261018
VDA4905;ECAR;EDIFACT;ME26052702100325;241;10;0060437618919153;5;20260527;10;CN;0060437618919153;5;9867096980;98446399;;;0;;;;9867096980;;ME M63;;;0;PCE;113;4;20261019;20261025
VDA4905;ECAR;EDIFACT;ME26052702100325;241;10;0060437618919153;5;20260527;10;CN;0060437618919153;5;9867096980;98446399;;;0;;;;9867096980;;ME M63;;;0;PCE;113;4;20261026;20261101
VDA4905;ECAR;EDIFACT;ME26052702100325;241;10;0060437618919153;5;20260527;10;CN;0060437618919153;5;9867096980;98446399;;;0;;;;9867096980;;ME M63;;;0;PCE;113;4;20261102;20261108
VDA4905;ECAR;EDIFACT;ME26052702100325;241;10;0060437618919153;5;20260527;10;CN;0060437618919153;5;9867096980;98446399;;;0;;;;9867096980;;ME M63;;;0;PCE;113;4;20261109;20261115
VDA4905;ECAR;EDIFACT;ME26052702100325;241;10;0060437618919153;5;20260527;10;CN;0060437618919153;5;9867096980;98446399;;;0;;;;9867096980;;ME M63;;;0;PCE;113;4;20261116;20261122
VDA4905;ECAR;EDIFACT;ME26052702100325;241;10;0060437618919153;5;20260527;10;CN;0060437618919153;5;9867096980;98446399;;;0;;;;9867096980;;ME M63;;;0;PCE;113;4;20261123;20261129
VDA4905;ECAR;EDIFACT;ME26052702100325;241;10;0060437618919153;5;20260527;10;CN;0060437618919153;5;9867096980;98446399;;;0;;;;9867096980;;ME M63;;;0;PCE;113;4;20261130;20261206
VDA4905;ECAR;EDIFACT;ME26052702100325;241;10;0060437618919153;5;20260527;10;CN;0060437618919153;5;9867096980;98446399;;;0;;;;9867096980;;ME M63;;;0;PCE;113;4;20261207;20261213
VDA4905;ECAR;EDIFACT;ME26052702100325;241;10;0060437618919153;5;20260527;10;CN;0060437618919153;5;9867096980;98446399;;;0;;;;9867096980;;ME M63;;;0;PCE;113;4;20261214;20261220
VDA4905;ECAR;EDIFACT;ME26052702100325;241;10;0060437618919153;5;20260527;10;CN;0060437618919153;5;9867096980;98446399;;;0;;;;9867096980;;ME M63;;;0;PCE;113;4;20270101;20270103
VDA4905;ECAR;EDIFACT;ME26052702100325;241;10;0060437618919153;5;20260527;10;CN;0060437618919153;5;9867096980;98446399;;;0;;;;9867096980;;ME M63;;;0;PCE;113;4;20270104;20270110
VDA4905;ECAR;EDIFACT;ME26052702100325;241;10;0060437618919153;5;20260527;10;CN;0060437618919153;5;9867096980;98446399;;;0;;;;9867096980;;ME M63;;;0;PCE;113;4;20270111;20270117
VDA4905;ECAR;EDIFACT;ME26052702100325;241;10;0060437618919153;5;20260527;10;CN;0060437618919153;5;9867096980;98446399;;;0;;;;9867096980;;ME M63;;;0;PCE;113;4;20270118;20270124
VDA4905;ECAR;EDIFACT;ME26052702100325;241;10;0060437618919153;5;20260527;10;CN;0060437618919153;5;9867096980;98446399;;;0;;;;9867096980;;ME M63;;;0;PCE;113;4;20270125;20270131
VDA4905;ECAR;EDIFACT;ME26052702100325;241;10;0060437618919153;5;20260527;10;CN;0060437618919153;5;9867096980;98446399;;;0;;;;9867096980;;ME M63;;;0;PCE;113;4;20270201;20270207
VDA4905;ECAR;EDIFACT;ME26052702100325;241;10;0060437618919153;5;20260527;10;CN;0060437618919153;5;9867096980;98446399;;;0;;;;9867096980;;ME M63;;;0;PCE;113;4;20270215;20270221
VDA4905;ECAR;EDIFACT;ME26052702100325;241;10;0060437618919153;5;20260527;10;CN;0060437618919153;5;9867096980;98446399;;;0;;;;9867096980;;ME M63;;;0;PCE;113;4;20270222;20270228
VDA4905;ECAR;EDIFACT;ME26052702100325;241;10;0060437618919153;5;20260527;10;CN;0060437618919153;5;9867096980;98446399;;;0;;;;9867096980;;ME M63;;;0;PCE;113;4;20270308;20270314
VDA4905;ECAR;EDIFACT;ME26052702100325;241;10;0060437618919153;5;20260527;10;CN;0060437618919153;5;9867096980;98446399;;;0;;;;9867096980;;ME M63;;;0;PCE;113;4;20270315;20270321
VDA4905;ECAR;EDIFACT;ME26052702100325;241;10;0060437618919153;5;20260527;10;CN;0060437618919153;5;9867096980;98446399;;;0;;;;9867096980;;ME M63;;;0;PCE;113;4;20270329;20270404
VDA4905;ECAR;EDIFACT;ME26052702100325;241;10;0060437618919153;5;20260527;10;CN;0060437618919153;5;9867096980;98446399;;;0;;;;9867096980;;ME M63;;;0;PCE;113;4;20270412;20270418
VDA4905;ECAR;EDIFACT;ME26052702100325;241;10;0060437618919153;5;20260527;10;CN;0060437618919153;5;9867096980;98446399;;;0;;;;9867096980;;ME M63;;;0;PCE;113;4;20270419;20270425
VDA4905;ECAR;EDIFACT;ME26052702100325;241;10;0060437618919153;5;20260527;10;CN;0060437618919153;5;9867096980;98446399;;;0;;;;9867096980;;ME M63;;;0;PCE;113;4;20270426;20270502
VDA4905;ECAR;EDIFACT;ME26052702100325;241;10;0060437618919153;5;20260527;10;CN;0060437618919153;5;9867097380;98446408;;;0;;;;9867097380;;ME M63;;;0;PCE;113;4;20260602;20260602
VDA4905;ECAR;EDIFACT;ME26052702100325;241;10;0060437618919153;5;20260527;10;CN;0060437618919153;5;9867097380;98446408;;;0;;;;9867097380;;ME M63;;;0;PCE;113;4;20260605;20260605
VDA4905;ECAR;EDIFACT;ME26052702100325;241;10;0060437618919153;5;20260527;10;CN;0060437618919153;5;9867097380;98446408;;;0;;;;9867097380;;ME M63;;;0;PCE;113;4;20260608;20260608
VDA4905;ECAR;EDIFACT;ME26052702100325;241;10;0060437618919153;5;20260527;10;CN;0060437618919153;5;9867097380;98446408;;;0;;;;9867097380;;ME M63;;;0;PCE;113;4;20260615;20260615
VDA4905;ECAR;EDIFACT;ME26052702100325;241;10;0060437618919153;5;20260527;10;CN;0060437618919153;5;9867097380;98446408;;;0;;;;9867097380;;ME M63;;;0;PCE;113;4;20260616;20260616
VDA4905;ECAR;EDIFACT;ME26052702100325;241;10;0060437618919153;5;20260527;10;CN;0060437618919153;5;9867097380;98446408;;;0;;;;9867097380;;ME M63;;;0;PCE;113;4;20260617;20260617
VDA4905;ECAR;EDIFACT;ME26052702100325;241;10;0060437618919153;5;20260527;10;CN;0060437618919153;5;9867097380;98446408;;;0;;;;9867097380;;ME M63;;;0;PCE;113;4;20260618;20260618
VDA4905;ECAR;EDIFACT;ME26052702100325;241;10;0060437618919153;5;20260527;10;CN;0060437618919153;5;9867097380;98446408;;;0;;;;9867097380;;ME M63;;;0;PCE;113;4;20260619;20260619
VDA4905;ECAR;EDIFACT;ME26052702100325;241;10;0060437618919153;5;20260527;10;CN;0060437618919153;5;9867097380;98446408;;;0;;;;9867097380;;ME M63;;;0;PCE;113;4;20260620;20260620
VDA4905;ECAR;EDIFACT;ME26052702100325;241;10;0060437618919153;5;20260527;10;CN;0060437618919153;5;9867097380;98446408;;;0;;;;9867097380;;ME M63;;;0;PCE;113;4;20260621;20260621
VDA4905;ECAR;EDIFACT;ME26052702100325;241;10;0060437618919153;5;20260527;10;CN;0060437618919153;5;9867097380;98446408;;;0;;;;9867097380;;ME M63;;;0;PCE;113;4;20260622;20260628
VDA4905;ECAR;EDIFACT;ME26052702100325;241;10;0060437618919153;5;20260527;10;CN;0060437618919153;5;9867097380;98446408;;;0;;;;9867097380;;ME M63;;;0;PCE;113;4;20260629;20260705
VDA4905;ECAR;EDIFACT;ME26052702100325;241;10;0060437618919153;5;20260527;10;CN;0060437618919153;5;9867097380;98446408;;;0;;;;9867097380;;ME M63;;;0;PCE;113;4;20260706;20260712
VDA4905;ECAR;EDIFACT;ME26052702100325;241;10;0060437618919153;5;20260527;10;CN;0060437618919153;5;9867097380;98446408;;;0;;;;9867097380;;ME M63;;;0;PCE;113;4;20260713;20260719
VDA4905;ECAR;EDIFACT;ME26052702100325;241;10;0060437618919153;5;20260527;10;CN;0060437618919153;5;9867097380;98446408;;;0;;;;9867097380;;ME M63;;;0;PCE;113;4;20260720;20260726
VDA4905;ECAR;EDIFACT;ME26052702100325;241;10;0060437618919153;5;20260527;10;CN;0060437618919153;5;9867097380;98446408;;;0;;;;9867097380;;ME M63;;;0;PCE;113;4;20260817;20260823
VDA4905;ECAR;EDIFACT;ME26052702100325;241;10;0060437618919153;5;20260527;10;CN;0060437618919153;5;9867097380;98446408;;;0;;;;9867097380;;ME M63;;;0;PCE;113;4;20260824;20260830
VDA4905;ECAR;EDIFACT;ME26052702100325;241;10;0060437618919153;5;20260527;10;CN;0060437618919153;5;9867097380;98446408;;;0;;;;9867097380;;ME M63;;;0;PCE;113;4;20260831;20260906
VDA4905;ECAR;EDIFACT;ME26052702100325;241;10;0060437618919153;5;20260527;10;CN;0060437618919153;5;9867097380;98446408;;;0;;;;9867097380;;ME M63;;;0;PCE;113;4;20260907;20260913
VDA4905;ECAR;EDIFACT;ME26052702100325;241;10;0060437618919153;5;20260527;10;CN;0060437618919153;5;9867097380;98446408;;;0;;;;9867097380;;ME M63;;;0;PCE;113;4;20260914;20260920
VDA4905;ECAR;EDIFACT;ME26052702100325;241;10;0060437618919153;5;20260527;10;CN;0060437618919153;5;9867097380;98446408;;;0;;;;9867097380;;ME M63;;;0;PCE;113;4;20260921;20260927
VDA4905;ECAR;EDIFACT;ME26052702100325;241;10;0060437618919153;5;20260527;10;CN;0060437618919153;5;9867097380;98446408;;;0;;;;9867097380;;ME M63;;;0;PCE;113;4;20260928;20261004
VDA4905;ECAR;EDIFACT;ME26052702100325;241;10;0060437618919153;5;20260527;10;CN;0060437618919153;5;9867097380;98446408;;;0;;;;9867097380;;ME M63;;;0;PCE;113;4;20261005;20261011
VDA4905;ECAR;EDIFACT;ME26052702100325;241;10;0060437618919153;5;20260527;10;CN;0060437618919153;5;9867097380;98446408;;;0;;;;9867097380;;ME M63;;;0;PCE;113;4;20261012;20261018
VDA4905;ECAR;EDIFACT;ME26052702100325;241;10;0060437618919153;5;20260527;10;CN;0060437618919153;5;9867097380;98446408;;;0;;;;9867097380;;ME M63;;;0;PCE;113;4;20261019;20261025
VDA4905;ECAR;EDIFACT;ME26052702100325;241;10;0060437618919153;5;20260527;10;CN;0060437618919153;5;9867097380;98446408;;;0;;;;9867097380;;ME M63;;;0;PCE;113;4;20261026;20261101
VDA4905;ECAR;EDIFACT;ME26052702100325;241;10;0060437618919153;5;20260527;10;CN;0060437618919153;5;9867097380;98446408;;;0;;;;9867097380;;ME M63;;;0;PCE;113;4;20261102;20261108
VDA4905;ECAR;EDIFACT;ME26052702100325;241;10;0060437618919153;5;20260527;10;CN;0060437618919153;5;9867097380;98446408;;;0;;;;9867097380;;ME M63;;;0;PCE;113;4;20261109;20261115
VDA4905;ECAR;EDIFACT;ME26052702100325;241;10;0060437618919153;5;20260527;10;CN;0060437618919153;5;9867097380;98446408;;;0;;;;9867097380;;ME M63;;;0;PCE;113;4;20261116;20261122
VDA4905;ECAR;EDIFACT;ME26052702100325;241;10;0060437618919153;5;20260527;10;CN;0060437618919153;5;9867097380;98446408;;;0;;;;9867097380;;ME M63;;;0;PCE;113;4;20261123;20261129
VDA4905;ECAR;EDIFACT;ME26052702100325;241;10;0060437618919153;5;20260527;10;CN;0060437618919153;5;9867097380;98446408;;;0;;;;9867097380;;ME M63;;;0;PCE;113;4;20261130;20261206
VDA4905;ECAR;EDIFACT;ME26052702100325;241;10;0060437618919153;5;20260527;10;CN;0060437618919153;5;9867097380;98446408;;;0;;;;9867097380;;ME M63;;;0;PCE;113;4;20261207;20261213
VDA4905;ECAR;EDIFACT;ME26052702100325;241;10;0060437618919153;5;20260527;10;CN;0060437618919153;5;9867097380;98446408;;;0;;;;9867097380;;ME M63;;;0;PCE;113;4;20261214;20261220
VDA4905;ECAR;EDIFACT;ME26052702100325;241;10;0060437618919153;5;20260527;10;CN;0060437618919153;5;9867097380;98446408;;;0;;;;9867097380;;ME M63;;;0;PCE;113;4;20261221;20261227
VDA4905;ECAR;EDIFACT;ME26052702100325;241;10;0060437618919153;5;20260527;10;CN;0060437618919153;5;9867097380;98446408;;;0;;;;9867097380;;ME M63;;;0;PCE;113;4;20270111;20270117
VDA4905;ECAR;EDIFACT;ME26052702100325;241;10;0060437618919153;5;20260527;10;CN;0060437618919153;5;9867097380;98446408;;;0;;;;9867097380;;ME M63;;;0;PCE;113;4;20270118;20270124
VDA4905;ECAR;EDIFACT;ME26052702100325;241;10;0060437618919153;5;20260527;10;CN;0060437618919153;5;9867097380;98446408;;;0;;;;9867097380;;ME M63;;;0;PCE;113;4;20270125;20270131
VDA4905;ECAR;EDIFACT;ME26052702100325;241;10;0060437618919153;5;20260527;10;CN;0060437618919153;5;9867097380;98446408;;;0;;;;9867097380;;ME M63;;;0;PCE;113;4;20270208;20270214
VDA4905;ECAR;EDIFACT;ME26052702100325;241;10;0060437618919153;5;20260527;10;CN;0060437618919153;5;9867097380;98446408;;;0;;;;9867097380;;ME M63;;;0;PCE;113;4;20270222;20270228
VDA4905;ECAR;EDIFACT;ME26052702100325;241;10;0060437618919153;5;20260527;10;CN;0060437618919153;5;9867097380;98446408;;;0;;;;9867097380;;ME M63;;;0;PCE;113;4;20270301;20270307
VDA4905;ECAR;EDIFACT;ME26052702100325;241;10;0060437618919153;5;20260527;10;CN;0060437618919153;5;9867097380;98446408;;;0;;;;9867097380;;ME M63;;;0;PCE;113;4;20270308;20270314
VDA4905;ECAR;EDIFACT;ME26052702100325;241;10;0060437618919153;5;20260527;10;CN;0060437618919153;5;9867097380;98446408;;;0;;;;9867097380;;ME M63;;;0;PCE;113;4;20270315;20270321
VDA4905;ECAR;EDIFACT;ME26052702100325;241;10;0060437618919153;5;20260527;10;CN;0060437618919153;5;9867097380;98446408;;;0;;;;9867097380;;ME M63;;;0;PCE;113;4;20270329;20270404
VDA4905;ECAR;EDIFACT;ME26052702100325;241;10;0060437618919153;5;20260527;10;CN;0060437618919153;5;9867097380;98446408;;;0;;;;9867097380;;ME M63;;;0;PCE;113;4;20270405;20270411
VDA4905;ECAR;EDIFACT;ME26052702100325;241;10;0060437618919153;5;20260527;10;CN;0060437618919153;5;9867097380;98446408;;;0;;;;9867097380;;ME M63;;;0;PCE;113;4;20270412;20270418
VDA4905;ECAR;EDIFACT;ME26052702100325;241;10;0060437618919153;5;20260527;10;CN;0060437618919153;5;9867097780;98446378;;;0;;;;9867097780;;ME M63;;;0;PCE;113;4;20260604;20260604
VDA4905;ECAR;EDIFACT;ME26052702100325;241;10;0060437618919153;5;20260527;10;CN;0060437618919153;5;9867097780;98446378;;;0;;;;9867097780;;ME M63;;;0;PCE;113;4;20260608;20260608
VDA4905;ECAR;EDIFACT;ME26052702100325;241;10;0060437618919153;5;20260527;10;CN;0060437618919153;5;9867097780;98446378;;;0;;;;9867097780;;ME M63;;;0;PCE;113;4;20260610;20260610
VDA4905;ECAR;EDIFACT;ME26052702100325;241;10;0060437618919153;5;20260527;10;CN;0060437618919153;5;9867097780;98446378;;;0;;;;9867097780;;ME M63;;;0;PCE;113;4;20260615;20260615
VDA4905;ECAR;EDIFACT;ME26052702100325;241;10;0060437618919153;5;20260527;10;CN;0060437618919153;5;9867097780;98446378;;;0;;;;9867097780;;ME M63;;;0;PCE;113;4;20260616;20260616
VDA4905;ECAR;EDIFACT;ME26052702100325;241;10;0060437618919153;5;20260527;10;CN;0060437618919153;5;9867097780;98446378;;;0;;;;9867097780;;ME M63;;;0;PCE;113;4;20260617;20260617
VDA4905;ECAR;EDIFACT;ME26052702100325;241;10;0060437618919153;5;20260527;10;CN;0060437618919153;5;9867097780;98446378;;;0;;;;9867097780;;ME M63;;;0;PCE;113;4;20260618;20260618
VDA4905;ECAR;EDIFACT;ME26052702100325;241;10;0060437618919153;5;20260527;10;CN;0060437618919153;5;9867097780;98446378;;;0;;;;9867097780;;ME M63;;;0;PCE;113;4;20260619;20260619
VDA4905;ECAR;EDIFACT;ME26052702100325;241;10;0060437618919153;5;20260527;10;CN;0060437618919153;5;9867097780;98446378;;;0;;;;9867097780;;ME M63;;;0;PCE;113;4;20260620;20260620
VDA4905;ECAR;EDIFACT;ME26052702100325;241;10;0060437618919153;5;20260527;10;CN;0060437618919153;5;9867097780;98446378;;;0;;;;9867097780;;ME M63;;;0;PCE;113;4;20260621;20260621
VDA4905;ECAR;EDIFACT;ME26052702100325;241;10;0060437618919153;5;20260527;10;CN;0060437618919153;5;9867097780;98446378;;;0;;;;9867097780;;ME M63;;;0;PCE;113;4;20260622;20260628
VDA4905;ECAR;EDIFACT;ME26052702100325;241;10;0060437618919153;5;20260527;10;CN;0060437618919153;5;9867097780;98446378;;;0;;;;9867097780;;ME M63;;;0;PCE;113;4;20260706;20260712
VDA4905;ECAR;EDIFACT;ME26052702100325;241;10;0060437618919153;5;20260527;10;CN;0060437618919153;5;9867097780;98446378;;;0;;;;9867097780;;ME M63;;;0;PCE;113;4;20260720;20260726
VDA4905;ECAR;EDIFACT;ME26052702100325;241;10;0060437618919153;5;20260527;10;CN;0060437618919153;5;9867097780;98446378;;;0;;;;9867097780;;ME M63;;;0;PCE;113;4;20260817;20260823
VDA4905;ECAR;EDIFACT;ME26052702100325;241;10;0060437618919153;5;20260527;10;CN;0060437618919153;5;9867097780;98446378;;;0;;;;9867097780;;ME M63;;;0;PCE;113;4;20260928;20261004
VDA4905;ECAR;EDIFACT;ME26052702100325;241;10;0060437618919153;5;20260527;10;CN;0060437618919153;5;9867097780;98446378;;;0;;;;9867097780;;ME M63;;;0;PCE;113;4;20261019;20261025
VDA4905;ECAR;EDIFACT;ME26052702100325;241;10;0060437618919153;5;20260527;10;CN;0060437618919153;5;9867097780;98446378;;;0;;;;9867097780;;ME M63;;;0;PCE;113;4;20261102;20261108
VDA4905;ECAR;EDIFACT;ME26052702100325;241;10;0060437618919153;5;20260527;10;CN;0060437618919153;5;9867097780;98446378;;;0;;;;9867097780;;ME M63;;;0;PCE;113;4;20261109;20261115
VDA4905;ECAR;EDIFACT;ME26052702100325;241;10;0060437618919153;5;20260527;10;CN;0060437618919153;5;9867097780;98446378;;;0;;;;9867097780;;ME M63;;;0;PCE;113;4;20261116;20261122
VDA4905;ECAR;EDIFACT;ME26052702100325;241;10;0060437618919153;5;20260527;10;CN;0060437618919153;5;9867097780;98446378;;;0;;;;9867097780;;ME M63;;;0;PCE;113;4;20261123;20261129
VDA4905;ECAR;EDIFACT;ME26052702100325;241;10;0060437618919153;5;20260527;10;CN;0060437618919153;5;9867097780;98446378;;;0;;;;9867097780;;ME M63;;;0;PCE;113;4;20270125;20270131
VDA4905;ECAR;EDIFACT;ME26052702100325;241;10;0060437618919153;5;20260527;10;CN;0060437618919153;5;9867097780;98446378;;;0;;;;9867097780;;ME M63;;;0;PCE;113;4;20270222;20270228
VDA4905;ECAR;EDIFACT;ME26052702100325;241;10;0060437618919153;5;20260527;10;CN;0060437618919153;5;9867097780;98446378;;;0;;;;9867097780;;ME M63;;;0;PCE;113;4;20270405;20270411
VDA4905;ECAR;EDIFACT;ME26052702100325;241;10;0060437618919153;5;20260527;10;CN;0060437618919153;5;9867097780;98446378;;;0;;;;9867097780;;ME M63;;;0;PCE;113;4;20270419;20270425
VDA4905;ECAR;EDIFACT;ME26052702100325;241;10;0060437618919153;5;20260527;10;CN;0060437618919153;5;9867097780;98446378;;;0;;;;9867097780;;ME M63;;;0;PCE;113;4;20270426;20270502
VDA4905;ECAR;EDIFACT;ME26052702100325;241;10;0060437618919153;5;20260527;10;CN;0060437618919153;5;9867098180;98446387;;;0;;;;9867098180;;ME M63;;;0;PCE;113;4;20260629;20260705
VDA4905;ECAR;EDIFACT;ME26052702100325;241;10;0060437618919153;5;20260527;10;CN;0060437618919153;5;9867098180;98446387;;;0;;;;9867098180;;ME M63;;;0;PCE;113;4;20260817;20260823
VDA4905;ECAR;EDIFACT;ME26052702100325;241;10;0060437618919153;5;20260527;10;CN;0060437618919153;5;9867098180;98446387;;;0;;;;9867098180;;ME M63;;;0;PCE;113;4;20260824;20260830
VDA4905;ECAR;EDIFACT;ME26052702100325;241;10;0060437618919153;5;20260527;10;CN;0060437618919153;5;9867098180;98446387;;;0;;;;9867098180;;ME M63;;;0;PCE;113;4;20260907;20260913
VDA4905;ECAR;EDIFACT;ME26052702100325;241;10;0060437618919153;5;20260527;10;CN;0060437618919153;5;9867098180;98446387;;;0;;;;9867098180;;ME M63;;;0;PCE;113;4;20260928;20261004
VDA4905;ECAR;EDIFACT;ME26052702100325;241;10;0060437618919153;5;20260527;10;CN;0060437618919153;5;9867098180;98446387;;;0;;;;9867098180;;ME M63;;;0;PCE;113;4;20261005;20261011
VDA4905;ECAR;EDIFACT;ME26052702100325;241;10;0060437618919153;5;20260527;10;CN;0060437618919153;5;9867098180;98446387;;;0;;;;9867098180;;ME M63;;;0;PCE;113;4;20261012;20261018
VDA4905;ECAR;EDIFACT;ME26052702100325;241;10;0060437618919153;5;20260527;10;CN;0060437618919153;5;9867098180;98446387;;;0;;;;9867098180;;ME M63;;;0;PCE;113;4;20261019;20261025
VDA4905;ECAR;EDIFACT;ME26052702100325;241;10;0060437618919153;5;20260527;10;CN;0060437618919153;5;9867098180;98446387;;;0;;;;9867098180;;ME M63;;;0;PCE;113;4;20261102;20261108
VDA4905;ECAR;EDIFACT;ME26052702100325;241;10;0060437618919153;5;20260527;10;CN;0060437618919153;5;9867098180;98446387;;;0;;;;9867098180;;ME M63;;;0;PCE;113;4;20261109;20261115
VDA4905;ECAR;EDIFACT;ME26052702100325;241;10;0060437618919153;5;20260527;10;CN;0060437618919153;5;9867098180;98446387;;;0;;;;9867098180;;ME M63;;;0;PCE;113;4;20261116;20261122
VDA4905;ECAR;EDIFACT;ME26052702100325;241;10;0060437618919153;5;20260527;10;CN;0060437618919153;5;9867098180;98446387;;;0;;;;9867098180;;ME M63;;;0;PCE;113;4;20261130;20261206
VDA4905;ECAR;EDIFACT;ME26052702100325;241;10;0060437618919153;5;20260527;10;CN;0060437618919153;5;9867098180;98446387;;;0;;;;9867098180;;ME M63;;;0;PCE;113;4;20261207;20261213
VDA4905;ECAR;EDIFACT;ME26052702100325;241;10;0060437618919153;5;20260527;10;CN;0060437618919153;5;9867098180;98446387;;;0;;;;9867098180;;ME M63;;;0;PCE;113;4;20270101;20270103
VDA4905;ECAR;EDIFACT;ME26052702100325;241;10;0060437618919153;5;20260527;10;CN;0060437618919153;5;9867098180;98446387;;;0;;;;9867098180;;ME M63;;;0;PCE;113;4;20270118;20270124
VDA4905;ECAR;EDIFACT;ME26052702100325;241;10;0060437618919153;5;20260527;10;CN;0060437618919153;5;9867098180;98446387;;;0;;;;9867098180;;ME M63;;;0;PCE;113;4;20270222;20270228
VDA4905;ECAR;EDIFACT;ME26052702100325;241;10;0060437618919153;5;20260527;10;CN;0060437618919153;5;9867100580;98446392;;;0;;;;9867100580;;ME M63;;;0;PCE;113;4;20261019;20261025
VDA4905;ECAR;EDIFACT;ME26052702100325;241;10;0060437618919153;5;20260527;10;CN;0060437618919153;5;9867459380;98446439;;;0;;;;9867459380;;ME M63;;;0;PCE;113;4;20260824;20260830
VDA4905;ECAR;EDIFACT;ME26052702100325;241;10;0060437618919153;5;20260527;10;CN;0060437618919153;5;9867459380;98446439;;;0;;;;9867459380;;ME M63;;;0;PCE;113;4;20260907;20260913
VDA4905;ECAR;EDIFACT;ME26052702100325;241;10;0060437618919153;5;20260527;10;CN;0060437618919153;5;9867459380;98446439;;;0;;;;9867459380;;ME M63;;;0;PCE;113;4;20260914;20260920
VDA4905;ECAR;EDIFACT;ME26052702100325;241;10;0060437618919153;5;20260527;10;CN;0060437618919153;5;9867459380;98446439;;;0;;;;9867459380;;ME M63;;;0;PCE;113;4;20260921;20260927
VDA4905;ECAR;EDIFACT;ME26052702100325;241;10;0060437618919153;5;20260527;10;CN;0060437618919153;5;9867459380;98446439;;;0;;;;9867459380;;ME M63;;;0;PCE;113;4;20260928;20261004
VDA4905;ECAR;EDIFACT;ME26052702100325;241;10;0060437618919153;5;20260527;10;CN;0060437618919153;5;9867459380;98446439;;;0;;;;9867459380;;ME M63;;;0;PCE;113;4;20261005;20261011
VDA4905;ECAR;EDIFACT;ME26052702100325;241;10;0060437618919153;5;20260527;10;CN;0060437618919153;5;9867459380;98446439;;;0;;;;9867459380;;ME M63;;;0;PCE;113;4;20261012;20261018
VDA4905;ECAR;EDIFACT;ME26052702100325;241;10;0060437618919153;5;20260527;10;CN;0060437618919153;5;9867459380;98446439;;;0;;;;9867459380;;ME M63;;;0;PCE;113;4;20261019;20261025
VDA4905;ECAR;EDIFACT;ME26052702100325;241;10;0060437618919153;5;20260527;10;CN;0060437618919153;5;9867459380;98446439;;;0;;;;9867459380;;ME M63;;;0;PCE;113;4;20261026;20261101
VDA4905;ECAR;EDIFACT;ME26052702100325;241;10;0060437618919153;5;20260527;10;CN;0060437618919153;5;9867459380;98446439;;;0;;;;9867459380;;ME M63;;;0;PCE;113;4;20261102;20261108
VDA4905;ECAR;EDIFACT;ME26052702100325;241;10;0060437618919153;5;20260527;10;CN;0060437618919153;5;9867459380;98446439;;;0;;;;9867459380;;ME M63;;;0;PCE;113;4;20261109;20261115
VDA4905;ECAR;EDIFACT;ME26052702100325;241;10;0060437618919153;5;20260527;10;CN;0060437618919153;5;9867459380;98446439;;;0;;;;9867459380;;ME M63;;;0;PCE;113;4;20261116;20261122
VDA4905;ECAR;EDIFACT;ME26052702100325;241;10;0060437618919153;5;20260527;10;CN;0060437618919153;5;9867459380;98446439;;;0;;;;9867459380;;ME M63;;;0;PCE;113;4;20261123;20261129
VDA4905;ECAR;EDIFACT;ME26052702100325;241;10;0060437618919153;5;20260527;10;CN;0060437618919153;5;9867459380;98446439;;;0;;;;9867459380;;ME M63;;;0;PCE;113;4;20261130;20261206
VDA4905;ECAR;EDIFACT;ME26052702100325;241;10;0060437618919153;5;20260527;10;CN;0060437618919153;5;9867459380;98446439;;;0;;;;9867459380;;ME M63;;;0;PCE;113;4;20261207;20261213
VDA4905;ECAR;EDIFACT;ME26052702100325;241;10;0060437618919153;5;20260527;10;CN;0060437618919153;5;9867459380;98446439;;;0;;;;9867459380;;ME M63;;;0;PCE;113;4;20261214;20261220
VDA4905;ECAR;EDIFACT;ME26052702100325;241;10;0060437618919153;5;20260527;10;CN;0060437618919153;5;9867459380;98446439;;;0;;;;9867459380;;ME M63;;;0;PCE;113;4;20270104;20270110
VDA4905;ECAR;EDIFACT;ME26052702100325;241;10;0060437618919153;5;20260527;10;CN;0060437618919153;5;9867459380;98446439;;;0;;;;9867459380;;ME M63;;;0;PCE;113;4;20270118;20270124
VDA4905;ECAR;EDIFACT;ME26052702100325;241;10;0060437618919153;5;20260527;10;CN;0060437618919153;5;9867459380;98446439;;;0;;;;9867459380;;ME M63;;;0;PCE;113;4;20270125;20270131
VDA4905;ECAR;EDIFACT;ME26052702100325;241;10;0060437618919153;5;20260527;10;CN;0060437618919153;5;9867459380;98446439;;;0;;;;9867459380;;ME M63;;;0;PCE;113;4;20270201;20270207
VDA4905;ECAR;EDIFACT;ME26052702100325;241;10;0060437618919153;5;20260527;10;CN;0060437618919153;5;9867459380;98446439;;;0;;;;9867459380;;ME M63;;;0;PCE;113;4;20270222;20270228
VDA4905;ECAR;EDIFACT;ME26052702100325;241;10;0060437618919153;5;20260527;10;CN;0060437618919153;5;9867459380;98446439;;;0;;;;9867459380;;ME M63;;;0;PCE;113;4;20270308;20270314
VDA4905;ECAR;EDIFACT;ME26052702100325;241;10;0060437618919153;5;20260527;10;CN;0060437618919153;5;9867459380;98446439;;;0;;;;9867459380;;ME M63;;;0;PCE;113;4;20270329;20270404
VDA4905;ECAR;EDIFACT;ME26052702100325;241;10;0060437618919153;5;20260527;10;CN;0060437618919153;5;9867459380;98446439;;;0;;;;9867459380;;ME M63;;;0;PCE;113;4;20270405;20270411
VDA4905;ECAR;EDIFACT;ME26052702100325;241;10;0060437618919153;5;20260527;10;CN;0060437618919153;5;9867459380;98446439;;;0;;;;9867459380;;ME M63;;;0;PCE;113;4;20270419;20270425
VDA4905;ECAR;EDIFACT;ME26052702100325;241;10;0060437618919153;5;20260527;10;CN;0060437618919153;5;9867459380;98446439;;;0;;;;9867459380;;ME M63;;;0;PCE;113;4;20270426;20270502
VDA4905;ECAR;EDIFACT;ME26052702100325;241;10;0060437618919153;5;20260527;10;CN;0060437618919153;5;9867460180;98446434;;;0;;;;9867460180;;ME M63;;;0;PCE;113;4;20260609;20260609
VDA4905;ECAR;EDIFACT;ME26052702100325;241;10;0060437618919153;5;20260527;10;CN;0060437618919153;5;9867460180;98446434;;;0;;;;9867460180;;ME M63;;;0;PCE;113;4;20260612;20260612
VDA4905;ECAR;EDIFACT;ME26052702100325;241;10;0060437618919153;5;20260527;10;CN;0060437618919153;5;9867460180;98446434;;;0;;;;9867460180;;ME M63;;;0;PCE;113;4;20260615;20260615
VDA4905;ECAR;EDIFACT;ME26052702100325;241;10;0060437618919153;5;20260527;10;CN;0060437618919153;5;9867460180;98446434;;;0;;;;9867460180;;ME M63;;;0;PCE;113;4;20260616;20260616
VDA4905;ECAR;EDIFACT;ME26052702100325;241;10;0060437618919153;5;20260527;10;CN;0060437618919153;5;9867460180;98446434;;;0;;;;9867460180;;ME M63;;;0;PCE;113;4;20260617;20260617
VDA4905;ECAR;EDIFACT;ME26052702100325;241;10;0060437618919153;5;20260527;10;CN;0060437618919153;5;9867460180;98446434;;;0;;;;9867460180;;ME M63;;;0;PCE;113;4;20260618;20260618
VDA4905;ECAR;EDIFACT;ME26052702100325;241;10;0060437618919153;5;20260527;10;CN;0060437618919153;5;9867460180;98446434;;;0;;;;9867460180;;ME M63;;;0;PCE;113;4;20260619;20260619
VDA4905;ECAR;EDIFACT;ME26052702100325;241;10;0060437618919153;5;20260527;10;CN;0060437618919153;5;9867460180;98446434;;;0;;;;9867460180;;ME M63;;;0;PCE;113;4;20260620;20260620
VDA4905;ECAR;EDIFACT;ME26052702100325;241;10;0060437618919153;5;20260527;10;CN;0060437618919153;5;9867460180;98446434;;;0;;;;9867460180;;ME M63;;;0;PCE;113;4;20260621;20260621
VDA4905;ECAR;EDIFACT;ME26052702100325;241;10;0060437618919153;5;20260527;10;CN;0060437618919153;5;9867460180;98446434;;;0;;;;9867460180;;ME M63;;;0;PCE;113;4;20260622;20260628
VDA4905;ECAR;EDIFACT;ME26052702100325;241;10;0060437618919153;5;20260527;10;CN;0060437618919153;5;9867460180;98446434;;;0;;;;9867460180;;ME M63;;;0;PCE;113;4;20260629;20260705
VDA4905;ECAR;EDIFACT;ME26052702100325;241;10;0060437618919153;5;20260527;10;CN;0060437618919153;5;9867460180;98446434;;;0;;;;9867460180;;ME M63;;;0;PCE;113;4;20260706;20260712
VDA4905;ECAR;EDIFACT;ME26052702100325;241;10;0060437618919153;5;20260527;10;CN;0060437618919153;5;9867460180;98446434;;;0;;;;9867460180;;ME M63;;;0;PCE;113;4;20260713;20260719
VDA4905;ECAR;EDIFACT;ME26052702100325;241;10;0060437618919153;5;20260527;10;CN;0060437618919153;5;9867460180;98446434;;;0;;;;9867460180;;ME M63;;;0;PCE;113;4;20260720;20260726
VDA4905;ECAR;EDIFACT;ME26052702100325;241;10;0060437618919153;5;20260527;10;CN;0060437618919153;5;9867460180;98446434;;;0;;;;9867460180;;ME M63;;;0;PCE;113;4;20260817;20260823
VDA4905;ECAR;EDIFACT;ME26052702100325;241;10;0060437618919153;5;20260527;10;CN;0060437618919153;5;9867460180;98446434;;;0;;;;9867460180;;ME M63;;;0;PCE;113;4;20260824;20260830
VDA4905;ECAR;EDIFACT;ME26052702100325;241;10;0060437618919153;5;20260527;10;CN;0060437618919153;5;9867460180;98446434;;;0;;;;9867460180;;ME M63;;;0;PCE;113;4;20260831;20260906
VDA4905;ECAR;EDIFACT;ME26052702100325;241;10;0060437618919153;5;20260527;10;CN;0060437618919153;5;9867460180;98446434;;;0;;;;9867460180;;ME M63;;;0;PCE;113;4;20260907;20260913
VDA4905;ECAR;EDIFACT;ME26052702100325;241;10;0060437618919153;5;20260527;10;CN;0060437618919153;5;9867460180;98446434;;;0;;;;9867460180;;ME M63;;;0;PCE;113;4;20260914;20260920
VDA4905;ECAR;EDIFACT;ME26052702100325;241;10;0060437618919153;5;20260527;10;CN;0060437618919153;5;9867460180;98446434;;;0;;;;9867460180;;ME M63;;;0;PCE;113;4;20260921;20260927
VDA4905;ECAR;EDIFACT;ME26052702100325;241;10;0060437618919153;5;20260527;10;CN;0060437618919153;5;9867460180;98446434;;;0;;;;9867460180;;ME M63;;;0;PCE;113;4;20260928;20261004
VDA4905;ECAR;EDIFACT;ME26052702100325;241;10;0060437618919153;5;20260527;10;CN;0060437618919153;5;9867460180;98446434;;;0;;;;9867460180;;ME M63;;;0;PCE;113;4;20261005;20261011
VDA4905;ECAR;EDIFACT;ME26052702100325;241;10;0060437618919153;5;20260527;10;CN;0060437618919153;5;9867460180;98446434;;;0;;;;9867460180;;ME M63;;;0;PCE;113;4;20261012;20261018
VDA4905;ECAR;EDIFACT;ME26052702100325;241;10;0060437618919153;5;20260527;10;CN;0060437618919153;5;9867460180;98446434;;;0;;;;9867460180;;ME M63;;;0;PCE;113;4;20261019;20261025
VDA4905;ECAR;EDIFACT;ME26052702100325;241;10;0060437618919153;5;20260527;10;CN;0060437618919153;5;9867460180;98446434;;;0;;;;9867460180;;ME M63;;;0;PCE;113;4;20261026;20261101
VDA4905;ECAR;EDIFACT;ME26052702100325;241;10;0060437618919153;5;20260527;10;CN;0060437618919153;5;9867460180;98446434;;;0;;;;9867460180;;ME M63;;;0;PCE;113;4;20261102;20261108
VDA4905;ECAR;EDIFACT;ME26052702100325;241;10;0060437618919153;5;20260527;10;CN;0060437618919153;5;9867460180;98446434;;;0;;;;9867460180;;ME M63;;;0;PCE;113;4;20261109;20261115
VDA4905;ECAR;EDIFACT;ME26052702100325;241;10;0060437618919153;5;20260527;10;CN;0060437618919153;5;9867460180;98446434;;;0;;;;9867460180;;ME M63;;;0;PCE;113;4;20261116;20261122
VDA4905;ECAR;EDIFACT;ME26052702100325;241;10;0060437618919153;5;20260527;10;CN;0060437618919153;5;9867460180;98446434;;;0;;;;9867460180;;ME M63;;;0;PCE;113;4;20261123;20261129
VDA4905;ECAR;EDIFACT;ME26052702100325;241;10;0060437618919153;5;20260527;10;CN;0060437618919153;5;9867460180;98446434;;;0;;;;9867460180;;ME M63;;;0;PCE;113;4;20261130;20261206
VDA4905;ECAR;EDIFACT;ME26052702100325;241;10;0060437618919153;5;20260527;10;CN;0060437618919153;5;9867460180;98446434;;;0;;;;9867460180;;ME M63;;;0;PCE;113;4;20261207;20261213
VDA4905;ECAR;EDIFACT;ME26052702100325;241;10;0060437618919153;5;20260527;10;CN;0060437618919153;5;9867460180;98446434;;;0;;;;9867460180;;ME M63;;;0;PCE;113;4;20261214;20261220
VDA4905;ECAR;EDIFACT;ME26052702100325;241;10;0060437618919153;5;20260527;10;CN;0060437618919153;5;9867460180;98446434;;;0;;;;9867460180;;ME M63;;;0;PCE;113;4;20270125;20270131
VDA4905;ECAR;EDIFACT;ME26052702100325;241;10;0060437618919153;5;20260527;10;CN;0060437618919153;5;9867460180;98446434;;;0;;;;9867460180;;ME M63;;;0;PCE;113;4;20270208;20270214
VDA4905;ECAR;EDIFACT;ME26052702100325;241;10;0060437618919153;5;20260527;10;CN;0060437618919153;5;9867460180;98446434;;;0;;;;9867460180;;ME M63;;;0;PCE;113;4;20270222;20270228
VDA4905;ECAR;EDIFACT;ME26052702100325;241;10;0060437618919153;5;20260527;10;CN;0060437618919153;5;9867460180;98446434;;;0;;;;9867460180;;ME M63;;;0;PCE;113;4;20270301;20270307
VDA4905;ECAR;EDIFACT;ME26052702100325;241;10;0060437618919153;5;20260527;10;CN;0060437618919153;5;9867460180;98446434;;;0;;;;9867460180;;ME M63;;;0;PCE;113;4;20270308;20270314
VDA4905;ECAR;EDIFACT;ME26052702100325;241;10;0060437618919153;5;20260527;10;CN;0060437618919153;5;9867460180;98446434;;;0;;;;9867460180;;ME M63;;;0;PCE;113;4;20270322;20270328
VDA4905;ECAR;EDIFACT;ME26052702100325;241;10;0060437618919153;5;20260527;10;CN;0060437618919153;5;9867460180;98446434;;;0;;;;9867460180;;ME M63;;;0;PCE;113;4;20270329;20270404
VDA4905;ECAR;EDIFACT;ME26052702100325;241;10;0060437618919153;5;20260527;10;CN;0060437618919153;5;9867460180;98446434;;;0;;;;9867460180;;ME M63;;;0;PCE;113;4;20270405;20270411
VDA4905;ECAR;EDIFACT;ME26052702100325;241;10;0060437618919153;5;20260527;10;CN;0060437618919153;5;9867460180;98446434;;;0;;;;9867460180;;ME M63;;;0;PCE;113;4;20270412;20270418
VDA4905;ECAR;EDIFACT;ME26052702100325;241;10;0060437618919153;5;20260527;10;CN;0060437618919153;5;9867460180;98446434;;;0;;;;9867460180;;ME M63;;;0;PCE;113;4;20270419;20270425
VDA4905;ECAR;EDIFACT;ME26052702100325;241;10;0060437618919153;5;20260527;10;CN;0060437618919153;5;9867460180;98446434;;;0;;;;9867460180;;ME M63;;;0;PCE;113;4;20270426;20270502
VDA4905;ECAR;EDIFACT;ME26052702100325;241;10;0060437618919153;5;20260527;10;CN;0060437618919153;5;9867460280;98449695;;;0;;;;9867460280;;ME M63;;;0;PCE;113;4;20260603;20260603
VDA4905;ECAR;EDIFACT;ME26052702100325;241;10;0060437618919153;5;20260527;10;CN;0060437618919153;5;9867460280;98449695;;;0;;;;9867460280;;ME M63;;;0;PCE;113;4;20260605;20260605
VDA4905;ECAR;EDIFACT;ME26052702100325;241;10;0060437618919153;5;20260527;10;CN;0060437618919153;5;9867460280;98449695;;;0;;;;9867460280;;ME M63;;;0;PCE;113;4;20260608;20260608
VDA4905;ECAR;EDIFACT;ME26052702100325;241;10;0060437618919153;5;20260527;10;CN;0060437618919153;5;9867460280;98449695;;;0;;;;9867460280;;ME M63;;;0;PCE;113;4;20260609;20260609
VDA4905;ECAR;EDIFACT;ME26052702100325;241;10;0060437618919153;5;20260527;10;CN;0060437618919153;5;9867460280;98449695;;;0;;;;9867460280;;ME M63;;;0;PCE;113;4;20260610;20260610
VDA4905;ECAR;EDIFACT;ME26052702100325;241;10;0060437618919153;5;20260527;10;CN;0060437618919153;5;9867460280;98449695;;;0;;;;9867460280;;ME M63;;;0;PCE;113;4;20260611;20260611
VDA4905;ECAR;EDIFACT;ME26052702100325;241;10;0060437618919153;5;20260527;10;CN;0060437618919153;5;9867460280;98449695;;;0;;;;9867460280;;ME M63;;;0;PCE;113;4;20260612;20260612
VDA4905;ECAR;EDIFACT;ME26052702100325;241;10;0060437618919153;5;20260527;10;CN;0060437618919153;5;9867460280;98449695;;;0;;;;9867460280;;ME M63;;;0;PCE;113;4;20260615;20260615
VDA4905;ECAR;EDIFACT;ME26052702100325;241;10;0060437618919153;5;20260527;10;CN;0060437618919153;5;9867460280;98449695;;;0;;;;9867460280;;ME M63;;;0;PCE;113;4;20260616;20260616
VDA4905;ECAR;EDIFACT;ME26052702100325;241;10;0060437618919153;5;20260527;10;CN;0060437618919153;5;9867460280;98449695;;;0;;;;9867460280;;ME M63;;;0;PCE;113;4;20260617;20260617
VDA4905;ECAR;EDIFACT;ME26052702100325;241;10;0060437618919153;5;20260527;10;CN;0060437618919153;5;9867460280;98449695;;;0;;;;9867460280;;ME M63;;;0;PCE;113;4;20260618;20260618
VDA4905;ECAR;EDIFACT;ME26052702100325;241;10;0060437618919153;5;20260527;10;CN;0060437618919153;5;9867460280;98449695;;;0;;;;9867460280;;ME M63;;;0;PCE;113;4;20260619;20260619
VDA4905;ECAR;EDIFACT;ME26052702100325;241;10;0060437618919153;5;20260527;10;CN;0060437618919153;5;9867460280;98449695;;;0;;;;9867460280;;ME M63;;;0;PCE;113;4;20260620;20260620
VDA4905;ECAR;EDIFACT;ME26052702100325;241;10;0060437618919153;5;20260527;10;CN;0060437618919153;5;9867460280;98449695;;;0;;;;9867460280;;ME M63;;;0;PCE;113;4;20260621;20260621
VDA4905;ECAR;EDIFACT;ME26052702100325;241;10;0060437618919153;5;20260527;10;CN;0060437618919153;5;9867460280;98449695;;;0;;;;9867460280;;ME M63;;;0;PCE;113;4;20260622;20260628
VDA4905;ECAR;EDIFACT;ME26052702100325;241;10;0060437618919153;5;20260527;10;CN;0060437618919153;5;9867460280;98449695;;;0;;;;9867460280;;ME M63;;;0;PCE;113;4;20260629;20260705
VDA4905;ECAR;EDIFACT;ME26052702100325;241;10;0060437618919153;5;20260527;10;CN;0060437618919153;5;9867460280;98449695;;;0;;;;9867460280;;ME M63;;;0;PCE;113;4;20260706;20260712
VDA4905;ECAR;EDIFACT;ME26052702100325;241;10;0060437618919153;5;20260527;10;CN;0060437618919153;5;9867460280;98449695;;;0;;;;9867460280;;ME M63;;;0;PCE;113;4;20260713;20260719
VDA4905;ECAR;EDIFACT;ME26052702100325;241;10;0060437618919153;5;20260527;10;CN;0060437618919153;5;9867460280;98449695;;;0;;;;9867460280;;ME M63;;;0;PCE;113;4;20260720;20260726
VDA4905;ECAR;EDIFACT;ME26052702100325;241;10;0060437618919153;5;20260527;10;CN;0060437618919153;5;9867460280;98449695;;;0;;;;9867460280;;ME M63;;;0;PCE;113;4;20260817;20260823
VDA4905;ECAR;EDIFACT;ME26052702100325;241;10;0060437618919153;5;20260527;10;CN;0060437618919153;5;9867460280;98449695;;;0;;;;9867460280;;ME M63;;;0;PCE;113;4;20260824;20260830
VDA4905;ECAR;EDIFACT;ME26052702100325;241;10;0060437618919153;5;20260527;10;CN;0060437618919153;5;9867460280;98449695;;;0;;;;9867460280;;ME M63;;;0;PCE;113;4;20260831;20260906
VDA4905;ECAR;EDIFACT;ME26052702100325;241;10;0060437618919153;5;20260527;10;CN;0060437618919153;5;9867460280;98449695;;;0;;;;9867460280;;ME M63;;;0;PCE;113;4;20260907;20260913
VDA4905;ECAR;EDIFACT;ME26052702100325;241;10;0060437618919153;5;20260527;10;CN;0060437618919153;5;9867460280;98449695;;;0;;;;9867460280;;ME M63;;;0;PCE;113;4;20260914;20260920
VDA4905;ECAR;EDIFACT;ME26052702100325;241;10;0060437618919153;5;20260527;10;CN;0060437618919153;5;9867460280;98449695;;;0;;;;9867460280;;ME M63;;;0;PCE;113;4;20260921;20260927
VDA4905;ECAR;EDIFACT;ME26052702100325;241;10;0060437618919153;5;20260527;10;CN;0060437618919153;5;9867460280;98449695;;;0;;;;9867460280;;ME M63;;;0;PCE;113;4;20260928;20261004
VDA4905;ECAR;EDIFACT;ME26052702100325;241;10;0060437618919153;5;20260527;10;CN;0060437618919153;5;9867460280;98449695;;;0;;;;9867460280;;ME M63;;;0;PCE;113;4;20261005;20261011
VDA4905;ECAR;EDIFACT;ME26052702100325;241;10;0060437618919153;5;20260527;10;CN;0060437618919153;5;9867460280;98449695;;;0;;;;9867460280;;ME M63;;;0;PCE;113;4;20261012;20261018
VDA4905;ECAR;EDIFACT;ME26052702100325;241;10;0060437618919153;5;20260527;10;CN;0060437618919153;5;9867460280;98449695;;;0;;;;9867460280;;ME M63;;;0;PCE;113;4;20261019;20261025
VDA4905;ECAR;EDIFACT;ME26052702100325;241;10;0060437618919153;5;20260527;10;CN;0060437618919153;5;9867460280;98449695;;;0;;;;9867460280;;ME M63;;;0;PCE;113;4;20261026;20261101
VDA4905;ECAR;EDIFACT;ME26052702100325;241;10;0060437618919153;5;20260527;10;CN;0060437618919153;5;9867460280;98449695;;;0;;;;9867460280;;ME M63;;;0;PCE;113;4;20261102;20261108
VDA4905;ECAR;EDIFACT;ME26052702100325;241;10;0060437618919153;5;20260527;10;CN;0060437618919153;5;9867460280;98449695;;;0;;;;9867460280;;ME M63;;;0;PCE;113;4;20261109;20261115
VDA4905;ECAR;EDIFACT;ME26052702100325;241;10;0060437618919153;5;20260527;10;CN;0060437618919153;5;9867460280;98449695;;;0;;;;9867460280;;ME M63;;;0;PCE;113;4;20261116;20261122
VDA4905;ECAR;EDIFACT;ME26052702100325;241;10;0060437618919153;5;20260527;10;CN;0060437618919153;5;9867460280;98449695;;;0;;;;9867460280;;ME M63;;;0;PCE;113;4;20261123;20261129
VDA4905;ECAR;EDIFACT;ME26052702100325;241;10;0060437618919153;5;20260527;10;CN;0060437618919153;5;9867460280;98449695;;;0;;;;9867460280;;ME M63;;;0;PCE;113;4;20261130;20261206
VDA4905;ECAR;EDIFACT;ME26052702100325;241;10;0060437618919153;5;20260527;10;CN;0060437618919153;5;9867460280;98449695;;;0;;;;9867460280;;ME M63;;;0;PCE;113;4;20261207;20261213
VDA4905;ECAR;EDIFACT;ME26052702100325;241;10;0060437618919153;5;20260527;10;CN;0060437618919153;5;9867460280;98449695;;;0;;;;9867460280;;ME M63;;;0;PCE;113;4;20261214;20261220
VDA4905;ECAR;EDIFACT;ME26052702100325;241;10;0060437618919153;5;20260527;10;CN;0060437618919153;5;9867460280;98449695;;;0;;;;9867460280;;ME M63;;;0;PCE;113;4;20270111;20270117
VDA4905;ECAR;EDIFACT;ME26052702100325;241;10;0060437618919153;5;20260527;10;CN;0060437618919153;5;9867460280;98449695;;;0;;;;9867460280;;ME M63;;;0;PCE;113;4;20270125;20270131
VDA4905;ECAR;EDIFACT;ME26052702100325;241;10;0060437618919153;5;20260527;10;CN;0060437618919153;5;9867460280;98449695;;;0;;;;9867460280;;ME M63;;;0;PCE;113;4;20270208;20270214
VDA4905;ECAR;EDIFACT;ME26052702100325;241;10;0060437618919153;5;20260527;10;CN;0060437618919153;5;9867460280;98449695;;;0;;;;9867460280;;ME M63;;;0;PCE;113;4;20270222;20270228
VDA4905;ECAR;EDIFACT;ME26052702100325;241;10;0060437618919153;5;20260527;10;CN;0060437618919153;5;9867460280;98449695;;;0;;;;9867460280;;ME M63;;;0;PCE;113;4;20270301;20270307
VDA4905;ECAR;EDIFACT;ME26052702100325;241;10;0060437618919153;5;20260527;10;CN;0060437618919153;5;9867460280;98449695;;;0;;;;9867460280;;ME M63;;;0;PCE;113;4;20270308;20270314
VDA4905;ECAR;EDIFACT;ME26052702100325;241;10;0060437618919153;5;20260527;10;CN;0060437618919153;5;9867460280;98449695;;;0;;;;9867460280;;ME M63;;;0;PCE;113;4;20270315;20270321
VDA4905;ECAR;EDIFACT;ME26052702100325;241;10;0060437618919153;5;20260527;10;CN;0060437618919153;5;9867460280;98449695;;;0;;;;9867460280;;ME M63;;;0;PCE;113;4;20270322;20270328
VDA4905;ECAR;EDIFACT;ME26052702100325;241;10;0060437618919153;5;20260527;10;CN;0060437618919153;5;9867460280;98449695;;;0;;;;9867460280;;ME M63;;;0;PCE;113;4;20270329;20270404
VDA4905;ECAR;EDIFACT;ME26052702100325;241;10;0060437618919153;5;20260527;10;CN;0060437618919153;5;9867460280;98449695;;;0;;;;9867460280;;ME M63;;;0;PCE;113;4;20270405;20270411
VDA4905;ECAR;EDIFACT;ME26052702100325;241;10;0060437618919153;5;20260527;10;CN;0060437618919153;5;9867460280;98449695;;;0;;;;9867460280;;ME M63;;;0;PCE;113;4;20270412;20270418
VDA4905;ECAR;EDIFACT;ME26052702100325;241;10;0060437618919153;5;20260527;10;CN;0060437618919153;5;9867460280;98449695;;;0;;;;9867460280;;ME M63;;;0;PCE;113;4;20270419;20270425
VDA4905;ECAR;EDIFACT;ME26052702100325;241;10;0060437618919153;5;20260527;10;CN;0060437618919153;5;9867460280;98449695;;;0;;;;9867460280;;ME M63;;;0;PCE;113;4;20270426;20270502
VDA4905;ECAR;EDIFACT;ME26052702100325;241;10;0060437618919153;5;20260527;10;CN;0060437618919153;5;9867460680;98446435;;;0;;;;9867460680;;ME M63;;;0;PCE;113;4;20260601;20260601
VDA4905;ECAR;EDIFACT;ME26052702100325;241;10;0060437618919153;5;20260527;10;CN;0060437618919153;5;9867460680;98446435;;;0;;;;9867460680;;ME M63;;;0;PCE;113;4;20260605;20260605
VDA4905;ECAR;EDIFACT;ME26052702100325;241;10;0060437618919153;5;20260527;10;CN;0060437618919153;5;9867460680;98446435;;;0;;;;9867460680;;ME M63;;;0;PCE;113;4;20260609;20260609
VDA4905;ECAR;EDIFACT;ME26052702100325;241;10;0060437618919153;5;20260527;10;CN;0060437618919153;5;9867460680;98446435;;;0;;;;9867460680;;ME M63;;;0;PCE;113;4;20260610;20260610
VDA4905;ECAR;EDIFACT;ME26052702100325;241;10;0060437618919153;5;20260527;10;CN;0060437618919153;5;9867460680;98446435;;;0;;;;9867460680;;ME M63;;;0;PCE;113;4;20260615;20260615
VDA4905;ECAR;EDIFACT;ME26052702100325;241;10;0060437618919153;5;20260527;10;CN;0060437618919153;5;9867460680;98446435;;;0;;;;9867460680;;ME M63;;;0;PCE;113;4;20260616;20260616
VDA4905;ECAR;EDIFACT;ME26052702100325;241;10;0060437618919153;5;20260527;10;CN;0060437618919153;5;9867460680;98446435;;;0;;;;9867460680;;ME M63;;;0;PCE;113;4;20260617;20260617
VDA4905;ECAR;EDIFACT;ME26052702100325;241;10;0060437618919153;5;20260527;10;CN;0060437618919153;5;9867460680;98446435;;;0;;;;9867460680;;ME M63;;;0;PCE;113;4;20260618;20260618
VDA4905;ECAR;EDIFACT;ME26052702100325;241;10;0060437618919153;5;20260527;10;CN;0060437618919153;5;9867460680;98446435;;;0;;;;9867460680;;ME M63;;;0;PCE;113;4;20260619;20260619
VDA4905;ECAR;EDIFACT;ME26052702100325;241;10;0060437618919153;5;20260527;10;CN;0060437618919153;5;9867460680;98446435;;;0;;;;9867460680;;ME M63;;;0;PCE;113;4;20260620;20260620
VDA4905;ECAR;EDIFACT;ME26052702100325;241;10;0060437618919153;5;20260527;10;CN;0060437618919153;5;9867460680;98446435;;;0;;;;9867460680;;ME M63;;;0;PCE;113;4;20260621;20260621
VDA4905;ECAR;EDIFACT;ME26052702100325;241;10;0060437618919153;5;20260527;10;CN;0060437618919153;5;9867460680;98446435;;;0;;;;9867460680;;ME M63;;;0;PCE;113;4;20260622;20260628
VDA4905;ECAR;EDIFACT;ME26052702100325;241;10;0060437618919153;5;20260527;10;CN;0060437618919153;5;9867460680;98446435;;;0;;;;9867460680;;ME M63;;;0;PCE;113;4;20260706;20260712
VDA4905;ECAR;EDIFACT;ME26052702100325;241;10;0060437618919153;5;20260527;10;CN;0060437618919153;5;9867460680;98446435;;;0;;;;9867460680;;ME M63;;;0;PCE;113;4;20260713;20260719
VDA4905;ECAR;EDIFACT;ME26052702100325;241;10;0060437618919153;5;20260527;10;CN;0060437618919153;5;9867460680;98446435;;;0;;;;9867460680;;ME M63;;;0;PCE;113;4;20260720;20260726
VDA4905;ECAR;EDIFACT;ME26052702100325;241;10;0060437618919153;5;20260527;10;CN;0060437618919153;5;9867460680;98446435;;;0;;;;9867460680;;ME M63;;;0;PCE;113;4;20260817;20260823
VDA4905;ECAR;EDIFACT;ME26052702100325;241;10;0060437618919153;5;20260527;10;CN;0060437618919153;5;9867460680;98446435;;;0;;;;9867460680;;ME M63;;;0;PCE;113;4;20260824;20260830
VDA4905;ECAR;EDIFACT;ME26052702100325;241;10;0060437618919153;5;20260527;10;CN;0060437618919153;5;9867460680;98446435;;;0;;;;9867460680;;ME M63;;;0;PCE;113;4;20260831;20260906
VDA4905;ECAR;EDIFACT;ME26052702100325;241;10;0060437618919153;5;20260527;10;CN;0060437618919153;5;9867460680;98446435;;;0;;;;9867460680;;ME M63;;;0;PCE;113;4;20260907;20260913
VDA4905;ECAR;EDIFACT;ME26052702100325;241;10;0060437618919153;5;20260527;10;CN;0060437618919153;5;9867460680;98446435;;;0;;;;9867460680;;ME M63;;;0;PCE;113;4;20260914;20260920
VDA4905;ECAR;EDIFACT;ME26052702100325;241;10;0060437618919153;5;20260527;10;CN;0060437618919153;5;9867460680;98446435;;;0;;;;9867460680;;ME M63;;;0;PCE;113;4;20260921;20260927
VDA4905;ECAR;EDIFACT;ME26052702100325;241;10;0060437618919153;5;20260527;10;CN;0060437618919153;5;9867460680;98446435;;;0;;;;9867460680;;ME M63;;;0;PCE;113;4;20261005;20261011
VDA4905;ECAR;EDIFACT;ME26052702100325;241;10;0060437618919153;5;20260527;10;CN;0060437618919153;5;9867460680;98446435;;;0;;;;9867460680;;ME M63;;;0;PCE;113;4;20261012;20261018
VDA4905;ECAR;EDIFACT;ME26052702100325;241;10;0060437618919153;5;20260527;10;CN;0060437618919153;5;9867460680;98446435;;;0;;;;9867460680;;ME M63;;;0;PCE;113;4;20261019;20261025
VDA4905;ECAR;EDIFACT;ME26052702100325;241;10;0060437618919153;5;20260527;10;CN;0060437618919153;5;9867460680;98446435;;;0;;;;9867460680;;ME M63;;;0;PCE;113;4;20261026;20261101
VDA4905;ECAR;EDIFACT;ME26052702100325;241;10;0060437618919153;5;20260527;10;CN;0060437618919153;5;9867460680;98446435;;;0;;;;9867460680;;ME M63;;;0;PCE;113;4;20261102;20261108
VDA4905;ECAR;EDIFACT;ME26052702100325;241;10;0060437618919153;5;20260527;10;CN;0060437618919153;5;9867460680;98446435;;;0;;;;9867460680;;ME M63;;;0;PCE;113;4;20261109;20261115
VDA4905;ECAR;EDIFACT;ME26052702100325;241;10;0060437618919153;5;20260527;10;CN;0060437618919153;5;9867460680;98446435;;;0;;;;9867460680;;ME M63;;;0;PCE;113;4;20261116;20261122
VDA4905;ECAR;EDIFACT;ME26052702100325;241;10;0060437618919153;5;20260527;10;CN;0060437618919153;5;9867460680;98446435;;;0;;;;9867460680;;ME M63;;;0;PCE;113;4;20261123;20261129
VDA4905;ECAR;EDIFACT;ME26052702100325;241;10;0060437618919153;5;20260527;10;CN;0060437618919153;5;9867460680;98446435;;;0;;;;9867460680;;ME M63;;;0;PCE;113;4;20261130;20261206
VDA4905;ECAR;EDIFACT;ME26052702100325;241;10;0060437618919153;5;20260527;10;CN;0060437618919153;5;9867460680;98446435;;;0;;;;9867460680;;ME M63;;;0;PCE;113;4;20261207;20261213
VDA4905;ECAR;EDIFACT;ME26052702100325;241;10;0060437618919153;5;20260527;10;CN;0060437618919153;5;9867460680;98446435;;;0;;;;9867460680;;ME M63;;;0;PCE;113;4;20261214;20261220
VDA4905;ECAR;EDIFACT;ME26052702100325;241;10;0060437618919153;5;20260527;10;CN;0060437618919153;5;9867460680;98446435;;;0;;;;9867460680;;ME M63;;;0;PCE;113;4;20270104;20270110
VDA4905;ECAR;EDIFACT;ME26052702100325;241;10;0060437618919153;5;20260527;10;CN;0060437618919153;5;9867460680;98446435;;;0;;;;9867460680;;ME M63;;;0;PCE;113;4;20270111;20270117
VDA4905;ECAR;EDIFACT;ME26052702100325;241;10;0060437618919153;5;20260527;10;CN;0060437618919153;5;9867460680;98446435;;;0;;;;9867460680;;ME M63;;;0;PCE;113;4;20270118;20270124
VDA4905;ECAR;EDIFACT;ME26052702100325;241;10;0060437618919153;5;20260527;10;CN;0060437618919153;5;9867460680;98446435;;;0;;;;9867460680;;ME M63;;;0;PCE;113;4;20270125;20270131
VDA4905;ECAR;EDIFACT;ME26052702100325;241;10;0060437618919153;5;20260527;10;CN;0060437618919153;5;9867460680;98446435;;;0;;;;9867460680;;ME M63;;;0;PCE;113;4;20270201;20270207
VDA4905;ECAR;EDIFACT;ME26052702100325;241;10;0060437618919153;5;20260527;10;CN;0060437618919153;5;9867460680;98446435;;;0;;;;9867460680;;ME M63;;;0;PCE;113;4;20270208;20270214
VDA4905;ECAR;EDIFACT;ME26052702100325;241;10;0060437618919153;5;20260527;10;CN;0060437618919153;5;9867460680;98446435;;;0;;;;9867460680;;ME M63;;;0;PCE;113;4;20270215;20270221
VDA4905;ECAR;EDIFACT;ME26052702100325;241;10;0060437618919153;5;20260527;10;CN;0060437618919153;5;9867460680;98446435;;;0;;;;9867460680;;ME M63;;;0;PCE;113;4;20270222;20270228
VDA4905;ECAR;EDIFACT;ME26052702100325;241;10;0060437618919153;5;20260527;10;CN;0060437618919153;5;9867460680;98446435;;;0;;;;9867460680;;ME M63;;;0;PCE;113;4;20270301;20270307
VDA4905;ECAR;EDIFACT;ME26052702100325;241;10;0060437618919153;5;20260527;10;CN;0060437618919153;5;9867460680;98446435;;;0;;;;9867460680;;ME M63;;;0;PCE;113;4;20270308;20270314
VDA4905;ECAR;EDIFACT;ME26052702100325;241;10;0060437618919153;5;20260527;10;CN;0060437618919153;5;9867460680;98446435;;;0;;;;9867460680;;ME M63;;;0;PCE;113;4;20270315;20270321
VDA4905;ECAR;EDIFACT;ME26052702100325;241;10;0060437618919153;5;20260527;10;CN;0060437618919153;5;9867460680;98446435;;;0;;;;9867460680;;ME M63;;;0;PCE;113;4;20270322;20270328
VDA4905;ECAR;EDIFACT;ME26052702100325;241;10;0060437618919153;5;20260527;10;CN;0060437618919153;5;9867460680;98446435;;;0;;;;9867460680;;ME M63;;;0;PCE;113;4;20270329;20270404
VDA4905;ECAR;EDIFACT;ME26052702100325;241;10;0060437618919153;5;20260527;10;CN;0060437618919153;5;9867460680;98446435;;;0;;;;9867460680;;ME M63;;;0;PCE;113;4;20270405;20270411
VDA4905;ECAR;EDIFACT;ME26052702100325;241;10;0060437618919153;5;20260527;10;CN;0060437618919153;5;9867460680;98446435;;;0;;;;9867460680;;ME M63;;;0;PCE;113;4;20270412;20270418
VDA4905;ECAR;EDIFACT;ME26052702100325;241;10;0060437618919153;5;20260527;10;CN;0060437618919153;5;9867460680;98446435;;;0;;;;9867460680;;ME M63;;;0;PCE;113;4;20270419;20270425
VDA4905;ECAR;EDIFACT;ME26052702100325;241;10;0060437618919153;5;20260527;10;CN;0060437618919153;5;9867460680;98446435;;;0;;;;9867460680;;ME M63;;;0;PCE;113;4;20270426;20270502
VDA4905;ECAR;EDIFACT;ME26052702100325;241;10;0060437618919153;5;20260527;10;CN;0060437618919153;5;9867460780;98449692;;;0;;;;9867460780;;ME M63;;;0;PCE;113;4;20260601;20260601
VDA4905;ECAR;EDIFACT;ME26052702100325;241;10;0060437618919153;5;20260527;10;CN;0060437618919153;5;9867460780;98449692;;;0;;;;9867460780;;ME M63;;;0;PCE;113;4;20260611;20260611
VDA4905;ECAR;EDIFACT;ME26052702100325;241;10;0060437618919153;5;20260527;10;CN;0060437618919153;5;9867460780;98449692;;;0;;;;9867460780;;ME M63;;;0;PCE;113;4;20260615;20260615
VDA4905;ECAR;EDIFACT;ME26052702100325;241;10;0060437618919153;5;20260527;10;CN;0060437618919153;5;9867460780;98449692;;;0;;;;9867460780;;ME M63;;;0;PCE;113;4;20260616;20260616
VDA4905;ECAR;EDIFACT;ME26052702100325;241;10;0060437618919153;5;20260527;10;CN;0060437618919153;5;9867460780;98449692;;;0;;;;9867460780;;ME M63;;;0;PCE;113;4;20260617;20260617
VDA4905;ECAR;EDIFACT;ME26052702100325;241;10;0060437618919153;5;20260527;10;CN;0060437618919153;5;9867460780;98449692;;;0;;;;9867460780;;ME M63;;;0;PCE;113;4;20260618;20260618
VDA4905;ECAR;EDIFACT;ME26052702100325;241;10;0060437618919153;5;20260527;10;CN;0060437618919153;5;9867460780;98449692;;;0;;;;9867460780;;ME M63;;;0;PCE;113;4;20260619;20260619
VDA4905;ECAR;EDIFACT;ME26052702100325;241;10;0060437618919153;5;20260527;10;CN;0060437618919153;5;9867460780;98449692;;;0;;;;9867460780;;ME M63;;;0;PCE;113;4;20260620;20260620
VDA4905;ECAR;EDIFACT;ME26052702100325;241;10;0060437618919153;5;20260527;10;CN;0060437618919153;5;9867460780;98449692;;;0;;;;9867460780;;ME M63;;;0;PCE;113;4;20260621;20260621
VDA4905;ECAR;EDIFACT;ME26052702100325;241;10;0060437618919153;5;20260527;10;CN;0060437618919153;5;9867460780;98449692;;;0;;;;9867460780;;ME M63;;;0;PCE;113;4;20260622;20260628
VDA4905;ECAR;EDIFACT;ME26052702100325;241;10;0060437618919153;5;20260527;10;CN;0060437618919153;5;9867460780;98449692;;;0;;;;9867460780;;ME M63;;;0;PCE;113;4;20260706;20260712
VDA4905;ECAR;EDIFACT;ME26052702100325;241;10;0060437618919153;5;20260527;10;CN;0060437618919153;5;9867460780;98449692;;;0;;;;9867460780;;ME M63;;;0;PCE;113;4;20260713;20260719
VDA4905;ECAR;EDIFACT;ME26052702100325;241;10;0060437618919153;5;20260527;10;CN;0060437618919153;5;9867460780;98449692;;;0;;;;9867460780;;ME M63;;;0;PCE;113;4;20260817;20260823
VDA4905;ECAR;EDIFACT;ME26052702100325;241;10;0060437618919153;5;20260527;10;CN;0060437618919153;5;9867460780;98449692;;;0;;;;9867460780;;ME M63;;;0;PCE;113;4;20260831;20260906
VDA4905;ECAR;EDIFACT;ME26052702100325;241;10;0060437618919153;5;20260527;10;CN;0060437618919153;5;9867460780;98449692;;;0;;;;9867460780;;ME M63;;;0;PCE;113;4;20260914;20260920
VDA4905;ECAR;EDIFACT;ME26052702100325;241;10;0060437618919153;5;20260527;10;CN;0060437618919153;5;9867460780;98449692;;;0;;;;9867460780;;ME M63;;;0;PCE;113;4;20260921;20260927
VDA4905;ECAR;EDIFACT;ME26052702100325;241;10;0060437618919153;5;20260527;10;CN;0060437618919153;5;9867460780;98449692;;;0;;;;9867460780;;ME M63;;;0;PCE;113;4;20260928;20261004
VDA4905;ECAR;EDIFACT;ME26052702100325;241;10;0060437618919153;5;20260527;10;CN;0060437618919153;5;9867460780;98449692;;;0;;;;9867460780;;ME M63;;;0;PCE;113;4;20261012;20261018
VDA4905;ECAR;EDIFACT;ME26052702100325;241;10;0060437618919153;5;20260527;10;CN;0060437618919153;5;9867460780;98449692;;;0;;;;9867460780;;ME M63;;;0;PCE;113;4;20261019;20261025
VDA4905;ECAR;EDIFACT;ME26052702100325;241;10;0060437618919153;5;20260527;10;CN;0060437618919153;5;9867460780;98449692;;;0;;;;9867460780;;ME M63;;;0;PCE;113;4;20261026;20261101
VDA4905;ECAR;EDIFACT;ME26052702100325;241;10;0060437618919153;5;20260527;10;CN;0060437618919153;5;9867460780;98449692;;;0;;;;9867460780;;ME M63;;;0;PCE;113;4;20261102;20261108
VDA4905;ECAR;EDIFACT;ME26052702100325;241;10;0060437618919153;5;20260527;10;CN;0060437618919153;5;9867460780;98449692;;;0;;;;9867460780;;ME M63;;;0;PCE;113;4;20261116;20261122
VDA4905;ECAR;EDIFACT;ME26052702100325;241;10;0060437618919153;5;20260527;10;CN;0060437618919153;5;9867460780;98449692;;;0;;;;9867460780;;ME M63;;;0;PCE;113;4;20261123;20261129
VDA4905;ECAR;EDIFACT;ME26052702100325;241;10;0060437618919153;5;20260527;10;CN;0060437618919153;5;9867460780;98449692;;;0;;;;9867460780;;ME M63;;;0;PCE;113;4;20261130;20261206
VDA4905;ECAR;EDIFACT;ME26052702100325;241;10;0060437618919153;5;20260527;10;CN;0060437618919153;5;9867460780;98449692;;;0;;;;9867460780;;ME M63;;;0;PCE;113;4;20261207;20261213
VDA4905;ECAR;EDIFACT;ME26052702100325;241;10;0060437618919153;5;20260527;10;CN;0060437618919153;5;9867460780;98449692;;;0;;;;9867460780;;ME M63;;;0;PCE;113;4;20261221;20261227
VDA4905;ECAR;EDIFACT;ME26052702100325;241;10;0060437618919153;5;20260527;10;CN;0060437618919153;5;9867460780;98449692;;;0;;;;9867460780;;ME M63;;;0;PCE;113;4;20270125;20270131
VDA4905;ECAR;EDIFACT;ME26052702100325;241;10;0060437618919153;5;20260527;10;CN;0060437618919153;5;9867460780;98449692;;;0;;;;9867460780;;ME M63;;;0;PCE;113;4;20270308;20270314
VDA4905;ECAR;EDIFACT;ME26052702100325;241;10;0060437618919153;5;20260527;10;CN;0060437618919153;5;9867460780;98449692;;;0;;;;9867460780;;ME M63;;;0;PCE;113;4;20270329;20270404
VDA4905;ECAR;EDIFACT;ME26052702100325;241;10;0060437618919153;5;20260527;10;CN;0060437618919153;5;9867461180;98449700;;;0;;;;9867461180;;ME M63;;;0;PCE;113;4;20260601;20260601
VDA4905;ECAR;EDIFACT;ME26052702100325;241;10;0060437618919153;5;20260527;10;CN;0060437618919153;5;9867461180;98449700;;;0;;;;9867461180;;ME M63;;;0;PCE;113;4;20260605;20260605
VDA4905;ECAR;EDIFACT;ME26052702100325;241;10;0060437618919153;5;20260527;10;CN;0060437618919153;5;9867461180;98449700;;;0;;;;9867461180;;ME M63;;;0;PCE;113;4;20260610;20260610
VDA4905;ECAR;EDIFACT;ME26052702100325;241;10;0060437618919153;5;20260527;10;CN;0060437618919153;5;9867461180;98449700;;;0;;;;9867461180;;ME M63;;;0;PCE;113;4;20260615;20260615
VDA4905;ECAR;EDIFACT;ME26052702100325;241;10;0060437618919153;5;20260527;10;CN;0060437618919153;5;9867461180;98449700;;;0;;;;9867461180;;ME M63;;;0;PCE;113;4;20260616;20260616
VDA4905;ECAR;EDIFACT;ME26052702100325;241;10;0060437618919153;5;20260527;10;CN;0060437618919153;5;9867461180;98449700;;;0;;;;9867461180;;ME M63;;;0;PCE;113;4;20260617;20260617
VDA4905;ECAR;EDIFACT;ME26052702100325;241;10;0060437618919153;5;20260527;10;CN;0060437618919153;5;9867461180;98449700;;;0;;;;9867461180;;ME M63;;;0;PCE;113;4;20260618;20260618
VDA4905;ECAR;EDIFACT;ME26052702100325;241;10;0060437618919153;5;20260527;10;CN;0060437618919153;5;9867461180;98449700;;;0;;;;9867461180;;ME M63;;;0;PCE;113;4;20260619;20260619
VDA4905;ECAR;EDIFACT;ME26052702100325;241;10;0060437618919153;5;20260527;10;CN;0060437618919153;5;9867461180;98449700;;;0;;;;9867461180;;ME M63;;;0;PCE;113;4;20260620;20260620
VDA4905;ECAR;EDIFACT;ME26052702100325;241;10;0060437618919153;5;20260527;10;CN;0060437618919153;5;9867461180;98449700;;;0;;;;9867461180;;ME M63;;;0;PCE;113;4;20260621;20260621
VDA4905;ECAR;EDIFACT;ME26052702100325;241;10;0060437618919153;5;20260527;10;CN;0060437618919153;5;9867461180;98449700;;;0;;;;9867461180;;ME M63;;;0;PCE;113;4;20260622;20260628
VDA4905;ECAR;EDIFACT;ME26052702100325;241;10;0060437618919153;5;20260527;10;CN;0060437618919153;5;9867461180;98449700;;;0;;;;9867461180;;ME M63;;;0;PCE;113;4;20260629;20260705
VDA4905;ECAR;EDIFACT;ME26052702100325;241;10;0060437618919153;5;20260527;10;CN;0060437618919153;5;9867461180;98449700;;;0;;;;9867461180;;ME M63;;;0;PCE;113;4;20260706;20260712
VDA4905;ECAR;EDIFACT;ME26052702100325;241;10;0060437618919153;5;20260527;10;CN;0060437618919153;5;9867461180;98449700;;;0;;;;9867461180;;ME M63;;;0;PCE;113;4;20260713;20260719
VDA4905;ECAR;EDIFACT;ME26052702100325;241;10;0060437618919153;5;20260527;10;CN;0060437618919153;5;9867461180;98449700;;;0;;;;9867461180;;ME M63;;;0;PCE;113;4;20260720;20260726
VDA4905;ECAR;EDIFACT;ME26052702100325;241;10;0060437618919153;5;20260527;10;CN;0060437618919153;5;9867461180;98449700;;;0;;;;9867461180;;ME M63;;;0;PCE;113;4;20260817;20260823
VDA4905;ECAR;EDIFACT;ME26052702100325;241;10;0060437618919153;5;20260527;10;CN;0060437618919153;5;9867461180;98449700;;;0;;;;9867461180;;ME M63;;;0;PCE;113;4;20260824;20260830
VDA4905;ECAR;EDIFACT;ME26052702100325;241;10;0060437618919153;5;20260527;10;CN;0060437618919153;5;9867461180;98449700;;;0;;;;9867461180;;ME M63;;;0;PCE;113;4;20260831;20260906
VDA4905;ECAR;EDIFACT;ME26052702100325;241;10;0060437618919153;5;20260527;10;CN;0060437618919153;5;9867461180;98449700;;;0;;;;9867461180;;ME M63;;;0;PCE;113;4;20260907;20260913
VDA4905;ECAR;EDIFACT;ME26052702100325;241;10;0060437618919153;5;20260527;10;CN;0060437618919153;5;9867461180;98449700;;;0;;;;9867461180;;ME M63;;;0;PCE;113;4;20260914;20260920
VDA4905;ECAR;EDIFACT;ME26052702100325;241;10;0060437618919153;5;20260527;10;CN;0060437618919153;5;9867461180;98449700;;;0;;;;9867461180;;ME M63;;;0;PCE;113;4;20260921;20260927
VDA4905;ECAR;EDIFACT;ME26052702100325;241;10;0060437618919153;5;20260527;10;CN;0060437618919153;5;9867461180;98449700;;;0;;;;9867461180;;ME M63;;;0;PCE;113;4;20260928;20261004
VDA4905;ECAR;EDIFACT;ME26052702100325;241;10;0060437618919153;5;20260527;10;CN;0060437618919153;5;9867461180;98449700;;;0;;;;9867461180;;ME M63;;;0;PCE;113;4;20261005;20261011
VDA4905;ECAR;EDIFACT;ME26052702100325;241;10;0060437618919153;5;20260527;10;CN;0060437618919153;5;9867461180;98449700;;;0;;;;9867461180;;ME M63;;;0;PCE;113;4;20261012;20261018
VDA4905;ECAR;EDIFACT;ME26052702100325;241;10;0060437618919153;5;20260527;10;CN;0060437618919153;5;9867461180;98449700;;;0;;;;9867461180;;ME M63;;;0;PCE;113;4;20261019;20261025
VDA4905;ECAR;EDIFACT;ME26052702100325;241;10;0060437618919153;5;20260527;10;CN;0060437618919153;5;9867461180;98449700;;;0;;;;9867461180;;ME M63;;;0;PCE;113;4;20261026;20261101
VDA4905;ECAR;EDIFACT;ME26052702100325;241;10;0060437618919153;5;20260527;10;CN;0060437618919153;5;9867461180;98449700;;;0;;;;9867461180;;ME M63;;;0;PCE;113;4;20261102;20261108
VDA4905;ECAR;EDIFACT;ME26052702100325;241;10;0060437618919153;5;20260527;10;CN;0060437618919153;5;9867461180;98449700;;;0;;;;9867461180;;ME M63;;;0;PCE;113;4;20261109;20261115
VDA4905;ECAR;EDIFACT;ME26052702100325;241;10;0060437618919153;5;20260527;10;CN;0060437618919153;5;9867461180;98449700;;;0;;;;9867461180;;ME M63;;;0;PCE;113;4;20261116;20261122
VDA4905;ECAR;EDIFACT;ME26052702100325;241;10;0060437618919153;5;20260527;10;CN;0060437618919153;5;9867461180;98449700;;;0;;;;9867461180;;ME M63;;;0;PCE;113;4;20261123;20261129
VDA4905;ECAR;EDIFACT;ME26052702100325;241;10;0060437618919153;5;20260527;10;CN;0060437618919153;5;9867461180;98449700;;;0;;;;9867461180;;ME M63;;;0;PCE;113;4;20261130;20261206
VDA4905;ECAR;EDIFACT;ME26052702100325;241;10;0060437618919153;5;20260527;10;CN;0060437618919153;5;9867461180;98449700;;;0;;;;9867461180;;ME M63;;;0;PCE;113;4;20261207;20261213
VDA4905;ECAR;EDIFACT;ME26052702100325;241;10;0060437618919153;5;20260527;10;CN;0060437618919153;5;9867461180;98449700;;;0;;;;9867461180;;ME M63;;;0;PCE;113;4;20261214;20261220
VDA4905;ECAR;EDIFACT;ME26052702100325;241;10;0060437618919153;5;20260527;10;CN;0060437618919153;5;9867461180;98449700;;;0;;;;9867461180;;ME M63;;;0;PCE;113;4;20261221;20261227
VDA4905;ECAR;EDIFACT;ME26052702100325;241;10;0060437618919153;5;20260527;10;CN;0060437618919153;5;9867461180;98449700;;;0;;;;9867461180;;ME M63;;;0;PCE;113;4;20261228;20261231
VDA4905;ECAR;EDIFACT;ME26052702100325;241;10;0060437618919153;5;20260527;10;CN;0060437618919153;5;9867461180;98449700;;;0;;;;9867461180;;ME M63;;;0;PCE;113;4;20270101;20270103
VDA4905;ECAR;EDIFACT;ME26052702100325;241;10;0060437618919153;5;20260527;10;CN;0060437618919153;5;9867461180;98449700;;;0;;;;9867461180;;ME M63;;;0;PCE;113;4;20270104;20270110
VDA4905;ECAR;EDIFACT;ME26052702100325;241;10;0060437618919153;5;20260527;10;CN;0060437618919153;5;9867461180;98449700;;;0;;;;9867461180;;ME M63;;;0;PCE;113;4;20270111;20270117
VDA4905;ECAR;EDIFACT;ME26052702100325;241;10;0060437618919153;5;20260527;10;CN;0060437618919153;5;9867461180;98449700;;;0;;;;9867461180;;ME M63;;;0;PCE;113;4;20270118;20270124
VDA4905;ECAR;EDIFACT;ME26052702100325;241;10;0060437618919153;5;20260527;10;CN;0060437618919153;5;9867461180;98449700;;;0;;;;9867461180;;ME M63;;;0;PCE;113;4;20270125;20270131
VDA4905;ECAR;EDIFACT;ME26052702100325;241;10;0060437618919153;5;20260527;10;CN;0060437618919153;5;9867461180;98449700;;;0;;;;9867461180;;ME M63;;;0;PCE;113;4;20270201;20270207
VDA4905;ECAR;EDIFACT;ME26052702100325;241;10;0060437618919153;5;20260527;10;CN;0060437618919153;5;9867461180;98449700;;;0;;;;9867461180;;ME M63;;;0;PCE;113;4;20270208;20270214
VDA4905;ECAR;EDIFACT;ME26052702100325;241;10;0060437618919153;5;20260527;10;CN;0060437618919153;5;9867461180;98449700;;;0;;;;9867461180;;ME M63;;;0;PCE;113;4;20270215;20270221
VDA4905;ECAR;EDIFACT;ME26052702100325;241;10;0060437618919153;5;20260527;10;CN;0060437618919153;5;9867461180;98449700;;;0;;;;9867461180;;ME M63;;;0;PCE;113;4;20270222;20270228
VDA4905;ECAR;EDIFACT;ME26052702100325;241;10;0060437618919153;5;20260527;10;CN;0060437618919153;5;9867461180;98449700;;;0;;;;9867461180;;ME M63;;;0;PCE;113;4;20270301;20270307
VDA4905;ECAR;EDIFACT;ME26052702100325;241;10;0060437618919153;5;20260527;10;CN;0060437618919153;5;9867461180;98449700;;;0;;;;9867461180;;ME M63;;;0;PCE;113;4;20270308;20270314
VDA4905;ECAR;EDIFACT;ME26052702100325;241;10;0060437618919153;5;20260527;10;CN;0060437618919153;5;9867461180;98449700;;;0;;;;9867461180;;ME M63;;;0;PCE;113;4;20270315;20270321
VDA4905;ECAR;EDIFACT;ME26052702100325;241;10;0060437618919153;5;20260527;10;CN;0060437618919153;5;9867461180;98449700;;;0;;;;9867461180;;ME M63;;;0;PCE;113;4;20270322;20270328
VDA4905;ECAR;EDIFACT;ME26052702100325;241;10;0060437618919153;5;20260527;10;CN;0060437618919153;5;9867461180;98449700;;;0;;;;9867461180;;ME M63;;;0;PCE;113;4;20270329;20270404
VDA4905;ECAR;EDIFACT;ME26052702100325;241;10;0060437618919153;5;20260527;10;CN;0060437618919153;5;9867461180;98449700;;;0;;;;9867461180;;ME M63;;;0;PCE;113;4;20270405;20270411
VDA4905;ECAR;EDIFACT;ME26052702100325;241;10;0060437618919153;5;20260527;10;CN;0060437618919153;5;9867461180;98449700;;;0;;;;9867461180;;ME M63;;;0;PCE;113;4;20270412;20270418
VDA4905;ECAR;EDIFACT;ME26052702100325;241;10;0060437618919153;5;20260527;10;CN;0060437618919153;5;9867461180;98449700;;;0;;;;9867461180;;ME M63;;;0;PCE;113;4;20270419;20270425
VDA4905;ECAR;EDIFACT;ME26052702100325;241;10;0060437618919153;5;20260527;10;CN;0060437618919153;5;9867461180;98449700;;;0;;;;9867461180;;ME M63;;;0;PCE;113;4;20270426;20270502
VDA4905;ECAR;EDIFACT;ME26052702100325;241;10;0060437618919153;5;20260527;10;CN;0060437618919153;5;9867461580;98449697;;;0;;;;9867461580;;ME M63;;;0;PCE;113;4;20260610;20260610
VDA4905;ECAR;EDIFACT;ME26052702100325;241;10;0060437618919153;5;20260527;10;CN;0060437618919153;5;9867461580;98449697;;;0;;;;9867461580;;ME M63;;;0;PCE;113;4;20260622;20260628
VDA4905;ECAR;EDIFACT;ME26052702100325;241;10;0060437618919153;5;20260527;10;CN;0060437618919153;5;9867461580;98449697;;;0;;;;9867461580;;ME M63;;;0;PCE;113;4;20260629;20260705
VDA4905;ECAR;EDIFACT;ME26052702100325;241;10;0060437618919153;5;20260527;10;CN;0060437618919153;5;9867461580;98449697;;;0;;;;9867461580;;ME M63;;;0;PCE;113;4;20260706;20260712
VDA4905;ECAR;EDIFACT;ME26052702100325;241;10;0060437618919153;5;20260527;10;CN;0060437618919153;5;9867461580;98449697;;;0;;;;9867461580;;ME M63;;;0;PCE;113;4;20260720;20260726
VDA4905;ECAR;EDIFACT;ME26052702100325;241;10;0060437618919153;5;20260527;10;CN;0060437618919153;5;9867461580;98449697;;;0;;;;9867461580;;ME M63;;;0;PCE;113;4;20260817;20260823
VDA4905;ECAR;EDIFACT;ME26052702100325;241;10;0060437618919153;5;20260527;10;CN;0060437618919153;5;9867461580;98449697;;;0;;;;9867461580;;ME M63;;;0;PCE;113;4;20260824;20260830
VDA4905;ECAR;EDIFACT;ME26052702100325;241;10;0060437618919153;5;20260527;10;CN;0060437618919153;5;9867461580;98449697;;;0;;;;9867461580;;ME M63;;;0;PCE;113;4;20260831;20260906
VDA4905;ECAR;EDIFACT;ME26052702100325;241;10;0060437618919153;5;20260527;10;CN;0060437618919153;5;9867461580;98449697;;;0;;;;9867461580;;ME M63;;;0;PCE;113;4;20260907;20260913
VDA4905;ECAR;EDIFACT;ME26052702100325;241;10;0060437618919153;5;20260527;10;CN;0060437618919153;5;9867461580;98449697;;;0;;;;9867461580;;ME M63;;;0;PCE;113;4;20260921;20260927
VDA4905;ECAR;EDIFACT;ME26052702100325;241;10;0060437618919153;5;20260527;10;CN;0060437618919153;5;9867461580;98449697;;;0;;;;9867461580;;ME M63;;;0;PCE;113;4;20260928;20261004
VDA4905;ECAR;EDIFACT;ME26052702100325;241;10;0060437618919153;5;20260527;10;CN;0060437618919153;5;9867461580;98449697;;;0;;;;9867461580;;ME M63;;;0;PCE;113;4;20261005;20261011
VDA4905;ECAR;EDIFACT;ME26052702100325;241;10;0060437618919153;5;20260527;10;CN;0060437618919153;5;9867461580;98449697;;;0;;;;9867461580;;ME M63;;;0;PCE;113;4;20261012;20261018
VDA4905;ECAR;EDIFACT;ME26052702100325;241;10;0060437618919153;5;20260527;10;CN;0060437618919153;5;9867461580;98449697;;;0;;;;9867461580;;ME M63;;;0;PCE;113;4;20261026;20261101
VDA4905;ECAR;EDIFACT;ME26052702100325;241;10;0060437618919153;5;20260527;10;CN;0060437618919153;5;9867461580;98449697;;;0;;;;9867461580;;ME M63;;;0;PCE;113;4;20261102;20261108
VDA4905;ECAR;EDIFACT;ME26052702100325;241;10;0060437618919153;5;20260527;10;CN;0060437618919153;5;9867461580;98449697;;;0;;;;9867461580;;ME M63;;;0;PCE;113;4;20261109;20261115
VDA4905;ECAR;EDIFACT;ME26052702100325;241;10;0060437618919153;5;20260527;10;CN;0060437618919153;5;9867461580;98449697;;;0;;;;9867461580;;ME M63;;;0;PCE;113;4;20261123;20261129
VDA4905;ECAR;EDIFACT;ME26052702100325;241;10;0060437618919153;5;20260527;10;CN;0060437618919153;5;9867461580;98449697;;;0;;;;9867461580;;ME M63;;;0;PCE;113;4;20261130;20261206
VDA4905;ECAR;EDIFACT;ME26052702100325;241;10;0060437618919153;5;20260527;10;CN;0060437618919153;5;9867461580;98449697;;;0;;;;9867461580;;ME M63;;;0;PCE;113;4;20261214;20261220
VDA4905;ECAR;EDIFACT;ME26052702100325;241;10;0060437618919153;5;20260527;10;CN;0060437618919153;5;9867461580;98449697;;;0;;;;9867461580;;ME M63;;;0;PCE;113;4;20270101;20270103
VDA4905;ECAR;EDIFACT;ME26052702100325;241;10;0060437618919153;5;20260527;10;CN;0060437618919153;5;9867461580;98449697;;;0;;;;9867461580;;ME M63;;;0;PCE;113;4;20270125;20270131
VDA4905;ECAR;EDIFACT;ME26052702100325;241;10;0060437618919153;5;20260527;10;CN;0060437618919153;5;9867461580;98449697;;;0;;;;9867461580;;ME M63;;;0;PCE;113;4;20270215;20270221
VDA4905;ECAR;EDIFACT;ME26052702100325;241;10;0060437618919153;5;20260527;10;CN;0060437618919153;5;9867461580;98449697;;;0;;;;9867461580;;ME M63;;;0;PCE;113;4;20270315;20270321
VDA4905;ECAR;EDIFACT;ME26052702100325;241;10;0060437618919153;5;20260527;10;CN;0060437618919153;5;9867461580;98449697;;;0;;;;9867461580;;ME M63;;;0;PCE;113;4;20270412;20270418
VDA4905;ECAR;EDIFACT;ME26052702100325;241;10;0060437618919153;5;20260527;10;CN;0060437618919153;5;9867464280;98446309;;;0;;;;9867464280;;ME M63;;;0;PCE;113;4;20260610;20260610
VDA4905;ECAR;EDIFACT;ME26052702100325;241;10;0060437618919153;5;20260527;10;CN;0060437618919153;5;9867464280;98446309;;;0;;;;9867464280;;ME M63;;;0;PCE;113;4;20261214;20261220
VDA4905;ECAR;EDIFACT;ME26052702100325;241;10;0060437618919153;5;20260527;10;CN;0060437618919153;5;9867544480;98446304;;;0;;;;9867544480;;ME M63;;;0;PCE;113;4;20260615;20260615
VDA4905;ECAR;EDIFACT;ME26052702100325;241;10;0060437618919153;5;20260527;10;CN;0060437618919153;5;9867544480;98446304;;;0;;;;9867544480;;ME M63;;;0;PCE;113;4;20260616;20260616
VDA4905;ECAR;EDIFACT;ME26052702100325;241;10;0060437618919153;5;20260527;10;CN;0060437618919153;5;9867544480;98446304;;;0;;;;9867544480;;ME M63;;;0;PCE;113;4;20260617;20260617
VDA4905;ECAR;EDIFACT;ME26052702100325;241;10;0060437618919153;5;20260527;10;CN;0060437618919153;5;9867544480;98446304;;;0;;;;9867544480;;ME M63;;;0;PCE;113;4;20260618;20260618
VDA4905;ECAR;EDIFACT;ME26052702100325;241;10;0060437618919153;5;20260527;10;CN;0060437618919153;5;9867544480;98446304;;;0;;;;9867544480;;ME M63;;;0;PCE;113;4;20260619;20260619
VDA4905;ECAR;EDIFACT;ME26052702100325;241;10;0060437618919153;5;20260527;10;CN;0060437618919153;5;9867544480;98446304;;;0;;;;9867544480;;ME M63;;;0;PCE;113;4;20260620;20260620
VDA4905;ECAR;EDIFACT;ME26052702100325;241;10;0060437618919153;5;20260527;10;CN;0060437618919153;5;9867544480;98446304;;;0;;;;9867544480;;ME M63;;;0;PCE;113;4;20260621;20260621
VDA4905;ECAR;EDIFACT;ME26052702100325;241;10;0060437618919153;5;20260527;10;CN;0060437618919153;5;9867544480;98446304;;;0;;;;9867544480;;ME M63;;;0;PCE;113;4;20260713;20260719
VDA4905;ECAR;EDIFACT;ME26052702100325;241;10;0060437618919153;5;20260527;10;CN;0060437618919153;5;9867544480;98446304;;;0;;;;9867544480;;ME M63;;;0;PCE;113;4;20260824;20260830
VDA4905;ECAR;EDIFACT;ME26052702100325;241;10;0060437618919153;5;20260527;10;CN;0060437618919153;5;9867544480;98446304;;;0;;;;9867544480;;ME M63;;;0;PCE;113;4;20260914;20260920
VDA4905;ECAR;EDIFACT;ME26052702100325;241;10;0060437618919153;5;20260527;10;CN;0060437618919153;5;9867544480;98446304;;;0;;;;9867544480;;ME M63;;;0;PCE;113;4;20261005;20261011
VDA4905;ECAR;EDIFACT;ME26052702100325;241;10;0060437618919153;5;20260527;10;CN;0060437618919153;5;9867544480;98446304;;;0;;;;9867544480;;ME M63;;;0;PCE;113;4;20261019;20261025
VDA4905;ECAR;EDIFACT;ME26052702100325;241;10;0060437618919153;5;20260527;10;CN;0060437618919153;5;9867544480;98446304;;;0;;;;9867544480;;ME M63;;;0;PCE;113;4;20261109;20261115
VDA4905;ECAR;EDIFACT;ME26052702100325;241;10;0060437618919153;5;20260527;10;CN;0060437618919153;5;9867544480;98446304;;;0;;;;9867544480;;ME M63;;;0;PCE;113;4;20261130;20261206
VDA4905;ECAR;EDIFACT;ME26052702100325;241;10;0060437618919153;5;20260527;10;CN;0060437618919153;5;9867544480;98446304;;;0;;;;9867544480;;ME M63;;;0;PCE;113;4;20261214;20261220
VDA4905;ECAR;EDIFACT;ME26052702100325;241;10;0060437618919153;5;20260527;10;CN;0060437618919153;5;9867544480;98446304;;;0;;;;9867544480;;ME M63;;;0;PCE;113;4;20270118;20270124
VDA4905;ECAR;EDIFACT;ME26052702100325;241;10;0060437618919153;5;20260527;10;CN;0060437618919153;5;9867544480;98446304;;;0;;;;9867544480;;ME M63;;;0;PCE;113;4;20270201;20270207
VDA4905;ECAR;EDIFACT;ME26052702100325;241;10;0060437618919153;5;20260527;10;CN;0060437618919153;5;9867544480;98446304;;;0;;;;9867544480;;ME M63;;;0;PCE;113;4;20270208;20270214
VDA4905;ECAR;EDIFACT;ME26052702100325;241;10;0060437618919153;5;20260527;10;CN;0060437618919153;5;9867544480;98446304;;;0;;;;9867544480;;ME M63;;;0;PCE;113;4;20270222;20270228
VDA4905;ECAR;EDIFACT;ME26052702100325;241;10;0060437618919153;5;20260527;10;CN;0060437618919153;5;9867544480;98446304;;;0;;;;9867544480;;ME M63;;;0;PCE;113;4;20270301;20270307
VDA4905;ECAR;EDIFACT;ME26052702100325;241;10;0060437618919153;5;20260527;10;CN;0060437618919153;5;9867544480;98446304;;;0;;;;9867544480;;ME M63;;;0;PCE;113;4;20270308;20270314
VDA4905;ECAR;EDIFACT;ME26052702100325;241;10;0060437618919153;5;20260527;10;CN;0060437618919153;5;9867544480;98446304;;;0;;;;9867544480;;ME M63;;;0;PCE;113;4;20270315;20270321
VDA4905;ECAR;EDIFACT;ME26052702100325;241;10;0060437618919153;5;20260527;10;CN;0060437618919153;5;9867544480;98446304;;;0;;;;9867544480;;ME M63;;;0;PCE;113;4;20270322;20270328
VDA4905;ECAR;EDIFACT;ME26052702100325;241;10;0060437618919153;5;20260527;10;CN;0060437618919153;5;9867544480;98446304;;;0;;;;9867544480;;ME M63;;;0;PCE;113;4;20270405;20270411
VDA4905;ECAR;EDIFACT;ME26052702100325;241;10;0060437618919153;5;20260527;10;CN;0060437618919153;5;9867544480;98446304;;;0;;;;9867544480;;ME M63;;;0;PCE;113;4;20270412;20270418
VDA4905;ECAR;EDIFACT;ME26052702100325;241;10;0060437618919153;5;20260527;10;CN;0060437618919153;5;9867544480;98446304;;;0;;;;9867544480;;ME M63;;;0;PCE;113;4;20270419;20270425
VDA4905;ECAR;EDIFACT;ME26052702100325;241;10;0060437618919153;5;20260527;10;CN;0060437618919153;5;9867544480;98446304;;;0;;;;9867544480;;ME M63;;;0;PCE;113;4;20270426;20270502
VDA4905;ECAR;EDIFACT;ME26052702100325;241;10;0060437618919153;5;20260527;10;CN;0060437618919153;5;9868733680;98454391;;;0;;;;9868733680;;ME M63;;;0;PCE;113;4;20260608;20260608
VDA4905;ECAR;EDIFACT;ME26052702100325;241;10;0060437618919153;5;20260527;10;CN;0060437618919153;5;9868733680;98454391;;;0;;;;9868733680;;ME M63;;;0;PCE;113;4;20260615;20260615
VDA4905;ECAR;EDIFACT;ME26052702100325;241;10;0060437618919153;5;20260527;10;CN;0060437618919153;5;9868733680;98454391;;;0;;;;9868733680;;ME M63;;;0;PCE;113;4;20260616;20260616
VDA4905;ECAR;EDIFACT;ME26052702100325;241;10;0060437618919153;5;20260527;10;CN;0060437618919153;5;9868733680;98454391;;;0;;;;9868733680;;ME M63;;;0;PCE;113;4;20260617;20260617
VDA4905;ECAR;EDIFACT;ME26052702100325;241;10;0060437618919153;5;20260527;10;CN;0060437618919153;5;9868733680;98454391;;;0;;;;9868733680;;ME M63;;;0;PCE;113;4;20260618;20260618
VDA4905;ECAR;EDIFACT;ME26052702100325;241;10;0060437618919153;5;20260527;10;CN;0060437618919153;5;9868733680;98454391;;;0;;;;9868733680;;ME M63;;;0;PCE;113;4;20260619;20260619
VDA4905;ECAR;EDIFACT;ME26052702100325;241;10;0060437618919153;5;20260527;10;CN;0060437618919153;5;9868733680;98454391;;;0;;;;9868733680;;ME M63;;;0;PCE;113;4;20260620;20260620
VDA4905;ECAR;EDIFACT;ME26052702100325;241;10;0060437618919153;5;20260527;10;CN;0060437618919153;5;9868733680;98454391;;;0;;;;9868733680;;ME M63;;;0;PCE;113;4;20260621;20260621
VDA4905;ECAR;EDIFACT;ME26052702100325;241;10;0060437618919153;5;20260527;10;CN;0060437618919153;5;9868733680;98454391;;;0;;;;9868733680;;ME M63;;;0;PCE;113;4;20260622;20260628
VDA4905;ECAR;EDIFACT;ME26052702100325;241;10;0060437618919153;5;20260527;10;CN;0060437618919153;5;9868733680;98454391;;;0;;;;9868733680;;ME M63;;;0;PCE;113;4;20260629;20260705
VDA4905;ECAR;EDIFACT;ME26052702100325;241;10;0060437618919153;5;20260527;10;CN;0060437618919153;5;9868733680;98454391;;;0;;;;9868733680;;ME M63;;;0;PCE;113;4;20260706;20260712
VDA4905;ECAR;EDIFACT;ME26052702100325;241;10;0060437618919153;5;20260527;10;CN;0060437618919153;5;9868733680;98454391;;;0;;;;9868733680;;ME M63;;;0;PCE;113;4;20260713;20260719
VDA4905;ECAR;EDIFACT;ME26052702100325;241;10;0060437618919153;5;20260527;10;CN;0060437618919153;5;9868733680;98454391;;;0;;;;9868733680;;ME M63;;;0;PCE;113;4;20260720;20260726
VDA4905;ECAR;EDIFACT;ME26052702100325;241;10;0060437618919153;5;20260527;10;CN;0060437618919153;5;9868733680;98454391;;;0;;;;9868733680;;ME M63;;;0;PCE;113;4;20260817;20260823
VDA4905;ECAR;EDIFACT;ME26052702100325;241;10;0060437618919153;5;20260527;10;CN;0060437618919153;5;9868733680;98454391;;;0;;;;9868733680;;ME M63;;;0;PCE;113;4;20260824;20260830
VDA4905;ECAR;EDIFACT;ME26052702100325;241;10;0060437618919153;5;20260527;10;CN;0060437618919153;5;9868733680;98454391;;;0;;;;9868733680;;ME M63;;;0;PCE;113;4;20260831;20260906
VDA4905;ECAR;EDIFACT;ME26052702100325;241;10;0060437618919153;5;20260527;10;CN;0060437618919153;5;9868733680;98454391;;;0;;;;9868733680;;ME M63;;;0;PCE;113;4;20260907;20260913
VDA4905;ECAR;EDIFACT;ME26052702100325;241;10;0060437618919153;5;20260527;10;CN;0060437618919153;5;9868733680;98454391;;;0;;;;9868733680;;ME M63;;;0;PCE;113;4;20260914;20260920
VDA4905;ECAR;EDIFACT;ME26052702100325;241;10;0060437618919153;5;20260527;10;CN;0060437618919153;5;9868733680;98454391;;;0;;;;9868733680;;ME M63;;;0;PCE;113;4;20260921;20260927
VDA4905;ECAR;EDIFACT;ME26052702100325;241;10;0060437618919153;5;20260527;10;CN;0060437618919153;5;9868733680;98454391;;;0;;;;9868733680;;ME M63;;;0;PCE;113;4;20260928;20261004
VDA4905;ECAR;EDIFACT;ME26052702100325;241;10;0060437618919153;5;20260527;10;CN;0060437618919153;5;9868733680;98454391;;;0;;;;9868733680;;ME M63;;;0;PCE;113;4;20261005;20261011
VDA4905;ECAR;EDIFACT;ME26052702100325;241;10;0060437618919153;5;20260527;10;CN;0060437618919153;5;9868733680;98454391;;;0;;;;9868733680;;ME M63;;;0;PCE;113;4;20261012;20261018
VDA4905;ECAR;EDIFACT;ME26052702100325;241;10;0060437618919153;5;20260527;10;CN;0060437618919153;5;9868733680;98454391;;;0;;;;9868733680;;ME M63;;;0;PCE;113;4;20261019;20261025
VDA4905;ECAR;EDIFACT;ME26052702100325;241;10;0060437618919153;5;20260527;10;CN;0060437618919153;5;9868733680;98454391;;;0;;;;9868733680;;ME M63;;;0;PCE;113;4;20261026;20261101
VDA4905;ECAR;EDIFACT;ME26052702100325;241;10;0060437618919153;5;20260527;10;CN;0060437618919153;5;9868733680;98454391;;;0;;;;9868733680;;ME M63;;;0;PCE;113;4;20261102;20261108
VDA4905;ECAR;EDIFACT;ME26052702100325;241;10;0060437618919153;5;20260527;10;CN;0060437618919153;5;9868733680;98454391;;;0;;;;9868733680;;ME M63;;;0;PCE;113;4;20261109;20261115
VDA4905;ECAR;EDIFACT;ME26052702100325;241;10;0060437618919153;5;20260527;10;CN;0060437618919153;5;9868733680;98454391;;;0;;;;9868733680;;ME M63;;;0;PCE;113;4;20261116;20261122
VDA4905;ECAR;EDIFACT;ME26052702100325;241;10;0060437618919153;5;20260527;10;CN;0060437618919153;5;9868733680;98454391;;;0;;;;9868733680;;ME M63;;;0;PCE;113;4;20261123;20261129
VDA4905;ECAR;EDIFACT;ME26052702100325;241;10;0060437618919153;5;20260527;10;CN;0060437618919153;5;9868733680;98454391;;;0;;;;9868733680;;ME M63;;;0;PCE;113;4;20261130;20261206
VDA4905;ECAR;EDIFACT;ME26052702100325;241;10;0060437618919153;5;20260527;10;CN;0060437618919153;5;9868733680;98454391;;;0;;;;9868733680;;ME M63;;;0;PCE;113;4;20261207;20261213
VDA4905;ECAR;EDIFACT;ME26052702100325;241;10;0060437618919153;5;20260527;10;CN;0060437618919153;5;9868733680;98454391;;;0;;;;9868733680;;ME M63;;;0;PCE;113;4;20261214;20261220
VDA4905;ECAR;EDIFACT;ME26052702100325;241;10;0060437618919153;5;20260527;10;CN;0060437618919153;5;9868733680;98454391;;;0;;;;9868733680;;ME M63;;;0;PCE;113;4;20261221;20261227
VDA4905;ECAR;EDIFACT;ME26052702100325;241;10;0060437618919153;5;20260527;10;CN;0060437618919153;5;9868733680;98454391;;;0;;;;9868733680;;ME M63;;;0;PCE;113;4;20270104;20270110
VDA4905;ECAR;EDIFACT;ME26052702100325;241;10;0060437618919153;5;20260527;10;CN;0060437618919153;5;9868733680;98454391;;;0;;;;9868733680;;ME M63;;;0;PCE;113;4;20270111;20270117
VDA4905;ECAR;EDIFACT;ME26052702100325;241;10;0060437618919153;5;20260527;10;CN;0060437618919153;5;9868733680;98454391;;;0;;;;9868733680;;ME M63;;;0;PCE;113;4;20270118;20270124
VDA4905;ECAR;EDIFACT;ME26052702100325;241;10;0060437618919153;5;20260527;10;CN;0060437618919153;5;9868733680;98454391;;;0;;;;9868733680;;ME M63;;;0;PCE;113;4;20270125;20270131
VDA4905;ECAR;EDIFACT;ME26052702100325;241;10;0060437618919153;5;20260527;10;CN;0060437618919153;5;9868733680;98454391;;;0;;;;9868733680;;ME M63;;;0;PCE;113;4;20270201;20270207
VDA4905;ECAR;EDIFACT;ME26052702100325;241;10;0060437618919153;5;20260527;10;CN;0060437618919153;5;9868733680;98454391;;;0;;;;9868733680;;ME M63;;;0;PCE;113;4;20270215;20270221
VDA4905;ECAR;EDIFACT;ME26052702100325;241;10;0060437618919153;5;20260527;10;CN;0060437618919153;5;9868733680;98454391;;;0;;;;9868733680;;ME M63;;;0;PCE;113;4;20270222;20270228
VDA4905;ECAR;EDIFACT;ME26052702100325;241;10;0060437618919153;5;20260527;10;CN;0060437618919153;5;9868733680;98454391;;;0;;;;9868733680;;ME M63;;;0;PCE;113;4;20270301;20270307
VDA4905;ECAR;EDIFACT;ME26052702100325;241;10;0060437618919153;5;20260527;10;CN;0060437618919153;5;9868733680;98454391;;;0;;;;9868733680;;ME M63;;;0;PCE;113;4;20270308;20270314
VDA4905;ECAR;EDIFACT;ME26052702100325;241;10;0060437618919153;5;20260527;10;CN;0060437618919153;5;9868733680;98454391;;;0;;;;9868733680;;ME M63;;;0;PCE;113;4;20270315;20270321
VDA4905;ECAR;EDIFACT;ME26052702100325;241;10;0060437618919153;5;20260527;10;CN;0060437618919153;5;9868733680;98454391;;;0;;;;9868733680;;ME M63;;;0;PCE;113;4;20270329;20270404
VDA4905;ECAR;EDIFACT;ME26052702100325;241;10;0060437618919153;5;20260527;10;CN;0060437618919153;5;9868733680;98454391;;;0;;;;9868733680;;ME M63;;;0;PCE;113;4;20270405;20270411
VDA4905;ECAR;EDIFACT;ME26052702100325;241;10;0060437618919153;5;20260527;10;CN;0060437618919153;5;9868733680;98454391;;;0;;;;9868733680;;ME M63;;;0;PCE;113;4;20270412;20270418
VDA4905;ECAR;EDIFACT;ME26052702100325;241;10;0060437618919153;5;20260527;10;CN;0060437618919153;5;9868733680;98454391;;;0;;;;9868733680;;ME M63;;;0;PCE;113;4;20270419;20270425
VDA4905;ECAR;EDIFACT;ME26052702100325;241;10;0060437618919153;5;20260527;10;CN;0060437618919153;5;9869187980;98448071;;;0;;;;9869187980;;ME M63;;;0;PCE;113;4;20260622;20260628
VDA4905;ECAR;EDIFACT;ME26052702100325;241;10;0060437618919153;5;20260527;10;CN;0060437618919153;5;9869187980;98448071;;;0;;;;9869187980;;ME M63;;;0;PCE;113;4;20260817;20260823
VDA4905;ECAR;EDIFACT;ME26052702100325;241;10;0060437618919153;5;20260527;10;CN;0060437618919153;5;9869187980;98448071;;;0;;;;9869187980;;ME M63;;;0;PCE;113;4;20260914;20260920
VDA4905;ECAR;EDIFACT;ME26052702100325;241;10;0060437618919153;5;20260527;10;CN;0060437618919153;5;9869187980;98448071;;;0;;;;9869187980;;ME M63;;;0;PCE;113;4;20261012;20261018
VDA4905;ECAR;EDIFACT;ME26052702100325;241;10;0060437618919153;5;20260527;10;CN;0060437618919153;5;9869187980;98448071;;;0;;;;9869187980;;ME M63;;;0;PCE;113;4;20261109;20261115
VDA4905;ECAR;EDIFACT;ME26052702100325;241;10;0060437618919153;5;20260527;10;CN;0060437618919153;5;9869187980;98448071;;;0;;;;9869187980;;ME M63;;;0;PCE;113;4;20261207;20261213
VDA4905;ECAR;EDIFACT;ME26052702100325;241;10;0060437618919153;5;20260527;10;CN;0060437618919153;5;9869187980;98448071;;;0;;;;9869187980;;ME M63;;;0;PCE;113;4;20270125;20270131
VDA4905;ECAR;EDIFACT;ME26052702100325;241;10;0060437618919153;5;20260527;10;CN;0060437618919153;5;9869187980;98448071;;;0;;;;9869187980;;ME M63;;;0;PCE;113;4;20270301;20270307
VDA4905;ECAR;EDIFACT;ME26052702100325;241;10;0060437618919153;5;20260527;10;CN;0060437618919153;5;9869187980;98448071;;;0;;;;9869187980;;ME M63;;;0;PCE;113;4;20270405;20270411
VDA4905;ECAR;EDIFACT;ME26052702100325;241;10;0060437618919153;5;20260527;10;CN;0060437618919153;5;9869188180;98448074;;;0;;;;9869188180;;ME M63;;;0;PCE;113;4;20260601;20260601
VDA4905;ECAR;EDIFACT;ME26052702100325;241;10;0060437618919153;5;20260527;10;CN;0060437618919153;5;9869188180;98448074;;;0;;;;9869188180;;ME M63;;;0;PCE;113;4;20260604;20260604
VDA4905;ECAR;EDIFACT;ME26052702100325;241;10;0060437618919153;5;20260527;10;CN;0060437618919153;5;9869188180;98448074;;;0;;;;9869188180;;ME M63;;;0;PCE;113;4;20260605;20260605
VDA4905;ECAR;EDIFACT;ME26052702100325;241;10;0060437618919153;5;20260527;10;CN;0060437618919153;5;9869188180;98448074;;;0;;;;9869188180;;ME M63;;;0;PCE;113;4;20260608;20260608
VDA4905;ECAR;EDIFACT;ME26052702100325;241;10;0060437618919153;5;20260527;10;CN;0060437618919153;5;9869188180;98448074;;;0;;;;9869188180;;ME M63;;;0;PCE;113;4;20260610;20260610
VDA4905;ECAR;EDIFACT;ME26052702100325;241;10;0060437618919153;5;20260527;10;CN;0060437618919153;5;9869188180;98448074;;;0;;;;9869188180;;ME M63;;;0;PCE;113;4;20260615;20260615
VDA4905;ECAR;EDIFACT;ME26052702100325;241;10;0060437618919153;5;20260527;10;CN;0060437618919153;5;9869188180;98448074;;;0;;;;9869188180;;ME M63;;;0;PCE;113;4;20260616;20260616
VDA4905;ECAR;EDIFACT;ME26052702100325;241;10;0060437618919153;5;20260527;10;CN;0060437618919153;5;9869188180;98448074;;;0;;;;9869188180;;ME M63;;;0;PCE;113;4;20260617;20260617
VDA4905;ECAR;EDIFACT;ME26052702100325;241;10;0060437618919153;5;20260527;10;CN;0060437618919153;5;9869188180;98448074;;;0;;;;9869188180;;ME M63;;;0;PCE;113;4;20260618;20260618
VDA4905;ECAR;EDIFACT;ME26052702100325;241;10;0060437618919153;5;20260527;10;CN;0060437618919153;5;9869188180;98448074;;;0;;;;9869188180;;ME M63;;;0;PCE;113;4;20260619;20260619
VDA4905;ECAR;EDIFACT;ME26052702100325;241;10;0060437618919153;5;20260527;10;CN;0060437618919153;5;9869188180;98448074;;;0;;;;9869188180;;ME M63;;;0;PCE;113;4;20260620;20260620
VDA4905;ECAR;EDIFACT;ME26052702100325;241;10;0060437618919153;5;20260527;10;CN;0060437618919153;5;9869188180;98448074;;;0;;;;9869188180;;ME M63;;;0;PCE;113;4;20260621;20260621
VDA4905;ECAR;EDIFACT;ME26052702100325;241;10;0060437618919153;5;20260527;10;CN;0060437618919153;5;9869188180;98448074;;;0;;;;9869188180;;ME M63;;;0;PCE;113;4;20260622;20260628
VDA4905;ECAR;EDIFACT;ME26052702100325;241;10;0060437618919153;5;20260527;10;CN;0060437618919153;5;9869188180;98448074;;;0;;;;9869188180;;ME M63;;;0;PCE;113;4;20260706;20260712
VDA4905;ECAR;EDIFACT;ME26052702100325;241;10;0060437618919153;5;20260527;10;CN;0060437618919153;5;9869188180;98448074;;;0;;;;9869188180;;ME M63;;;0;PCE;113;4;20260713;20260719
VDA4905;ECAR;EDIFACT;ME26052702100325;241;10;0060437618919153;5;20260527;10;CN;0060437618919153;5;9869188180;98448074;;;0;;;;9869188180;;ME M63;;;0;PCE;113;4;20260720;20260726
VDA4905;ECAR;EDIFACT;ME26052702100325;241;10;0060437618919153;5;20260527;10;CN;0060437618919153;5;9869188180;98448074;;;0;;;;9869188180;;ME M63;;;0;PCE;113;4;20260817;20260823
VDA4905;ECAR;EDIFACT;ME26052702100325;241;10;0060437618919153;5;20260527;10;CN;0060437618919153;5;9869188180;98448074;;;0;;;;9869188180;;ME M63;;;0;PCE;113;4;20260824;20260830
VDA4905;ECAR;EDIFACT;ME26052702100325;241;10;0060437618919153;5;20260527;10;CN;0060437618919153;5;9869188180;98448074;;;0;;;;9869188180;;ME M63;;;0;PCE;113;4;20260831;20260906
VDA4905;ECAR;EDIFACT;ME26052702100325;241;10;0060437618919153;5;20260527;10;CN;0060437618919153;5;9869188180;98448074;;;0;;;;9869188180;;ME M63;;;0;PCE;113;4;20260907;20260913
VDA4905;ECAR;EDIFACT;ME26052702100325;241;10;0060437618919153;5;20260527;10;CN;0060437618919153;5;9869188180;98448074;;;0;;;;9869188180;;ME M63;;;0;PCE;113;4;20260914;20260920
VDA4905;ECAR;EDIFACT;ME26052702100325;241;10;0060437618919153;5;20260527;10;CN;0060437618919153;5;9869188180;98448074;;;0;;;;9869188180;;ME M63;;;0;PCE;113;4;20260921;20260927
VDA4905;ECAR;EDIFACT;ME26052702100325;241;10;0060437618919153;5;20260527;10;CN;0060437618919153;5;9869188180;98448074;;;0;;;;9869188180;;ME M63;;;0;PCE;113;4;20260928;20261004
VDA4905;ECAR;EDIFACT;ME26052702100325;241;10;0060437618919153;5;20260527;10;CN;0060437618919153;5;9869188180;98448074;;;0;;;;9869188180;;ME M63;;;0;PCE;113;4;20261005;20261011
VDA4905;ECAR;EDIFACT;ME26052702100325;241;10;0060437618919153;5;20260527;10;CN;0060437618919153;5;9869188180;98448074;;;0;;;;9869188180;;ME M63;;;0;PCE;113;4;20261012;20261018
VDA4905;ECAR;EDIFACT;ME26052702100325;241;10;0060437618919153;5;20260527;10;CN;0060437618919153;5;9869188180;98448074;;;0;;;;9869188180;;ME M63;;;0;PCE;113;4;20261019;20261025
VDA4905;ECAR;EDIFACT;ME26052702100325;241;10;0060437618919153;5;20260527;10;CN;0060437618919153;5;9869188180;98448074;;;0;;;;9869188180;;ME M63;;;0;PCE;113;4;20261026;20261101
VDA4905;ECAR;EDIFACT;ME26052702100325;241;10;0060437618919153;5;20260527;10;CN;0060437618919153;5;9869188180;98448074;;;0;;;;9869188180;;ME M63;;;0;PCE;113;4;20261102;20261108
VDA4905;ECAR;EDIFACT;ME26052702100325;241;10;0060437618919153;5;20260527;10;CN;0060437618919153;5;9869188180;98448074;;;0;;;;9869188180;;ME M63;;;0;PCE;113;4;20261109;20261115
VDA4905;ECAR;EDIFACT;ME26052702100325;241;10;0060437618919153;5;20260527;10;CN;0060437618919153;5;9869188180;98448074;;;0;;;;9869188180;;ME M63;;;0;PCE;113;4;20261116;20261122
VDA4905;ECAR;EDIFACT;ME26052702100325;241;10;0060437618919153;5;20260527;10;CN;0060437618919153;5;9869188180;98448074;;;0;;;;9869188180;;ME M63;;;0;PCE;113;4;20261123;20261129
VDA4905;ECAR;EDIFACT;ME26052702100325;241;10;0060437618919153;5;20260527;10;CN;0060437618919153;5;9869188180;98448074;;;0;;;;9869188180;;ME M63;;;0;PCE;113;4;20261130;20261206
VDA4905;ECAR;EDIFACT;ME26052702100325;241;10;0060437618919153;5;20260527;10;CN;0060437618919153;5;9869188180;98448074;;;0;;;;9869188180;;ME M63;;;0;PCE;113;4;20261207;20261213
VDA4905;ECAR;EDIFACT;ME26052702100325;241;10;0060437618919153;5;20260527;10;CN;0060437618919153;5;9869188180;98448074;;;0;;;;9869188180;;ME M63;;;0;PCE;113;4;20261214;20261220
VDA4905;ECAR;EDIFACT;ME26052702100325;241;10;0060437618919153;5;20260527;10;CN;0060437618919153;5;9869188180;98448074;;;0;;;;9869188180;;ME M63;;;0;PCE;113;4;20261221;20261227
VDA4905;ECAR;EDIFACT;ME26052702100325;241;10;0060437618919153;5;20260527;10;CN;0060437618919153;5;9869188180;98448074;;;0;;;;9869188180;;ME M63;;;0;PCE;113;4;20270101;20270103
VDA4905;ECAR;EDIFACT;ME26052702100325;241;10;0060437618919153;5;20260527;10;CN;0060437618919153;5;9869188180;98448074;;;0;;;;9869188180;;ME M63;;;0;PCE;113;4;20270104;20270110
VDA4905;ECAR;EDIFACT;ME26052702100325;241;10;0060437618919153;5;20260527;10;CN;0060437618919153;5;9869188180;98448074;;;0;;;;9869188180;;ME M63;;;0;PCE;113;4;20270111;20270117
VDA4905;ECAR;EDIFACT;ME26052702100325;241;10;0060437618919153;5;20260527;10;CN;0060437618919153;5;9869188180;98448074;;;0;;;;9869188180;;ME M63;;;0;PCE;113;4;20270118;20270124
VDA4905;ECAR;EDIFACT;ME26052702100325;241;10;0060437618919153;5;20260527;10;CN;0060437618919153;5;9869188180;98448074;;;0;;;;9869188180;;ME M63;;;0;PCE;113;4;20270125;20270131
VDA4905;ECAR;EDIFACT;ME26052702100325;241;10;0060437618919153;5;20260527;10;CN;0060437618919153;5;9869188180;98448074;;;0;;;;9869188180;;ME M63;;;0;PCE;113;4;20270201;20270207
VDA4905;ECAR;EDIFACT;ME26052702100325;241;10;0060437618919153;5;20260527;10;CN;0060437618919153;5;9869188180;98448074;;;0;;;;9869188180;;ME M63;;;0;PCE;113;4;20270208;20270214
VDA4905;ECAR;EDIFACT;ME26052702100325;241;10;0060437618919153;5;20260527;10;CN;0060437618919153;5;9869188180;98448074;;;0;;;;9869188180;;ME M63;;;0;PCE;113;4;20270215;20270221
VDA4905;ECAR;EDIFACT;ME26052702100325;241;10;0060437618919153;5;20260527;10;CN;0060437618919153;5;9869188180;98448074;;;0;;;;9869188180;;ME M63;;;0;PCE;113;4;20270222;20270228
VDA4905;ECAR;EDIFACT;ME26052702100325;241;10;0060437618919153;5;20260527;10;CN;0060437618919153;5;9869188180;98448074;;;0;;;;9869188180;;ME M63;;;0;PCE;113;4;20270301;20270307
VDA4905;ECAR;EDIFACT;ME26052702100325;241;10;0060437618919153;5;20260527;10;CN;0060437618919153;5;9869188180;98448074;;;0;;;;9869188180;;ME M63;;;0;PCE;113;4;20270308;20270314
VDA4905;ECAR;EDIFACT;ME26052702100325;241;10;0060437618919153;5;20260527;10;CN;0060437618919153;5;9869188180;98448074;;;0;;;;9869188180;;ME M63;;;0;PCE;113;4;20270315;20270321
VDA4905;ECAR;EDIFACT;ME26052702100325;241;10;0060437618919153;5;20260527;10;CN;0060437618919153;5;9869188180;98448074;;;0;;;;9869188180;;ME M63;;;0;PCE;113;4;20270322;20270328
VDA4905;ECAR;EDIFACT;ME26052702100325;241;10;0060437618919153;5;20260527;10;CN;0060437618919153;5;9869188180;98448074;;;0;;;;9869188180;;ME M63;;;0;PCE;113;4;20270329;20270404
VDA4905;ECAR;EDIFACT;ME26052702100325;241;10;0060437618919153;5;20260527;10;CN;0060437618919153;5;9869188180;98448074;;;0;;;;9869188180;;ME M63;;;0;PCE;113;4;20270405;20270411
VDA4905;ECAR;EDIFACT;ME26052702100325;241;10;0060437618919153;5;20260527;10;CN;0060437618919153;5;9869188180;98448074;;;0;;;;9869188180;;ME M63;;;0;PCE;113;4;20270412;20270418
VDA4905;ECAR;EDIFACT;ME26052702100325;241;10;0060437618919153;5;20260527;10;CN;0060437618919153;5;9869188180;98448074;;;0;;;;9869188180;;ME M63;;;0;PCE;113;4;20270419;20270425
VDA4905;ECAR;EDIFACT;ME26052702100325;241;10;0060437618919153;5;20260527;10;CN;0060437618919153;5;9869188180;98448074;;;0;;;;9869188180;;ME M63;;;0;PCE;113;4;20270426;20270502
VDA4905;ECAR;EDIFACT;ME26052702100325;241;10;0060437618919153;5;20260527;10;CN;0060437618919153;5;9869188380;98448075;;;0;;;;9869188380;;ME M63;;;0;PCE;113;4;20260602;20260602
VDA4905;ECAR;EDIFACT;ME26052702100325;241;10;0060437618919153;5;20260527;10;CN;0060437618919153;5;9869188380;98448075;;;0;;;;9869188380;;ME M63;;;0;PCE;113;4;20260603;20260603
VDA4905;ECAR;EDIFACT;ME26052702100325;241;10;0060437618919153;5;20260527;10;CN;0060437618919153;5;9869188380;98448075;;;0;;;;9869188380;;ME M63;;;0;PCE;113;4;20260605;20260605
VDA4905;ECAR;EDIFACT;ME26052702100325;241;10;0060437618919153;5;20260527;10;CN;0060437618919153;5;9869188380;98448075;;;0;;;;9869188380;;ME M63;;;0;PCE;113;4;20260609;20260609
VDA4905;ECAR;EDIFACT;ME26052702100325;241;10;0060437618919153;5;20260527;10;CN;0060437618919153;5;9869188380;98448075;;;0;;;;9869188380;;ME M63;;;0;PCE;113;4;20260615;20260615
VDA4905;ECAR;EDIFACT;ME26052702100325;241;10;0060437618919153;5;20260527;10;CN;0060437618919153;5;9869188380;98448075;;;0;;;;9869188380;;ME M63;;;0;PCE;113;4;20260616;20260616
VDA4905;ECAR;EDIFACT;ME26052702100325;241;10;0060437618919153;5;20260527;10;CN;0060437618919153;5;9869188380;98448075;;;0;;;;9869188380;;ME M63;;;0;PCE;113;4;20260617;20260617
VDA4905;ECAR;EDIFACT;ME26052702100325;241;10;0060437618919153;5;20260527;10;CN;0060437618919153;5;9869188380;98448075;;;0;;;;9869188380;;ME M63;;;0;PCE;113;4;20260618;20260618
VDA4905;ECAR;EDIFACT;ME26052702100325;241;10;0060437618919153;5;20260527;10;CN;0060437618919153;5;9869188380;98448075;;;0;;;;9869188380;;ME M63;;;0;PCE;113;4;20260619;20260619
VDA4905;ECAR;EDIFACT;ME26052702100325;241;10;0060437618919153;5;20260527;10;CN;0060437618919153;5;9869188380;98448075;;;0;;;;9869188380;;ME M63;;;0;PCE;113;4;20260620;20260620
VDA4905;ECAR;EDIFACT;ME26052702100325;241;10;0060437618919153;5;20260527;10;CN;0060437618919153;5;9869188380;98448075;;;0;;;;9869188380;;ME M63;;;0;PCE;113;4;20260621;20260621
VDA4905;ECAR;EDIFACT;ME26052702100325;241;10;0060437618919153;5;20260527;10;CN;0060437618919153;5;9869188380;98448075;;;0;;;;9869188380;;ME M63;;;0;PCE;113;4;20260622;20260628
VDA4905;ECAR;EDIFACT;ME26052702100325;241;10;0060437618919153;5;20260527;10;CN;0060437618919153;5;9869188380;98448075;;;0;;;;9869188380;;ME M63;;;0;PCE;113;4;20260629;20260705
VDA4905;ECAR;EDIFACT;ME26052702100325;241;10;0060437618919153;5;20260527;10;CN;0060437618919153;5;9869188380;98448075;;;0;;;;9869188380;;ME M63;;;0;PCE;113;4;20260706;20260712
VDA4905;ECAR;EDIFACT;ME26052702100325;241;10;0060437618919153;5;20260527;10;CN;0060437618919153;5;9869188380;98448075;;;0;;;;9869188380;;ME M63;;;0;PCE;113;4;20260713;20260719
VDA4905;ECAR;EDIFACT;ME26052702100325;241;10;0060437618919153;5;20260527;10;CN;0060437618919153;5;9869188380;98448075;;;0;;;;9869188380;;ME M63;;;0;PCE;113;4;20260720;20260726
VDA4905;ECAR;EDIFACT;ME26052702100325;241;10;0060437618919153;5;20260527;10;CN;0060437618919153;5;9869188380;98448075;;;0;;;;9869188380;;ME M63;;;0;PCE;113;4;20260817;20260823
VDA4905;ECAR;EDIFACT;ME26052702100325;241;10;0060437618919153;5;20260527;10;CN;0060437618919153;5;9869188380;98448075;;;0;;;;9869188380;;ME M63;;;0;PCE;113;4;20260824;20260830
VDA4905;ECAR;EDIFACT;ME26052702100325;241;10;0060437618919153;5;20260527;10;CN;0060437618919153;5;9869188380;98448075;;;0;;;;9869188380;;ME M63;;;0;PCE;113;4;20260831;20260906
VDA4905;ECAR;EDIFACT;ME26052702100325;241;10;0060437618919153;5;20260527;10;CN;0060437618919153;5;9869188380;98448075;;;0;;;;9869188380;;ME M63;;;0;PCE;113;4;20260907;20260913
VDA4905;ECAR;EDIFACT;ME26052702100325;241;10;0060437618919153;5;20260527;10;CN;0060437618919153;5;9869188380;98448075;;;0;;;;9869188380;;ME M63;;;0;PCE;113;4;20260914;20260920
VDA4905;ECAR;EDIFACT;ME26052702100325;241;10;0060437618919153;5;20260527;10;CN;0060437618919153;5;9869188380;98448075;;;0;;;;9869188380;;ME M63;;;0;PCE;113;4;20260921;20260927
VDA4905;ECAR;EDIFACT;ME26052702100325;241;10;0060437618919153;5;20260527;10;CN;0060437618919153;5;9869188380;98448075;;;0;;;;9869188380;;ME M63;;;0;PCE;113;4;20260928;20261004
VDA4905;ECAR;EDIFACT;ME26052702100325;241;10;0060437618919153;5;20260527;10;CN;0060437618919153;5;9869188380;98448075;;;0;;;;9869188380;;ME M63;;;0;PCE;113;4;20261005;20261011
VDA4905;ECAR;EDIFACT;ME26052702100325;241;10;0060437618919153;5;20260527;10;CN;0060437618919153;5;9869188380;98448075;;;0;;;;9869188380;;ME M63;;;0;PCE;113;4;20261012;20261018
VDA4905;ECAR;EDIFACT;ME26052702100325;241;10;0060437618919153;5;20260527;10;CN;0060437618919153;5;9869188380;98448075;;;0;;;;9869188380;;ME M63;;;0;PCE;113;4;20261019;20261025
VDA4905;ECAR;EDIFACT;ME26052702100325;241;10;0060437618919153;5;20260527;10;CN;0060437618919153;5;9869188380;98448075;;;0;;;;9869188380;;ME M63;;;0;PCE;113;4;20261026;20261101
VDA4905;ECAR;EDIFACT;ME26052702100325;241;10;0060437618919153;5;20260527;10;CN;0060437618919153;5;9869188380;98448075;;;0;;;;9869188380;;ME M63;;;0;PCE;113;4;20261102;20261108
VDA4905;ECAR;EDIFACT;ME26052702100325;241;10;0060437618919153;5;20260527;10;CN;0060437618919153;5;9869188380;98448075;;;0;;;;9869188380;;ME M63;;;0;PCE;113;4;20261109;20261115
VDA4905;ECAR;EDIFACT;ME26052702100325;241;10;0060437618919153;5;20260527;10;CN;0060437618919153;5;9869188380;98448075;;;0;;;;9869188380;;ME M63;;;0;PCE;113;4;20261116;20261122
VDA4905;ECAR;EDIFACT;ME26052702100325;241;10;0060437618919153;5;20260527;10;CN;0060437618919153;5;9869188380;98448075;;;0;;;;9869188380;;ME M63;;;0;PCE;113;4;20261123;20261129
VDA4905;ECAR;EDIFACT;ME26052702100325;241;10;0060437618919153;5;20260527;10;CN;0060437618919153;5;9869188380;98448075;;;0;;;;9869188380;;ME M63;;;0;PCE;113;4;20261130;20261206
VDA4905;ECAR;EDIFACT;ME26052702100325;241;10;0060437618919153;5;20260527;10;CN;0060437618919153;5;9869188380;98448075;;;0;;;;9869188380;;ME M63;;;0;PCE;113;4;20261207;20261213
VDA4905;ECAR;EDIFACT;ME26052702100325;241;10;0060437618919153;5;20260527;10;CN;0060437618919153;5;9869188380;98448075;;;0;;;;9869188380;;ME M63;;;0;PCE;113;4;20261214;20261220
VDA4905;ECAR;EDIFACT;ME26052702100325;241;10;0060437618919153;5;20260527;10;CN;0060437618919153;5;9869188380;98448075;;;0;;;;9869188380;;ME M63;;;0;PCE;113;4;20261228;20261231
VDA4905;ECAR;EDIFACT;ME26052702100325;241;10;0060437618919153;5;20260527;10;CN;0060437618919153;5;9869188380;98448075;;;0;;;;9869188380;;ME M63;;;0;PCE;113;4;20270111;20270117
VDA4905;ECAR;EDIFACT;ME26052702100325;241;10;0060437618919153;5;20260527;10;CN;0060437618919153;5;9869188380;98448075;;;0;;;;9869188380;;ME M63;;;0;PCE;113;4;20270118;20270124
VDA4905;ECAR;EDIFACT;ME26052702100325;241;10;0060437618919153;5;20260527;10;CN;0060437618919153;5;9869188380;98448075;;;0;;;;9869188380;;ME M63;;;0;PCE;113;4;20270125;20270131
VDA4905;ECAR;EDIFACT;ME26052702100325;241;10;0060437618919153;5;20260527;10;CN;0060437618919153;5;9869188380;98448075;;;0;;;;9869188380;;ME M63;;;0;PCE;113;4;20270201;20270207
VDA4905;ECAR;EDIFACT;ME26052702100325;241;10;0060437618919153;5;20260527;10;CN;0060437618919153;5;9869188380;98448075;;;0;;;;9869188380;;ME M63;;;0;PCE;113;4;20270215;20270221
VDA4905;ECAR;EDIFACT;ME26052702100325;241;10;0060437618919153;5;20260527;10;CN;0060437618919153;5;9869188380;98448075;;;0;;;;9869188380;;ME M63;;;0;PCE;113;4;20270222;20270228
VDA4905;ECAR;EDIFACT;ME26052702100325;241;10;0060437618919153;5;20260527;10;CN;0060437618919153;5;9869188380;98448075;;;0;;;;9869188380;;ME M63;;;0;PCE;113;4;20270301;20270307
VDA4905;ECAR;EDIFACT;ME26052702100325;241;10;0060437618919153;5;20260527;10;CN;0060437618919153;5;9869188380;98448075;;;0;;;;9869188380;;ME M63;;;0;PCE;113;4;20270308;20270314
VDA4905;ECAR;EDIFACT;ME26052702100325;241;10;0060437618919153;5;20260527;10;CN;0060437618919153;5;9869188380;98448075;;;0;;;;9869188380;;ME M63;;;0;PCE;113;4;20270315;20270321
VDA4905;ECAR;EDIFACT;ME26052702100325;241;10;0060437618919153;5;20260527;10;CN;0060437618919153;5;9869188380;98448075;;;0;;;;9869188380;;ME M63;;;0;PCE;113;4;20270322;20270328
VDA4905;ECAR;EDIFACT;ME26052702100325;241;10;0060437618919153;5;20260527;10;CN;0060437618919153;5;9869188380;98448075;;;0;;;;9869188380;;ME M63;;;0;PCE;113;4;20270405;20270411
VDA4905;ECAR;EDIFACT;ME26052702100325;241;10;0060437618919153;5;20260527;10;CN;0060437618919153;5;9869188380;98448075;;;0;;;;9869188380;;ME M63;;;0;PCE;113;4;20270412;20270418
VDA4905;ECAR;EDIFACT;ME26052702100325;241;10;0060437618919153;5;20260527;10;CN;0060437618919153;5;9869188380;98448075;;;0;;;;9869188380;;ME M63;;;0;PCE;113;4;20270419;20270425
VDA4905;ECAR;EDIFACT;ME26052702100325;241;10;0060437618919153;5;20260527;10;CN;0060437618919153;5;9869188380;98448075;;;0;;;;9869188380;;ME M63;;;0;PCE;113;4;20270426;20270502
VDA4905;ECAR;EDIFACT;ME26052702100325;241;10;0060437618919153;5;20260527;10;CN;0060437618919153;5;9869188580;98448076;;;0;;;;9869188580;;ME M63;;;0;PCE;113;4;20260615;20260615
VDA4905;ECAR;EDIFACT;ME26052702100325;241;10;0060437618919153;5;20260527;10;CN;0060437618919153;5;9869188580;98448076;;;0;;;;9869188580;;ME M63;;;0;PCE;113;4;20260616;20260616
VDA4905;ECAR;EDIFACT;ME26052702100325;241;10;0060437618919153;5;20260527;10;CN;0060437618919153;5;9869188580;98448076;;;0;;;;9869188580;;ME M63;;;0;PCE;113;4;20260617;20260617
VDA4905;ECAR;EDIFACT;ME26052702100325;241;10;0060437618919153;5;20260527;10;CN;0060437618919153;5;9869188580;98448076;;;0;;;;9869188580;;ME M63;;;0;PCE;113;4;20260618;20260618
VDA4905;ECAR;EDIFACT;ME26052702100325;241;10;0060437618919153;5;20260527;10;CN;0060437618919153;5;9869188580;98448076;;;0;;;;9869188580;;ME M63;;;0;PCE;113;4;20260619;20260619
VDA4905;ECAR;EDIFACT;ME26052702100325;241;10;0060437618919153;5;20260527;10;CN;0060437618919153;5;9869188580;98448076;;;0;;;;9869188580;;ME M63;;;0;PCE;113;4;20260620;20260620
VDA4905;ECAR;EDIFACT;ME26052702100325;241;10;0060437618919153;5;20260527;10;CN;0060437618919153;5;9869188580;98448076;;;0;;;;9869188580;;ME M63;;;0;PCE;113;4;20260621;20260621
VDA4905;ECAR;EDIFACT;ME26052702100325;241;10;0060437618919153;5;20260527;10;CN;0060437618919153;5;9869188580;98448076;;;0;;;;9869188580;;ME M63;;;0;PCE;113;4;20260928;20261004
VDA4905;ECAR;EDIFACT;ME26052702100325;241;10;0060437618919153;5;20260527;10;CN;0060437618919153;5;9869188580;98448076;;;0;;;;9869188580;;ME M63;;;0;PCE;113;4;20261207;20261213
VDA4905;ECAR;EDIFACT;ME26052702100325;241;10;0060437618919153;5;20260527;10;CN;0060437618919153;5;9869188780;98448077;;;0;;;;9869188780;;ME M63;;;0;PCE;113;4;20260622;20260628
VDA4905;ECAR;EDIFACT;ME26052702100325;241;10;0060437618919153;5;20260527;10;CN;0060437618919153;5;9869188780;98448077;;;0;;;;9869188780;;ME M63;;;0;PCE;113;4;20260713;20260719
VDA4905;ECAR;EDIFACT;ME26052702100325;241;10;0060437618919153;5;20260527;10;CN;0060437618919153;5;9869188780;98448077;;;0;;;;9869188780;;ME M63;;;0;PCE;113;4;20260817;20260823
VDA4905;ECAR;EDIFACT;ME26052702100325;241;10;0060437618919153;5;20260527;10;CN;0060437618919153;5;9869188780;98448077;;;0;;;;9869188780;;ME M63;;;0;PCE;113;4;20260824;20260830
VDA4905;ECAR;EDIFACT;ME26052702100325;241;10;0060437618919153;5;20260527;10;CN;0060437618919153;5;9869188780;98448077;;;0;;;;9869188780;;ME M63;;;0;PCE;113;4;20260831;20260906
VDA4905;ECAR;EDIFACT;ME26052702100325;241;10;0060437618919153;5;20260527;10;CN;0060437618919153;5;9869188780;98448077;;;0;;;;9869188780;;ME M63;;;0;PCE;113;4;20260907;20260913
VDA4905;ECAR;EDIFACT;ME26052702100325;241;10;0060437618919153;5;20260527;10;CN;0060437618919153;5;9869188780;98448077;;;0;;;;9869188780;;ME M63;;;0;PCE;113;4;20260921;20260927
VDA4905;ECAR;EDIFACT;ME26052702100325;241;10;0060437618919153;5;20260527;10;CN;0060437618919153;5;9869188780;98448077;;;0;;;;9869188780;;ME M63;;;0;PCE;113;4;20261005;20261011
VDA4905;ECAR;EDIFACT;ME26052702100325;241;10;0060437618919153;5;20260527;10;CN;0060437618919153;5;9869188780;98448077;;;0;;;;9869188780;;ME M63;;;0;PCE;113;4;20261019;20261025
VDA4905;ECAR;EDIFACT;ME26052702100325;241;10;0060437618919153;5;20260527;10;CN;0060437618919153;5;9869188780;98448077;;;0;;;;9869188780;;ME M63;;;0;PCE;113;4;20261102;20261108
VDA4905;ECAR;EDIFACT;ME26052702100325;241;10;0060437618919153;5;20260527;10;CN;0060437618919153;5;9869188780;98448077;;;0;;;;9869188780;;ME M63;;;0;PCE;113;4;20261109;20261115
VDA4905;ECAR;EDIFACT;ME26052702100325;241;10;0060437618919153;5;20260527;10;CN;0060437618919153;5;9869188780;98448077;;;0;;;;9869188780;;ME M63;;;0;PCE;113;4;20261123;20261129
VDA4905;ECAR;EDIFACT;ME26052702100325;241;10;0060437618919153;5;20260527;10;CN;0060437618919153;5;9869188780;98448077;;;0;;;;9869188780;;ME M63;;;0;PCE;113;4;20261130;20261206
VDA4905;ECAR;EDIFACT;ME26052702100325;241;10;0060437618919153;5;20260527;10;CN;0060437618919153;5;9869188780;98448077;;;0;;;;9869188780;;ME M63;;;0;PCE;113;4;20261207;20261213
VDA4905;ECAR;EDIFACT;ME26052702100325;241;10;0060437618919153;5;20260527;10;CN;0060437618919153;5;9869188780;98448077;;;0;;;;9869188780;;ME M63;;;0;PCE;113;4;20261221;20261227
VDA4905;ECAR;EDIFACT;ME26052702100325;241;10;0060437618919153;5;20260527;10;CN;0060437618919153;5;9869188780;98448077;;;0;;;;9869188780;;ME M63;;;0;PCE;113;4;20270111;20270117
VDA4905;ECAR;EDIFACT;ME26052702100325;241;10;0060437618919153;5;20260527;10;CN;0060437618919153;5;9869188780;98448077;;;0;;;;9869188780;;ME M63;;;0;PCE;113;4;20270201;20270207
VDA4905;ECAR;EDIFACT;ME26052702100325;241;10;0060437618919153;5;20260527;10;CN;0060437618919153;5;9869188780;98448077;;;0;;;;9869188780;;ME M63;;;0;PCE;113;4;20270301;20270307
VDA4905;ECAR;EDIFACT;ME26052702100325;241;10;0060437618919153;5;20260527;10;CN;0060437618919153;5;9869188780;98448077;;;0;;;;9869188780;;ME M63;;;0;PCE;113;4;20270322;20270328
VDA4905;ECAR;EDIFACT;ME26052702100325;241;10;0060437618919153;5;20260527;10;CN;0060437618919153;5;9869188780;98448077;;;0;;;;9869188780;;ME M63;;;0;PCE;113;4;20270419;20270425
VDA4905;ECAR;EDIFACT;ME26052702100325;241;10;0060437618919153;5;20260527;10;CN;0060437618919153;5;9869188980;98448079;;;0;;;;9869188980;;ME M63;;;0;PCE;113;4;20260605;20260605
VDA4905;ECAR;EDIFACT;ME26052702100325;241;10;0060437618919153;5;20260527;10;CN;0060437618919153;5;9869188980;98448079;;;0;;;;9869188980;;ME M63;;;0;PCE;113;4;20260615;20260615
VDA4905;ECAR;EDIFACT;ME26052702100325;241;10;0060437618919153;5;20260527;10;CN;0060437618919153;5;9869188980;98448079;;;0;;;;9869188980;;ME M63;;;0;PCE;113;4;20260616;20260616
VDA4905;ECAR;EDIFACT;ME26052702100325;241;10;0060437618919153;5;20260527;10;CN;0060437618919153;5;9869188980;98448079;;;0;;;;9869188980;;ME M63;;;0;PCE;113;4;20260617;20260617
VDA4905;ECAR;EDIFACT;ME26052702100325;241;10;0060437618919153;5;20260527;10;CN;0060437618919153;5;9869188980;98448079;;;0;;;;9869188980;;ME M63;;;0;PCE;113;4;20260618;20260618
VDA4905;ECAR;EDIFACT;ME26052702100325;241;10;0060437618919153;5;20260527;10;CN;0060437618919153;5;9869188980;98448079;;;0;;;;9869188980;;ME M63;;;0;PCE;113;4;20260619;20260619
VDA4905;ECAR;EDIFACT;ME26052702100325;241;10;0060437618919153;5;20260527;10;CN;0060437618919153;5;9869188980;98448079;;;0;;;;9869188980;;ME M63;;;0;PCE;113;4;20260620;20260620
VDA4905;ECAR;EDIFACT;ME26052702100325;241;10;0060437618919153;5;20260527;10;CN;0060437618919153;5;9869188980;98448079;;;0;;;;9869188980;;ME M63;;;0;PCE;113;4;20260621;20260621
VDA4905;ECAR;EDIFACT;ME26052702100325;241;10;0060437618919153;5;20260527;10;CN;0060437618919153;5;9869188980;98448079;;;0;;;;9869188980;;ME M63;;;0;PCE;113;4;20260622;20260628
VDA4905;ECAR;EDIFACT;ME26052702100325;241;10;0060437618919153;5;20260527;10;CN;0060437618919153;5;9869188980;98448079;;;0;;;;9869188980;;ME M63;;;0;PCE;113;4;20260713;20260719
VDA4905;ECAR;EDIFACT;ME26052702100325;241;10;0060437618919153;5;20260527;10;CN;0060437618919153;5;9869188980;98448079;;;0;;;;9869188980;;ME M63;;;0;PCE;113;4;20260720;20260726
VDA4905;ECAR;EDIFACT;ME26052702100325;241;10;0060437618919153;5;20260527;10;CN;0060437618919153;5;9869188980;98448079;;;0;;;;9869188980;;ME M63;;;0;PCE;113;4;20260817;20260823
VDA4905;ECAR;EDIFACT;ME26052702100325;241;10;0060437618919153;5;20260527;10;CN;0060437618919153;5;9869188980;98448079;;;0;;;;9869188980;;ME M63;;;0;PCE;113;4;20260824;20260830
VDA4905;ECAR;EDIFACT;ME26052702100325;241;10;0060437618919153;5;20260527;10;CN;0060437618919153;5;9869188980;98448079;;;0;;;;9869188980;;ME M63;;;0;PCE;113;4;20260831;20260906
VDA4905;ECAR;EDIFACT;ME26052702100325;241;10;0060437618919153;5;20260527;10;CN;0060437618919153;5;9869188980;98448079;;;0;;;;9869188980;;ME M63;;;0;PCE;113;4;20260921;20260927
VDA4905;ECAR;EDIFACT;ME26052702100325;241;10;0060437618919153;5;20260527;10;CN;0060437618919153;5;9869188980;98448079;;;0;;;;9869188980;;ME M63;;;0;PCE;113;4;20261005;20261011
VDA4905;ECAR;EDIFACT;ME26052702100325;241;10;0060437618919153;5;20260527;10;CN;0060437618919153;5;9869188980;98448079;;;0;;;;9869188980;;ME M63;;;0;PCE;113;4;20261019;20261025
VDA4905;ECAR;EDIFACT;ME26052702100325;241;10;0060437618919153;5;20260527;10;CN;0060437618919153;5;9869188980;98448079;;;0;;;;9869188980;;ME M63;;;0;PCE;113;4;20261026;20261101
VDA4905;ECAR;EDIFACT;ME26052702100325;241;10;0060437618919153;5;20260527;10;CN;0060437618919153;5;9869188980;98448079;;;0;;;;9869188980;;ME M63;;;0;PCE;113;4;20261102;20261108
VDA4905;ECAR;EDIFACT;ME26052702100325;241;10;0060437618919153;5;20260527;10;CN;0060437618919153;5;9869188980;98448079;;;0;;;;9869188980;;ME M63;;;0;PCE;113;4;20261109;20261115
VDA4905;ECAR;EDIFACT;ME26052702100325;241;10;0060437618919153;5;20260527;10;CN;0060437618919153;5;9869188980;98448079;;;0;;;;9869188980;;ME M63;;;0;PCE;113;4;20261130;20261206
VDA4905;ECAR;EDIFACT;ME26052702100325;241;10;0060437618919153;5;20260527;10;CN;0060437618919153;5;9869188980;98448079;;;0;;;;9869188980;;ME M63;;;0;PCE;113;4;20261207;20261213
VDA4905;ECAR;EDIFACT;ME26052702100325;241;10;0060437618919153;5;20260527;10;CN;0060437618919153;5;9869188980;98448079;;;0;;;;9869188980;;ME M63;;;0;PCE;113;4;20270104;20270110
VDA4905;ECAR;EDIFACT;ME26052702100325;241;10;0060437618919153;5;20260527;10;CN;0060437618919153;5;9869188980;98448079;;;0;;;;9869188980;;ME M63;;;0;PCE;113;4;20270125;20270131
VDA4905;ECAR;EDIFACT;ME26052702100325;241;10;0060437618919153;5;20260527;10;CN;0060437618919153;5;9869188980;98448079;;;0;;;;9869188980;;ME M63;;;0;PCE;113;4;20270301;20270307
VDA4905;ECAR;EDIFACT;ME26052702100325;241;10;0060437618919153;5;20260527;10;CN;0060437618919153;5;9869188980;98448079;;;0;;;;9869188980;;ME M63;;;0;PCE;113;4;20270322;20270328
VDA4905;ECAR;EDIFACT;ME26052702100325;241;10;0060437618919153;5;20260527;10;CN;0060437618919153;5;9869188980;98448079;;;0;;;;9869188980;;ME M63;;;0;PCE;113;4;20270419;20270425
VDA4905;ECAR;EDIFACT;ME26052702100325;241;10;0060437618919153;5;20260527;10;CN;0060437618919153;5;9869189180;98448081;;;0;;;;9869189180;;ME M63;;;0;PCE;113;4;20260622;20260628
VDA4905;ECAR;EDIFACT;ME26052702100325;241;10;0060437618919153;5;20260527;10;CN;0060437618919153;5;9869191180;98454386;;;0;;;;9869191180;;ME M63;;;0;PCE;113;4;20261012;20261018
VDA4905;ECAR;EDIFACT;ME26052702100325;241;10;0060437618919153;5;20260527;10;CN;0060437618919153;5;9869213580;98449702;;;0;;;;9869213580;;ME M63;;;0;PCE;113;4;20260605;20260605
VDA4905;ECAR;EDIFACT;ME26052702100325;241;10;0060437618919153;5;20260527;10;CN;0060437618919153;5;9869213580;98449702;;;0;;;;9869213580;;ME M63;;;0;PCE;113;4;20260615;20260615
VDA4905;ECAR;EDIFACT;ME26052702100325;241;10;0060437618919153;5;20260527;10;CN;0060437618919153;5;9869213580;98449702;;;0;;;;9869213580;;ME M63;;;0;PCE;113;4;20260616;20260616
VDA4905;ECAR;EDIFACT;ME26052702100325;241;10;0060437618919153;5;20260527;10;CN;0060437618919153;5;9869213580;98449702;;;0;;;;9869213580;;ME M63;;;0;PCE;113;4;20260617;20260617
VDA4905;ECAR;EDIFACT;ME26052702100325;241;10;0060437618919153;5;20260527;10;CN;0060437618919153;5;9869213580;98449702;;;0;;;;9869213580;;ME M63;;;0;PCE;113;4;20260618;20260618
VDA4905;ECAR;EDIFACT;ME26052702100325;241;10;0060437618919153;5;20260527;10;CN;0060437618919153;5;9869213580;98449702;;;0;;;;9869213580;;ME M63;;;0;PCE;113;4;20260619;20260619
VDA4905;ECAR;EDIFACT;ME26052702100325;241;10;0060437618919153;5;20260527;10;CN;0060437618919153;5;9869213580;98449702;;;0;;;;9869213580;;ME M63;;;0;PCE;113;4;20260620;20260620
VDA4905;ECAR;EDIFACT;ME26052702100325;241;10;0060437618919153;5;20260527;10;CN;0060437618919153;5;9869213580;98449702;;;0;;;;9869213580;;ME M63;;;0;PCE;113;4;20260621;20260621
VDA4905;ECAR;EDIFACT;ME26052702100325;241;10;0060437618919153;5;20260527;10;CN;0060437618919153;5;9869213580;98449702;;;0;;;;9869213580;;ME M63;;;0;PCE;113;4;20260622;20260628
VDA4905;ECAR;EDIFACT;ME26052702100325;241;10;0060437618919153;5;20260527;10;CN;0060437618919153;5;9869213580;98449702;;;0;;;;9869213580;;ME M63;;;0;PCE;113;4;20260629;20260705
VDA4905;ECAR;EDIFACT;ME26052702100325;241;10;0060437618919153;5;20260527;10;CN;0060437618919153;5;9869213580;98449702;;;0;;;;9869213580;;ME M63;;;0;PCE;113;4;20260706;20260712
VDA4905;ECAR;EDIFACT;ME26052702100325;241;10;0060437618919153;5;20260527;10;CN;0060437618919153;5;9869213580;98449702;;;0;;;;9869213580;;ME M63;;;0;PCE;113;4;20260713;20260719
VDA4905;ECAR;EDIFACT;ME26052702100325;241;10;0060437618919153;5;20260527;10;CN;0060437618919153;5;9869213580;98449702;;;0;;;;9869213580;;ME M63;;;0;PCE;113;4;20260720;20260726
VDA4905;ECAR;EDIFACT;ME26052702100325;241;10;0060437618919153;5;20260527;10;CN;0060437618919153;5;9869213580;98449702;;;0;;;;9869213580;;ME M63;;;0;PCE;113;4;20260817;20260823
VDA4905;ECAR;EDIFACT;ME26052702100325;241;10;0060437618919153;5;20260527;10;CN;0060437618919153;5;9869213580;98449702;;;0;;;;9869213580;;ME M63;;;0;PCE;113;4;20260824;20260830
VDA4905;ECAR;EDIFACT;ME26052702100325;241;10;0060437618919153;5;20260527;10;CN;0060437618919153;5;9869213580;98449702;;;0;;;;9869213580;;ME M63;;;0;PCE;113;4;20260831;20260906
VDA4905;ECAR;EDIFACT;ME26052702100325;241;10;0060437618919153;5;20260527;10;CN;0060437618919153;5;9869213580;98449702;;;0;;;;9869213580;;ME M63;;;0;PCE;113;4;20260907;20260913
VDA4905;ECAR;EDIFACT;ME26052702100325;241;10;0060437618919153;5;20260527;10;CN;0060437618919153;5;9869213580;98449702;;;0;;;;9869213580;;ME M63;;;0;PCE;113;4;20260921;20260927
VDA4905;ECAR;EDIFACT;ME26052702100325;241;10;0060437618919153;5;20260527;10;CN;0060437618919153;5;9869213580;98449702;;;0;;;;9869213580;;ME M63;;;0;PCE;113;4;20260928;20261004
VDA4905;ECAR;EDIFACT;ME26052702100325;241;10;0060437618919153;5;20260527;10;CN;0060437618919153;5;9869213580;98449702;;;0;;;;9869213580;;ME M63;;;0;PCE;113;4;20261005;20261011
VDA4905;ECAR;EDIFACT;ME26052702100325;241;10;0060437618919153;5;20260527;10;CN;0060437618919153;5;9869213580;98449702;;;0;;;;9869213580;;ME M63;;;0;PCE;113;4;20261012;20261018
VDA4905;ECAR;EDIFACT;ME26052702100325;241;10;0060437618919153;5;20260527;10;CN;0060437618919153;5;9869213580;98449702;;;0;;;;9869213580;;ME M63;;;0;PCE;113;4;20261019;20261025
VDA4905;ECAR;EDIFACT;ME26052702100325;241;10;0060437618919153;5;20260527;10;CN;0060437618919153;5;9869213580;98449702;;;0;;;;9869213580;;ME M63;;;0;PCE;113;4;20261026;20261101
VDA4905;ECAR;EDIFACT;ME26052702100325;241;10;0060437618919153;5;20260527;10;CN;0060437618919153;5;9869213580;98449702;;;0;;;;9869213580;;ME M63;;;0;PCE;113;4;20261102;20261108
VDA4905;ECAR;EDIFACT;ME26052702100325;241;10;0060437618919153;5;20260527;10;CN;0060437618919153;5;9869213580;98449702;;;0;;;;9869213580;;ME M63;;;0;PCE;113;4;20261109;20261115
VDA4905;ECAR;EDIFACT;ME26052702100325;241;10;0060437618919153;5;20260527;10;CN;0060437618919153;5;9869213580;98449702;;;0;;;;9869213580;;ME M63;;;0;PCE;113;4;20261116;20261122
VDA4905;ECAR;EDIFACT;ME26052702100325;241;10;0060437618919153;5;20260527;10;CN;0060437618919153;5;9869213580;98449702;;;0;;;;9869213580;;ME M63;;;0;PCE;113;4;20261123;20261129
VDA4905;ECAR;EDIFACT;ME26052702100325;241;10;0060437618919153;5;20260527;10;CN;0060437618919153;5;9869213580;98449702;;;0;;;;9869213580;;ME M63;;;0;PCE;113;4;20261130;20261206
VDA4905;ECAR;EDIFACT;ME26052702100325;241;10;0060437618919153;5;20260527;10;CN;0060437618919153;5;9869213580;98449702;;;0;;;;9869213580;;ME M63;;;0;PCE;113;4;20261207;20261213
VDA4905;ECAR;EDIFACT;ME26052702100325;241;10;0060437618919153;5;20260527;10;CN;0060437618919153;5;9869213580;98449702;;;0;;;;9869213580;;ME M63;;;0;PCE;113;4;20261221;20261227
VDA4905;ECAR;EDIFACT;ME26052702100325;241;10;0060437618919153;5;20260527;10;CN;0060437618919153;5;9869213580;98449702;;;0;;;;9869213580;;ME M63;;;0;PCE;113;4;20270104;20270110
VDA4905;ECAR;EDIFACT;ME26052702100325;241;10;0060437618919153;5;20260527;10;CN;0060437618919153;5;9869213580;98449702;;;0;;;;9869213580;;ME M63;;;0;PCE;113;4;20270111;20270117
VDA4905;ECAR;EDIFACT;ME26052702100325;241;10;0060437618919153;5;20260527;10;CN;0060437618919153;5;9869213580;98449702;;;0;;;;9869213580;;ME M63;;;0;PCE;113;4;20270118;20270124
VDA4905;ECAR;EDIFACT;ME26052702100325;241;10;0060437618919153;5;20260527;10;CN;0060437618919153;5;9869213580;98449702;;;0;;;;9869213580;;ME M63;;;0;PCE;113;4;20270125;20270131
VDA4905;ECAR;EDIFACT;ME26052702100325;241;10;0060437618919153;5;20260527;10;CN;0060437618919153;5;9869213580;98449702;;;0;;;;9869213580;;ME M63;;;0;PCE;113;4;20270201;20270207
VDA4905;ECAR;EDIFACT;ME26052702100325;241;10;0060437618919153;5;20260527;10;CN;0060437618919153;5;9869213580;98449702;;;0;;;;9869213580;;ME M63;;;0;PCE;113;4;20270208;20270214
VDA4905;ECAR;EDIFACT;ME26052702100325;241;10;0060437618919153;5;20260527;10;CN;0060437618919153;5;9869213580;98449702;;;0;;;;9869213580;;ME M63;;;0;PCE;113;4;20270215;20270221
VDA4905;ECAR;EDIFACT;ME26052702100325;241;10;0060437618919153;5;20260527;10;CN;0060437618919153;5;9869213580;98449702;;;0;;;;9869213580;;ME M63;;;0;PCE;113;4;20270222;20270228
VDA4905;ECAR;EDIFACT;ME26052702100325;241;10;0060437618919153;5;20260527;10;CN;0060437618919153;5;9869213580;98449702;;;0;;;;9869213580;;ME M63;;;0;PCE;113;4;20270301;20270307
VDA4905;ECAR;EDIFACT;ME26052702100325;241;10;0060437618919153;5;20260527;10;CN;0060437618919153;5;9869213580;98449702;;;0;;;;9869213580;;ME M63;;;0;PCE;113;4;20270308;20270314
VDA4905;ECAR;EDIFACT;ME26052702100325;241;10;0060437618919153;5;20260527;10;CN;0060437618919153;5;9869213580;98449702;;;0;;;;9869213580;;ME M63;;;0;PCE;113;4;20270315;20270321
VDA4905;ECAR;EDIFACT;ME26052702100325;241;10;0060437618919153;5;20260527;10;CN;0060437618919153;5;9869213580;98449702;;;0;;;;9869213580;;ME M63;;;0;PCE;113;4;20270322;20270328
VDA4905;ECAR;EDIFACT;ME26052702100325;241;10;0060437618919153;5;20260527;10;CN;0060437618919153;5;9869213580;98449702;;;0;;;;9869213580;;ME M63;;;0;PCE;113;4;20270329;20270404
VDA4905;ECAR;EDIFACT;ME26052702100325;241;10;0060437618919153;5;20260527;10;CN;0060437618919153;5;9869213580;98449702;;;0;;;;9869213580;;ME M63;;;0;PCE;113;4;20270405;20270411
VDA4905;ECAR;EDIFACT;ME26052702100325;241;10;0060437618919153;5;20260527;10;CN;0060437618919153;5;9869213580;98449702;;;0;;;;9869213580;;ME M63;;;0;PCE;113;4;20270412;20270418
VDA4905;ECAR;EDIFACT;ME26052702100325;241;10;0060437618919153;5;20260527;10;CN;0060437618919153;5;9869213580;98449702;;;0;;;;9869213580;;ME M63;;;0;PCE;113;4;20270419;20270425
VDA4905;ECAR;EDIFACT;ME26052702100325;241;10;0060437618919153;5;20260527;10;CN;0060437618919153;5;9869213580;98449702;;;0;;;;9869213580;;ME M63;;;0;PCE;113;4;20270426;20270502
VDA4905;ECAR;EDIFACT;ME26052702100325;241;10;0060437618919153;5;20260527;10;CN;0060437618919153;5;9869213780;98449703;;;0;;;;9869213780;;ME M63;;;0;PCE;113;4;20261026;20261101
VDA4905;ECAR;EDIFACT;ME26052702100325;241;10;0060437618919153;5;20260527;10;CN;0060437618919153;5;9869213780;98449703;;;0;;;;9869213780;;ME M63;;;0;PCE;113;4;20261130;20261206
VDA4905;ECAR;EDIFACT;ME26052702100325;241;10;0060437618919153;5;20260527;10;CN;0060437618919153;5;9869213780;98449703;;;0;;;;9869213780;;ME M63;;;0;PCE;113;4;20261214;20261220
VDA4905;ECAR;EDIFACT;ME26052702100325;241;10;0060437618919153;5;20260527;10;CN;0060437618919153;5;9869213780;98449703;;;0;;;;9869213780;;ME M63;;;0;PCE;113;4;20270111;20270117
VDA4905;ECAR;EDIFACT;ME26052702100325;241;10;0060437618919153;5;20260527;10;CN;0060437618919153;5;9869213780;98449703;;;0;;;;9869213780;;ME M63;;;0;PCE;113;4;20270118;20270124
VDA4905;ECAR;EDIFACT;ME26052702100325;241;10;0060437618919153;5;20260527;10;CN;0060437618919153;5;9869213780;98449703;;;0;;;;9869213780;;ME M63;;;0;PCE;113;4;20270201;20270207
VDA4905;ECAR;EDIFACT;ME26052702100325;241;10;0060437618919153;5;20260527;10;CN;0060437618919153;5;9869213780;98449703;;;0;;;;9869213780;;ME M63;;;0;PCE;113;4;20270208;20270214
VDA4905;ECAR;EDIFACT;ME26052702100325;241;10;0060437618919153;5;20260527;10;CN;0060437618919153;5;9869213780;98449703;;;0;;;;9869213780;;ME M63;;;0;PCE;113;4;20270222;20270228
VDA4905;ECAR;EDIFACT;ME26052702100325;241;10;0060437618919153;5;20260527;10;CN;0060437618919153;5;9869213780;98449703;;;0;;;;9869213780;;ME M63;;;0;PCE;113;4;20270301;20270307
VDA4905;ECAR;EDIFACT;ME26052702100325;241;10;0060437618919153;5;20260527;10;CN;0060437618919153;5;9869213780;98449703;;;0;;;;9869213780;;ME M63;;;0;PCE;113;4;20270308;20270314
VDA4905;ECAR;EDIFACT;ME26052702100325;241;10;0060437618919153;5;20260527;10;CN;0060437618919153;5;9869213780;98449703;;;0;;;;9869213780;;ME M63;;;0;PCE;113;4;20270315;20270321
VDA4905;ECAR;EDIFACT;ME26052702100325;241;10;0060437618919153;5;20260527;10;CN;0060437618919153;5;9869213780;98449703;;;0;;;;9869213780;;ME M63;;;0;PCE;113;4;20270322;20270328
VDA4905;ECAR;EDIFACT;ME26052702100325;241;10;0060437618919153;5;20260527;10;CN;0060437618919153;5;9869213780;98449703;;;0;;;;9869213780;;ME M63;;;0;PCE;113;4;20270329;20270404
VDA4905;ECAR;EDIFACT;ME26052702100325;241;10;0060437618919153;5;20260527;10;CN;0060437618919153;5;9869213780;98449703;;;0;;;;9869213780;;ME M63;;;0;PCE;113;4;20270405;20270411
VDA4905;ECAR;EDIFACT;ME26052702100325;241;10;0060437618919153;5;20260527;10;CN;0060437618919153;5;9869213780;98449703;;;0;;;;9869213780;;ME M63;;;0;PCE;113;4;20270412;20270418
VDA4905;ECAR;EDIFACT;ME26052702100325;241;10;0060437618919153;5;20260527;10;CN;0060437618919153;5;9869213780;98449703;;;0;;;;9869213780;;ME M63;;;0;PCE;113;4;20270419;20270425
VDA4905;ECAR;EDIFACT;ME26052702100325;241;10;0060437618919153;5;20260527;10;CN;0060437618919153;5;9870027980;98449707;;;0;;;;9870027980;;ME M63;;;0;PCE;113;4;20260601;20260601
VDA4905;ECAR;EDIFACT;ME26052702100325;241;10;0060437618919153;5;20260527;10;CN;0060437618919153;5;9870027980;98449707;;;0;;;;9870027980;;ME M63;;;0;PCE;113;4;20260603;20260603
VDA4905;ECAR;EDIFACT;ME26052702100325;241;10;0060437618919153;5;20260527;10;CN;0060437618919153;5;9870027980;98449707;;;0;;;;9870027980;;ME M63;;;0;PCE;113;4;20260604;20260604
VDA4905;ECAR;EDIFACT;ME26052702100325;241;10;0060437618919153;5;20260527;10;CN;0060437618919153;5;9870027980;98449707;;;0;;;;9870027980;;ME M63;;;0;PCE;113;4;20260605;20260605
VDA4905;ECAR;EDIFACT;ME26052702100325;241;10;0060437618919153;5;20260527;10;CN;0060437618919153;5;9870027980;98449707;;;0;;;;9870027980;;ME M63;;;0;PCE;113;4;20260608;20260608
VDA4905;ECAR;EDIFACT;ME26052702100325;241;10;0060437618919153;5;20260527;10;CN;0060437618919153;5;9870027980;98449707;;;0;;;;9870027980;;ME M63;;;0;PCE;113;4;20260610;20260610
VDA4905;ECAR;EDIFACT;ME26052702100325;241;10;0060437618919153;5;20260527;10;CN;0060437618919153;5;9870027980;98449707;;;0;;;;9870027980;;ME M63;;;0;PCE;113;4;20260615;20260615
VDA4905;ECAR;EDIFACT;ME26052702100325;241;10;0060437618919153;5;20260527;10;CN;0060437618919153;5;9870027980;98449707;;;0;;;;9870027980;;ME M63;;;0;PCE;113;4;20260616;20260616
VDA4905;ECAR;EDIFACT;ME26052702100325;241;10;0060437618919153;5;20260527;10;CN;0060437618919153;5;9870027980;98449707;;;0;;;;9870027980;;ME M63;;;0;PCE;113;4;20260617;20260617
VDA4905;ECAR;EDIFACT;ME26052702100325;241;10;0060437618919153;5;20260527;10;CN;0060437618919153;5;9870027980;98449707;;;0;;;;9870027980;;ME M63;;;0;PCE;113;4;20260618;20260618
VDA4905;ECAR;EDIFACT;ME26052702100325;241;10;0060437618919153;5;20260527;10;CN;0060437618919153;5;9870027980;98449707;;;0;;;;9870027980;;ME M63;;;0;PCE;113;4;20260619;20260619
VDA4905;ECAR;EDIFACT;ME26052702100325;241;10;0060437618919153;5;20260527;10;CN;0060437618919153;5;9870027980;98449707;;;0;;;;9870027980;;ME M63;;;0;PCE;113;4;20260620;20260620
VDA4905;ECAR;EDIFACT;ME26052702100325;241;10;0060437618919153;5;20260527;10;CN;0060437618919153;5;9870027980;98449707;;;0;;;;9870027980;;ME M63;;;0;PCE;113;4;20260621;20260621
VDA4905;ECAR;EDIFACT;ME26052702100325;241;10;0060437618919153;5;20260527;10;CN;0060437618919153;5;9870027980;98449707;;;0;;;;9870027980;;ME M63;;;0;PCE;113;4;20260622;20260628
VDA4905;ECAR;EDIFACT;ME26052702100325;241;10;0060437618919153;5;20260527;10;CN;0060437618919153;5;9870027980;98449707;;;0;;;;9870027980;;ME M63;;;0;PCE;113;4;20260629;20260705
VDA4905;ECAR;EDIFACT;ME26052702100325;241;10;0060437618919153;5;20260527;10;CN;0060437618919153;5;9870027980;98449707;;;0;;;;9870027980;;ME M63;;;0;PCE;113;4;20260706;20260712
VDA4905;ECAR;EDIFACT;ME26052702100325;241;10;0060437618919153;5;20260527;10;CN;0060437618919153;5;9870027980;98449707;;;0;;;;9870027980;;ME M63;;;0;PCE;113;4;20260713;20260719
VDA4905;ECAR;EDIFACT;ME26052702100325;241;10;0060437618919153;5;20260527;10;CN;0060437618919153;5;9870027980;98449707;;;0;;;;9870027980;;ME M63;;;0;PCE;113;4;20260720;20260726
VDA4905;ECAR;EDIFACT;ME26052702100325;241;10;0060437618919153;5;20260527;10;CN;0060437618919153;5;9870027980;98449707;;;0;;;;9870027980;;ME M63;;;0;PCE;113;4;20260810;20260816
VDA4905;ECAR;EDIFACT;ME26052702100325;241;10;0060437618919153;5;20260527;10;CN;0060437618919153;5;9870027980;98449707;;;0;;;;9870027980;;ME M63;;;0;PCE;113;4;20260817;20260823
VDA4905;ECAR;EDIFACT;ME26052702100325;241;10;0060437618919153;5;20260527;10;CN;0060437618919153;5;9870027980;98449707;;;0;;;;9870027980;;ME M63;;;0;PCE;113;4;20260824;20260830
VDA4905;ECAR;EDIFACT;ME26052702100325;241;10;0060437618919153;5;20260527;10;CN;0060437618919153;5;9870027980;98449707;;;0;;;;9870027980;;ME M63;;;0;PCE;113;4;20260831;20260906
VDA4905;ECAR;EDIFACT;ME26052702100325;241;10;0060437618919153;5;20260527;10;CN;0060437618919153;5;9870027980;98449707;;;0;;;;9870027980;;ME M63;;;0;PCE;113;4;20260907;20260913
VDA4905;ECAR;EDIFACT;ME26052702100325;241;10;0060437618919153;5;20260527;10;CN;0060437618919153;5;9870027980;98449707;;;0;;;;9870027980;;ME M63;;;0;PCE;113;4;20260914;20260920
VDA4905;ECAR;EDIFACT;ME26052702100325;241;10;0060437618919153;5;20260527;10;CN;0060437618919153;5;9870027980;98449707;;;0;;;;9870027980;;ME M63;;;0;PCE;113;4;20260921;20260927
VDA4905;ECAR;EDIFACT;ME26052702100325;241;10;0060437618919153;5;20260527;10;CN;0060437618919153;5;9870027980;98449707;;;0;;;;9870027980;;ME M63;;;0;PCE;113;4;20260928;20261004
VDA4905;ECAR;EDIFACT;ME26052702100325;241;10;0060437618919153;5;20260527;10;CN;0060437618919153;5;9870027980;98449707;;;0;;;;9870027980;;ME M63;;;0;PCE;113;4;20261005;20261011
VDA4905;ECAR;EDIFACT;ME26052702100325;241;10;0060437618919153;5;20260527;10;CN;0060437618919153;5;9870027980;98449707;;;0;;;;9870027980;;ME M63;;;0;PCE;113;4;20261012;20261018
VDA4905;ECAR;EDIFACT;ME26052702100325;241;10;0060437618919153;5;20260527;10;CN;0060437618919153;5;9870027980;98449707;;;0;;;;9870027980;;ME M63;;;0;PCE;113;4;20261019;20261025
VDA4905;ECAR;EDIFACT;ME26052702100325;241;10;0060437618919153;5;20260527;10;CN;0060437618919153;5;9870027980;98449707;;;0;;;;9870027980;;ME M63;;;0;PCE;113;4;20261026;20261101
VDA4905;ECAR;EDIFACT;ME26052702100325;241;10;0060437618919153;5;20260527;10;CN;0060437618919153;5;9870027980;98449707;;;0;;;;9870027980;;ME M63;;;0;PCE;113;4;20261102;20261108
VDA4905;ECAR;EDIFACT;ME26052702100325;241;10;0060437618919153;5;20260527;10;CN;0060437618919153;5;9870027980;98449707;;;0;;;;9870027980;;ME M63;;;0;PCE;113;4;20261109;20261115
VDA4905;ECAR;EDIFACT;ME26052702100325;241;10;0060437618919153;5;20260527;10;CN;0060437618919153;5;9870027980;98449707;;;0;;;;9870027980;;ME M63;;;0;PCE;113;4;20261116;20261122
VDA4905;ECAR;EDIFACT;ME26052702100325;241;10;0060437618919153;5;20260527;10;CN;0060437618919153;5;9870027980;98449707;;;0;;;;9870027980;;ME M63;;;0;PCE;113;4;20261123;20261129
VDA4905;ECAR;EDIFACT;ME26052702100325;241;10;0060437618919153;5;20260527;10;CN;0060437618919153;5;9870027980;98449707;;;0;;;;9870027980;;ME M63;;;0;PCE;113;4;20261130;20261206
VDA4905;ECAR;EDIFACT;ME26052702100325;241;10;0060437618919153;5;20260527;10;CN;0060437618919153;5;9870027980;98449707;;;0;;;;9870027980;;ME M63;;;0;PCE;113;4;20261207;20261213
VDA4905;ECAR;EDIFACT;ME26052702100325;241;10;0060437618919153;5;20260527;10;CN;0060437618919153;5;9870027980;98449707;;;0;;;;9870027980;;ME M63;;;0;PCE;113;4;20261214;20261220
VDA4905;ECAR;EDIFACT;ME26052702100325;241;10;0060437618919153;5;20260527;10;CN;0060437618919153;5;9870027980;98449707;;;0;;;;9870027980;;ME M63;;;0;PCE;113;4;20261221;20261227
VDA4905;ECAR;EDIFACT;ME26052702100325;241;10;0060437618919153;5;20260527;10;CN;0060437618919153;5;9870027980;98449707;;;0;;;;9870027980;;ME M63;;;0;PCE;113;4;20270101;20270103
VDA4905;ECAR;EDIFACT;ME26052702100325;241;10;0060437618919153;5;20260527;10;CN;0060437618919153;5;9870027980;98449707;;;0;;;;9870027980;;ME M63;;;0;PCE;113;4;20270104;20270110
VDA4905;ECAR;EDIFACT;ME26052702100325;241;10;0060437618919153;5;20260527;10;CN;0060437618919153;5;9870027980;98449707;;;0;;;;9870027980;;ME M63;;;0;PCE;113;4;20270111;20270117
VDA4905;ECAR;EDIFACT;ME26052702100325;241;10;0060437618919153;5;20260527;10;CN;0060437618919153;5;9870027980;98449707;;;0;;;;9870027980;;ME M63;;;0;PCE;113;4;20270118;20270124
VDA4905;ECAR;EDIFACT;ME26052702100325;241;10;0060437618919153;5;20260527;10;CN;0060437618919153;5;9870027980;98449707;;;0;;;;9870027980;;ME M63;;;0;PCE;113;4;20270125;20270131
VDA4905;ECAR;EDIFACT;ME26052702100325;241;10;0060437618919153;5;20260527;10;CN;0060437618919153;5;9870027980;98449707;;;0;;;;9870027980;;ME M63;;;0;PCE;113;4;20270201;20270207
VDA4905;ECAR;EDIFACT;ME26052702100325;241;10;0060437618919153;5;20260527;10;CN;0060437618919153;5;9870027980;98449707;;;0;;;;9870027980;;ME M63;;;0;PCE;113;4;20270208;20270214
VDA4905;ECAR;EDIFACT;ME26052702100325;241;10;0060437618919153;5;20260527;10;CN;0060437618919153;5;9870027980;98449707;;;0;;;;9870027980;;ME M63;;;0;PCE;113;4;20270215;20270221
VDA4905;ECAR;EDIFACT;ME26052702100325;241;10;0060437618919153;5;20260527;10;CN;0060437618919153;5;9870027980;98449707;;;0;;;;9870027980;;ME M63;;;0;PCE;113;4;20270222;20270228
VDA4905;ECAR;EDIFACT;ME26052702100325;241;10;0060437618919153;5;20260527;10;CN;0060437618919153;5;9870027980;98449707;;;0;;;;9870027980;;ME M63;;;0;PCE;113;4;20270301;20270307
VDA4905;ECAR;EDIFACT;ME26052702100325;241;10;0060437618919153;5;20260527;10;CN;0060437618919153;5;9870027980;98449707;;;0;;;;9870027980;;ME M63;;;0;PCE;113;4;20270308;20270314
VDA4905;ECAR;EDIFACT;ME26052702100325;241;10;0060437618919153;5;20260527;10;CN;0060437618919153;5;9870027980;98449707;;;0;;;;9870027980;;ME M63;;;0;PCE;113;4;20270315;20270321
VDA4905;ECAR;EDIFACT;ME26052702100325;241;10;0060437618919153;5;20260527;10;CN;0060437618919153;5;9870027980;98449707;;;0;;;;9870027980;;ME M63;;;0;PCE;113;4;20270322;20270328
VDA4905;ECAR;EDIFACT;ME26052702100325;241;10;0060437618919153;5;20260527;10;CN;0060437618919153;5;9870027980;98449707;;;0;;;;9870027980;;ME M63;;;0;PCE;113;4;20270329;20270404
VDA4905;ECAR;EDIFACT;ME26052702100325;241;10;0060437618919153;5;20260527;10;CN;0060437618919153;5;9870027980;98449707;;;0;;;;9870027980;;ME M63;;;0;PCE;113;4;20270405;20270411
VDA4905;ECAR;EDIFACT;ME26052702100325;241;10;0060437618919153;5;20260527;10;CN;0060437618919153;5;9870027980;98449707;;;0;;;;9870027980;;ME M63;;;0;PCE;113;4;20270412;20270418
VDA4905;ECAR;EDIFACT;ME26052702100325;241;10;0060437618919153;5;20260527;10;CN;0060437618919153;5;9870027980;98449707;;;0;;;;9870027980;;ME M63;;;0;PCE;113;4;20270419;20270425
VDA4905;ECAR;EDIFACT;ME26052702100325;241;10;0060437618919153;5;20260527;10;CN;0060437618919153;5;9870027980;98449707;;;0;;;;9870027980;;ME M63;;;0;PCE;113;4;20270426;20270502
VDA4905;ECAR;EDIFACT;ME26052702100325;241;10;0060437618919153;5;20260527;10;CN;0060437618919153;5;9870028180;98459515;;;0;;;;9870028180;;ME M63;;;0;PCE;113;4;20260602;20260602
VDA4905;ECAR;EDIFACT;ME26052702100325;241;10;0060437618919153;5;20260527;10;CN;0060437618919153;5;9870028180;98459515;;;0;;;;9870028180;;ME M63;;;0;PCE;113;4;20260603;20260603
VDA4905;ECAR;EDIFACT;ME26052702100325;241;10;0060437618919153;5;20260527;10;CN;0060437618919153;5;9870028180;98459515;;;0;;;;9870028180;;ME M63;;;0;PCE;113;4;20260605;20260605
VDA4905;ECAR;EDIFACT;ME26052702100325;241;10;0060437618919153;5;20260527;10;CN;0060437618919153;5;9870028180;98459515;;;0;;;;9870028180;;ME M63;;;0;PCE;113;4;20260608;20260608
VDA4905;ECAR;EDIFACT;ME26052702100325;241;10;0060437618919153;5;20260527;10;CN;0060437618919153;5;9870028180;98459515;;;0;;;;9870028180;;ME M63;;;0;PCE;113;4;20260609;20260609
VDA4905;ECAR;EDIFACT;ME26052702100325;241;10;0060437618919153;5;20260527;10;CN;0060437618919153;5;9870028180;98459515;;;0;;;;9870028180;;ME M63;;;0;PCE;113;4;20260610;20260610
VDA4905;ECAR;EDIFACT;ME26052702100325;241;10;0060437618919153;5;20260527;10;CN;0060437618919153;5;9870028180;98459515;;;0;;;;9870028180;;ME M63;;;0;PCE;113;4;20260611;20260611
VDA4905;ECAR;EDIFACT;ME26052702100325;241;10;0060437618919153;5;20260527;10;CN;0060437618919153;5;9870028180;98459515;;;0;;;;9870028180;;ME M63;;;0;PCE;113;4;20260612;20260612
VDA4905;ECAR;EDIFACT;ME26052702100325;241;10;0060437618919153;5;20260527;10;CN;0060437618919153;5;9870028180;98459515;;;0;;;;9870028180;;ME M63;;;0;PCE;113;4;20260615;20260615
VDA4905;ECAR;EDIFACT;ME26052702100325;241;10;0060437618919153;5;20260527;10;CN;0060437618919153;5;9870028180;98459515;;;0;;;;9870028180;;ME M63;;;0;PCE;113;4;20260616;20260616
VDA4905;ECAR;EDIFACT;ME26052702100325;241;10;0060437618919153;5;20260527;10;CN;0060437618919153;5;9870028180;98459515;;;0;;;;9870028180;;ME M63;;;0;PCE;113;4;20260617;20260617
VDA4905;ECAR;EDIFACT;ME26052702100325;241;10;0060437618919153;5;20260527;10;CN;0060437618919153;5;9870028180;98459515;;;0;;;;9870028180;;ME M63;;;0;PCE;113;4;20260618;20260618
VDA4905;ECAR;EDIFACT;ME26052702100325;241;10;0060437618919153;5;20260527;10;CN;0060437618919153;5;9870028180;98459515;;;0;;;;9870028180;;ME M63;;;0;PCE;113;4;20260619;20260619
VDA4905;ECAR;EDIFACT;ME26052702100325;241;10;0060437618919153;5;20260527;10;CN;0060437618919153;5;9870028180;98459515;;;0;;;;9870028180;;ME M63;;;0;PCE;113;4;20260620;20260620
VDA4905;ECAR;EDIFACT;ME26052702100325;241;10;0060437618919153;5;20260527;10;CN;0060437618919153;5;9870028180;98459515;;;0;;;;9870028180;;ME M63;;;0;PCE;113;4;20260621;20260621
VDA4905;ECAR;EDIFACT;ME26052702100325;241;10;0060437618919153;5;20260527;10;CN;0060437618919153;5;9870028180;98459515;;;0;;;;9870028180;;ME M63;;;0;PCE;113;4;20260622;20260628
VDA4905;ECAR;EDIFACT;ME26052702100325;241;10;0060437618919153;5;20260527;10;CN;0060437618919153;5;9870028180;98459515;;;0;;;;9870028180;;ME M63;;;0;PCE;113;4;20260629;20260705
VDA4905;ECAR;EDIFACT;ME26052702100325;241;10;0060437618919153;5;20260527;10;CN;0060437618919153;5;9870028180;98459515;;;0;;;;9870028180;;ME M63;;;0;PCE;113;4;20260706;20260712
VDA4905;ECAR;EDIFACT;ME26052702100325;241;10;0060437618919153;5;20260527;10;CN;0060437618919153;5;9870028180;98459515;;;0;;;;9870028180;;ME M63;;;0;PCE;113;4;20260713;20260719
VDA4905;ECAR;EDIFACT;ME26052702100325;241;10;0060437618919153;5;20260527;10;CN;0060437618919153;5;9870028180;98459515;;;0;;;;9870028180;;ME M63;;;0;PCE;113;4;20260720;20260726
VDA4905;ECAR;EDIFACT;ME26052702100325;241;10;0060437618919153;5;20260527;10;CN;0060437618919153;5;9870028180;98459515;;;0;;;;9870028180;;ME M63;;;0;PCE;113;4;20260810;20260816
VDA4905;ECAR;EDIFACT;ME26052702100325;241;10;0060437618919153;5;20260527;10;CN;0060437618919153;5;9870028180;98459515;;;0;;;;9870028180;;ME M63;;;0;PCE;113;4;20260817;20260823
VDA4905;ECAR;EDIFACT;ME26052702100325;241;10;0060437618919153;5;20260527;10;CN;0060437618919153;5;9870028180;98459515;;;0;;;;9870028180;;ME M63;;;0;PCE;113;4;20260824;20260830
VDA4905;ECAR;EDIFACT;ME26052702100325;241;10;0060437618919153;5;20260527;10;CN;0060437618919153;5;9870028180;98459515;;;0;;;;9870028180;;ME M63;;;0;PCE;113;4;20260831;20260906
VDA4905;ECAR;EDIFACT;ME26052702100325;241;10;0060437618919153;5;20260527;10;CN;0060437618919153;5;9870028180;98459515;;;0;;;;9870028180;;ME M63;;;0;PCE;113;4;20260907;20260913
VDA4905;ECAR;EDIFACT;ME26052702100325;241;10;0060437618919153;5;20260527;10;CN;0060437618919153;5;9870028180;98459515;;;0;;;;9870028180;;ME M63;;;0;PCE;113;4;20260914;20260920
VDA4905;ECAR;EDIFACT;ME26052702100325;241;10;0060437618919153;5;20260527;10;CN;0060437618919153;5;9870028180;98459515;;;0;;;;9870028180;;ME M63;;;0;PCE;113;4;20260921;20260927
VDA4905;ECAR;EDIFACT;ME26052702100325;241;10;0060437618919153;5;20260527;10;CN;0060437618919153;5;9870028180;98459515;;;0;;;;9870028180;;ME M63;;;0;PCE;113;4;20260928;20261004
VDA4905;ECAR;EDIFACT;ME26052702100325;241;10;0060437618919153;5;20260527;10;CN;0060437618919153;5;9870028180;98459515;;;0;;;;9870028180;;ME M63;;;0;PCE;113;4;20261005;20261011
VDA4905;ECAR;EDIFACT;ME26052702100325;241;10;0060437618919153;5;20260527;10;CN;0060437618919153;5;9870028180;98459515;;;0;;;;9870028180;;ME M63;;;0;PCE;113;4;20261012;20261018
VDA4905;ECAR;EDIFACT;ME26052702100325;241;10;0060437618919153;5;20260527;10;CN;0060437618919153;5;9870028180;98459515;;;0;;;;9870028180;;ME M63;;;0;PCE;113;4;20261019;20261025
VDA4905;ECAR;EDIFACT;ME26052702100325;241;10;0060437618919153;5;20260527;10;CN;0060437618919153;5;9870028180;98459515;;;0;;;;9870028180;;ME M63;;;0;PCE;113;4;20261026;20261101
VDA4905;ECAR;EDIFACT;ME26052702100325;241;10;0060437618919153;5;20260527;10;CN;0060437618919153;5;9870028180;98459515;;;0;;;;9870028180;;ME M63;;;0;PCE;113;4;20261102;20261108
VDA4905;ECAR;EDIFACT;ME26052702100325;241;10;0060437618919153;5;20260527;10;CN;0060437618919153;5;9870028180;98459515;;;0;;;;9870028180;;ME M63;;;0;PCE;113;4;20261109;20261115
VDA4905;ECAR;EDIFACT;ME26052702100325;241;10;0060437618919153;5;20260527;10;CN;0060437618919153;5;9870028180;98459515;;;0;;;;9870028180;;ME M63;;;0;PCE;113;4;20261116;20261122
VDA4905;ECAR;EDIFACT;ME26052702100325;241;10;0060437618919153;5;20260527;10;CN;0060437618919153;5;9870028180;98459515;;;0;;;;9870028180;;ME M63;;;0;PCE;113;4;20261123;20261129
VDA4905;ECAR;EDIFACT;ME26052702100325;241;10;0060437618919153;5;20260527;10;CN;0060437618919153;5;9870028180;98459515;;;0;;;;9870028180;;ME M63;;;0;PCE;113;4;20261130;20261206
VDA4905;ECAR;EDIFACT;ME26052702100325;241;10;0060437618919153;5;20260527;10;CN;0060437618919153;5;9870028180;98459515;;;0;;;;9870028180;;ME M63;;;0;PCE;113;4;20261207;20261213
VDA4905;ECAR;EDIFACT;ME26052702100325;241;10;0060437618919153;5;20260527;10;CN;0060437618919153;5;9870028180;98459515;;;0;;;;9870028180;;ME M63;;;0;PCE;113;4;20261214;20261220
VDA4905;ECAR;EDIFACT;ME26052702100325;241;10;0060437618919153;5;20260527;10;CN;0060437618919153;5;9870028180;98459515;;;0;;;;9870028180;;ME M63;;;0;PCE;113;4;20270315;20270321
VDA4905;ECAR;EDIFACT;ME26052702100325;241;10;0060437618919153;5;20260527;10;CN;0060437618919153;5;9870028180;98459515;;;0;;;;9870028180;;ME M63;;;0;PCE;113;4;20270322;20270328
VDA4905;ECAR;EDIFACT;ME26052702100325;241;10;0060437618919153;5;20260527;10;CN;0060437618919153;5;9870028180;98459515;;;0;;;;9870028180;;ME M63;;;0;PCE;113;4;20270329;20270404
VDA4905;ECAR;EDIFACT;ME26052702100325;241;10;0060437618919153;5;20260527;10;CN;0060437618919153;5;9870028180;98459515;;;0;;;;9870028180;;ME M63;;;0;PCE;113;4;20270405;20270411
VDA4905;ECAR;EDIFACT;ME26052702100325;241;10;0060437618919153;5;20260527;10;CN;0060437618919153;5;9870028180;98459515;;;0;;;;9870028180;;ME M63;;;0;PCE;113;4;20270412;20270418
VDA4905;ECAR;EDIFACT;ME26052702100325;241;10;0060437618919153;5;20260527;10;CN;0060437618919153;5;9870028180;98459515;;;0;;;;9870028180;;ME M63;;;0;PCE;113;4;20270419;20270425
VDA4905;ECAR;EDIFACT;ME26052702100325;241;10;0060437618919153;5;20260527;10;CN;0060437618919153;5;9870028180;98459515;;;0;;;;9870028180;;ME M63;;;0;PCE;113;4;20270426;20270502
VDA4905;ECAR;EDIFACT;ME26052702100325;241;10;0060437618919153;5;20260527;10;CN;0060437618919153;5;9872015980;98463697;;;0;;;;9872015980;;ME M63;;;0;PCE;113;4;20260605;20260605
VDA4905;ECAR;EDIFACT;ME26052702100325;241;10;0060437618919153;5;20260527;10;CN;0060437618919153;5;9872015980;98463697;;;0;;;;9872015980;;ME M63;;;0;PCE;113;4;20260608;20260608
VDA4905;ECAR;EDIFACT;ME26052702100325;241;10;0060437618919153;5;20260527;10;CN;0060437618919153;5;9872015980;98463697;;;0;;;;9872015980;;ME M63;;;0;PCE;113;4;20260615;20260615
VDA4905;ECAR;EDIFACT;ME26052702100325;241;10;0060437618919153;5;20260527;10;CN;0060437618919153;5;9872015980;98463697;;;0;;;;9872015980;;ME M63;;;0;PCE;113;4;20260616;20260616
VDA4905;ECAR;EDIFACT;ME26052702100325;241;10;0060437618919153;5;20260527;10;CN;0060437618919153;5;9872015980;98463697;;;0;;;;9872015980;;ME M63;;;0;PCE;113;4;20260617;20260617
VDA4905;ECAR;EDIFACT;ME26052702100325;241;10;0060437618919153;5;20260527;10;CN;0060437618919153;5;9872015980;98463697;;;0;;;;9872015980;;ME M63;;;0;PCE;113;4;20260618;20260618
VDA4905;ECAR;EDIFACT;ME26052702100325;241;10;0060437618919153;5;20260527;10;CN;0060437618919153;5;9872015980;98463697;;;0;;;;9872015980;;ME M63;;;0;PCE;113;4;20260619;20260619
VDA4905;ECAR;EDIFACT;ME26052702100325;241;10;0060437618919153;5;20260527;10;CN;0060437618919153;5;9872015980;98463697;;;0;;;;9872015980;;ME M63;;;0;PCE;113;4;20260620;20260620
VDA4905;ECAR;EDIFACT;ME26052702100325;241;10;0060437618919153;5;20260527;10;CN;0060437618919153;5;9872015980;98463697;;;0;;;;9872015980;;ME M63;;;0;PCE;113;4;20260621;20260621
VDA4905;ECAR;EDIFACT;ME26052702100325;241;10;0060437618919153;5;20260527;10;CN;0060437618919153;5;9872015980;98463697;;;0;;;;9872015980;;ME M63;;;0;PCE;113;4;20260622;20260628
VDA4905;ECAR;EDIFACT;ME26052702100325;241;10;0060437618919153;5;20260527;10;CN;0060437618919153;5;9872015980;98463697;;;0;;;;9872015980;;ME M63;;;0;PCE;113;4;20260629;20260705
VDA4905;ECAR;EDIFACT;ME26052702100325;241;10;0060437618919153;5;20260527;10;CN;0060437618919153;5;9872015980;98463697;;;0;;;;9872015980;;ME M63;;;0;PCE;113;4;20260817;20260823
VDA4905;ECAR;EDIFACT;ME26052702100325;241;10;0060437618919153;5;20260527;10;CN;0060437618919153;5;9872015980;98463697;;;0;;;;9872015980;;ME M63;;;0;PCE;113;4;20260824;20260830
VDA4905;ECAR;EDIFACT;ME26052702100325;241;10;0060437618919153;5;20260527;10;CN;0060437618919153;5;9872015980;98463697;;;0;;;;9872015980;;ME M63;;;0;PCE;113;4;20261019;20261025
VDA4905;ECAR;EDIFACT;ME26052702100325;241;10;0060437618919153;5;20260527;10;CN;0060437618919153;5;9872015980;98463697;;;0;;;;9872015980;;ME M63;;;0;PCE;113;4;20261102;20261108
VDA4905;ECAR;EDIFACT;ME26052702100325;241;10;0060437618919153;5;20260527;10;CN;0060437618919153;5;9872015980;98463697;;;0;;;;9872015980;;ME M63;;;0;PCE;113;4;20261109;20261115
VDA4905;ECAR;EDIFACT;ME26052702100325;241;10;0060437618919153;5;20260527;10;CN;0060437618919153;5;9872015980;98463697;;;0;;;;9872015980;;ME M63;;;0;PCE;113;4;20261116;20261122
VDA4905;ECAR;EDIFACT;ME26052702100325;241;10;0060437618919153;5;20260527;10;CN;0060437618919153;5;9872015980;98463697;;;0;;;;9872015980;;ME M63;;;0;PCE;113;4;20270111;20270117
VDA4905;ECAR;EDIFACT;ME26052702100325;241;10;0060437618919153;5;20260527;10;CN;0060437618919153;5;9872015980;98463697;;;0;;;;9872015980;;ME M63;;;0;PCE;113;4;20270215;20270221
VDA4905;ECAR;EDIFACT;ME26052702100325;241;10;0060437618919153;5;20260527;10;CN;0060437618919153;5;9872015980;98463697;;;0;;;;9872015980;;ME M63;;;0;PCE;113;4;20270405;20270411
VDA4905;ECAR;EDIFACT;ME26052702100325;241;10;0060437618919153;5;20260527;10;CN;0060437618919153;5;9872015980;98463697;;;0;;;;9872015980;;ME M63;;;0;PCE;113;4;20270426;20270502
VDA4905;ECAR;EDIFACT;ME26052702100325;241;10;0060437618919153;5;20260527;10;CN;0060437618919153;5;9872016180;98463698;;;0;;;;9872016180;;ME M63;;;0;PCE;113;4;20260608;20260608
VDA4905;ECAR;EDIFACT;ME26052702100325;241;10;0060437618919153;5;20260527;10;CN;0060437618919153;5;9872016180;98463698;;;0;;;;9872016180;;ME M63;;;0;PCE;113;4;20260622;20260628
VDA4905;ECAR;EDIFACT;ME26052702100325;241;10;0060437618919153;5;20260527;10;CN;0060437618919153;5;9872016180;98463698;;;0;;;;9872016180;;ME M63;;;0;PCE;113;4;20260629;20260705
VDA4905;ECAR;EDIFACT;ME26052702100325;241;10;0060437618919153;5;20260527;10;CN;0060437618919153;5;9872016180;98463698;;;0;;;;9872016180;;ME M63;;;0;PCE;113;4;20260706;20260712
VDA4905;ECAR;EDIFACT;ME26052702100325;241;10;0060437618919153;5;20260527;10;CN;0060437618919153;5;9872016180;98463698;;;0;;;;9872016180;;ME M63;;;0;PCE;113;4;20260713;20260719
VDA4905;ECAR;EDIFACT;ME26052702100325;241;10;0060437618919153;5;20260527;10;CN;0060437618919153;5;9872016180;98463698;;;0;;;;9872016180;;ME M63;;;0;PCE;113;4;20260720;20260726
VDA4905;ECAR;EDIFACT;ME26052702100325;241;10;0060437618919153;5;20260527;10;CN;0060437618919153;5;9872016180;98463698;;;0;;;;9872016180;;ME M63;;;0;PCE;113;4;20260817;20260823
VDA4905;ECAR;EDIFACT;ME26052702100325;241;10;0060437618919153;5;20260527;10;CN;0060437618919153;5;9872016180;98463698;;;0;;;;9872016180;;ME M63;;;0;PCE;113;4;20260824;20260830
VDA4905;ECAR;EDIFACT;ME26052702100325;241;10;0060437618919153;5;20260527;10;CN;0060437618919153;5;9872016180;98463698;;;0;;;;9872016180;;ME M63;;;0;PCE;113;4;20260907;20260913
VDA4905;ECAR;EDIFACT;ME26052702100325;241;10;0060437618919153;5;20260527;10;CN;0060437618919153;5;9872016180;98463698;;;0;;;;9872016180;;ME M63;;;0;PCE;113;4;20260914;20260920
VDA4905;ECAR;EDIFACT;ME26052702100325;241;10;0060437618919153;5;20260527;10;CN;0060437618919153;5;9872016180;98463698;;;0;;;;9872016180;;ME M63;;;0;PCE;113;4;20260921;20260927
VDA4905;ECAR;EDIFACT;ME26052702100325;241;10;0060437618919153;5;20260527;10;CN;0060437618919153;5;9872016180;98463698;;;0;;;;9872016180;;ME M63;;;0;PCE;113;4;20260928;20261004
VDA4905;ECAR;EDIFACT;ME26052702100325;241;10;0060437618919153;5;20260527;10;CN;0060437618919153;5;9872016180;98463698;;;0;;;;9872016180;;ME M63;;;0;PCE;113;4;20261005;20261011
VDA4905;ECAR;EDIFACT;ME26052702100325;241;10;0060437618919153;5;20260527;10;CN;0060437618919153;5;9872016180;98463698;;;0;;;;9872016180;;ME M63;;;0;PCE;113;4;20261012;20261018
VDA4905;ECAR;EDIFACT;ME26052702100325;241;10;0060437618919153;5;20260527;10;CN;0060437618919153;5;9872016180;98463698;;;0;;;;9872016180;;ME M63;;;0;PCE;113;4;20261019;20261025
VDA4905;ECAR;EDIFACT;ME26052702100325;241;10;0060437618919153;5;20260527;10;CN;0060437618919153;5;9872016180;98463698;;;0;;;;9872016180;;ME M63;;;0;PCE;113;4;20261026;20261101
VDA4905;ECAR;EDIFACT;ME26052702100325;241;10;0060437618919153;5;20260527;10;CN;0060437618919153;5;9872016180;98463698;;;0;;;;9872016180;;ME M63;;;0;PCE;113;4;20261109;20261115
VDA4905;ECAR;EDIFACT;ME26052702100325;241;10;0060437618919153;5;20260527;10;CN;0060437618919153;5;9872016180;98463698;;;0;;;;9872016180;;ME M63;;;0;PCE;113;4;20261116;20261122
VDA4905;ECAR;EDIFACT;ME26052702100325;241;10;0060437618919153;5;20260527;10;CN;0060437618919153;5;9872016180;98463698;;;0;;;;9872016180;;ME M63;;;0;PCE;113;4;20261123;20261129
VDA4905;ECAR;EDIFACT;ME26052702100325;241;10;0060437618919153;5;20260527;10;CN;0060437618919153;5;9872016180;98463698;;;0;;;;9872016180;;ME M63;;;0;PCE;113;4;20261130;20261206
VDA4905;ECAR;EDIFACT;ME26052702100325;241;10;0060437618919153;5;20260527;10;CN;0060437618919153;5;9872016180;98463698;;;0;;;;9872016180;;ME M63;;;0;PCE;113;4;20261207;20261213
VDA4905;ECAR;EDIFACT;ME26052702100325;241;10;0060437618919153;5;20260527;10;CN;0060437618919153;5;9872016180;98463698;;;0;;;;9872016180;;ME M63;;;0;PCE;113;4;20261214;20261220
VDA4905;ECAR;EDIFACT;ME26052702100325;241;10;0060437618919153;5;20260527;10;CN;0060437618919153;5;9872016180;98463698;;;0;;;;9872016180;;ME M63;;;0;PCE;113;4;20270111;20270117
VDA4905;ECAR;EDIFACT;ME26052702100325;241;10;0060437618919153;5;20260527;10;CN;0060437618919153;5;9872016180;98463698;;;0;;;;9872016180;;ME M63;;;0;PCE;113;4;20270215;20270221
VDA4905;ECAR;EDIFACT;ME26052702100325;241;10;0060437618919153;5;20260527;10;CN;0060437618919153;5;9872016180;98463698;;;0;;;;9872016180;;ME M63;;;0;PCE;113;4;20270322;20270328
VDA4905;ECAR;EDIFACT;ME26052702100325;241;10;0060437618919153;5;20260527;10;CN;0060437618919153;5;9872016380;98463699;;;0;;;;9872016380;;ME M63;;;0;PCE;113;4;20261221;20261227
VDA4905;ECAR;EDIFACT;ME26052702100325;241;10;0060437618919153;5;20260527;10;CN;0060437618919153;5;9872022480;98454389;;;0;;;;9872022480;;ME M63;;;0;PCE;113;4;20260601;20260601
VDA4905;ECAR;EDIFACT;ME26052702100325;241;10;0060437618919153;5;20260527;10;CN;0060437618919153;5;9872022480;98454389;;;0;;;;9872022480;;ME M63;;;0;PCE;113;4;20260608;20260608
VDA4905;ECAR;EDIFACT;ME26052702100325;241;10;0060437618919153;5;20260527;10;CN;0060437618919153;5;9872022480;98454389;;;0;;;;9872022480;;ME M63;;;0;PCE;113;4;20260612;20260612
VDA4905;ECAR;EDIFACT;ME26052702100325;241;10;0060437618919153;5;20260527;10;CN;0060437618919153;5;9872022480;98454389;;;0;;;;9872022480;;ME M63;;;0;PCE;113;4;20260615;20260615
VDA4905;ECAR;EDIFACT;ME26052702100325;241;10;0060437618919153;5;20260527;10;CN;0060437618919153;5;9872022480;98454389;;;0;;;;9872022480;;ME M63;;;0;PCE;113;4;20260616;20260616
VDA4905;ECAR;EDIFACT;ME26052702100325;241;10;0060437618919153;5;20260527;10;CN;0060437618919153;5;9872022480;98454389;;;0;;;;9872022480;;ME M63;;;0;PCE;113;4;20260617;20260617
VDA4905;ECAR;EDIFACT;ME26052702100325;241;10;0060437618919153;5;20260527;10;CN;0060437618919153;5;9872022480;98454389;;;0;;;;9872022480;;ME M63;;;0;PCE;113;4;20260618;20260618
VDA4905;ECAR;EDIFACT;ME26052702100325;241;10;0060437618919153;5;20260527;10;CN;0060437618919153;5;9872022480;98454389;;;0;;;;9872022480;;ME M63;;;0;PCE;113;4;20260619;20260619
VDA4905;ECAR;EDIFACT;ME26052702100325;241;10;0060437618919153;5;20260527;10;CN;0060437618919153;5;9872022480;98454389;;;0;;;;9872022480;;ME M63;;;0;PCE;113;4;20260620;20260620
VDA4905;ECAR;EDIFACT;ME26052702100325;241;10;0060437618919153;5;20260527;10;CN;0060437618919153;5;9872022480;98454389;;;0;;;;9872022480;;ME M63;;;0;PCE;113;4;20260621;20260621
VDA4905;ECAR;EDIFACT;ME26052702100325;241;10;0060437618919153;5;20260527;10;CN;0060437618919153;5;9872022480;98454389;;;0;;;;9872022480;;ME M63;;;0;PCE;113;4;20260622;20260628
VDA4905;ECAR;EDIFACT;ME26052702100325;241;10;0060437618919153;5;20260527;10;CN;0060437618919153;5;9872022480;98454389;;;0;;;;9872022480;;ME M63;;;0;PCE;113;4;20260706;20260712
VDA4905;ECAR;EDIFACT;ME26052702100325;241;10;0060437618919153;5;20260527;10;CN;0060437618919153;5;9872022480;98454389;;;0;;;;9872022480;;ME M63;;;0;PCE;113;4;20260713;20260719
VDA4905;ECAR;EDIFACT;ME26052702100325;241;10;0060437618919153;5;20260527;10;CN;0060437618919153;5;9872022480;98454389;;;0;;;;9872022480;;ME M63;;;0;PCE;113;4;20260720;20260726
VDA4905;ECAR;EDIFACT;ME26052702100325;241;10;0060437618919153;5;20260527;10;CN;0060437618919153;5;9872022480;98454389;;;0;;;;9872022480;;ME M63;;;0;PCE;113;4;20260817;20260823
VDA4905;ECAR;EDIFACT;ME26052702100325;241;10;0060437618919153;5;20260527;10;CN;0060437618919153;5;9872022480;98454389;;;0;;;;9872022480;;ME M63;;;0;PCE;113;4;20260824;20260830
VDA4905;ECAR;EDIFACT;ME26052702100325;241;10;0060437618919153;5;20260527;10;CN;0060437618919153;5;9872022480;98454389;;;0;;;;9872022480;;ME M63;;;0;PCE;113;4;20260831;20260906
VDA4905;ECAR;EDIFACT;ME26052702100325;241;10;0060437618919153;5;20260527;10;CN;0060437618919153;5;9872022480;98454389;;;0;;;;9872022480;;ME M63;;;0;PCE;113;4;20260907;20260913
VDA4905;ECAR;EDIFACT;ME26052702100325;241;10;0060437618919153;5;20260527;10;CN;0060437618919153;5;9872022480;98454389;;;0;;;;9872022480;;ME M63;;;0;PCE;113;4;20260914;20260920
VDA4905;ECAR;EDIFACT;ME26052702100325;241;10;0060437618919153;5;20260527;10;CN;0060437618919153;5;9872022480;98454389;;;0;;;;9872022480;;ME M63;;;0;PCE;113;4;20260921;20260927
VDA4905;ECAR;EDIFACT;ME26052702100325;241;10;0060437618919153;5;20260527;10;CN;0060437618919153;5;9872022480;98454389;;;0;;;;9872022480;;ME M63;;;0;PCE;113;4;20261005;20261011
VDA4905;ECAR;EDIFACT;ME26052702100325;241;10;0060437618919153;5;20260527;10;CN;0060437618919153;5;9872022480;98454389;;;0;;;;9872022480;;ME M63;;;0;PCE;113;4;20261012;20261018
VDA4905;ECAR;EDIFACT;ME26052702100325;241;10;0060437618919153;5;20260527;10;CN;0060437618919153;5;9872022480;98454389;;;0;;;;9872022480;;ME M63;;;0;PCE;113;4;20261019;20261025
VDA4905;ECAR;EDIFACT;ME26052702100325;241;10;0060437618919153;5;20260527;10;CN;0060437618919153;5;9872022480;98454389;;;0;;;;9872022480;;ME M63;;;0;PCE;113;4;20261102;20261108
VDA4905;ECAR;EDIFACT;ME26052702100325;241;10;0060437618919153;5;20260527;10;CN;0060437618919153;5;9872022480;98454389;;;0;;;;9872022480;;ME M63;;;0;PCE;113;4;20261109;20261115
VDA4905;ECAR;EDIFACT;ME26052702100325;241;10;0060437618919153;5;20260527;10;CN;0060437618919153;5;9872022480;98454389;;;0;;;;9872022480;;ME M63;;;0;PCE;113;4;20261116;20261122
VDA4905;ECAR;EDIFACT;ME26052702100325;241;10;0060437618919153;5;20260527;10;CN;0060437618919153;5;9872022480;98454389;;;0;;;;9872022480;;ME M63;;;0;PCE;113;4;20261123;20261129
VDA4905;ECAR;EDIFACT;ME26052702100325;241;10;0060437618919153;5;20260527;10;CN;0060437618919153;5;9872022480;98454389;;;0;;;;9872022480;;ME M63;;;0;PCE;113;4;20261130;20261206
VDA4905;ECAR;EDIFACT;ME26052702100325;241;10;0060437618919153;5;20260527;10;CN;0060437618919153;5;9872022480;98454389;;;0;;;;9872022480;;ME M63;;;0;PCE;113;4;20261207;20261213
VDA4905;ECAR;EDIFACT;ME26052702100325;241;10;0060437618919153;5;20260527;10;CN;0060437618919153;5;9872022480;98454389;;;0;;;;9872022480;;ME M63;;;0;PCE;113;4;20261214;20261220
VDA4905;ECAR;EDIFACT;ME26052702100325;241;10;0060437618919153;5;20260527;10;CN;0060437618919153;5;9872022480;98454389;;;0;;;;9872022480;;ME M63;;;0;PCE;113;4;20270104;20270110
VDA4905;ECAR;EDIFACT;ME26052702100325;241;10;0060437618919153;5;20260527;10;CN;0060437618919153;5;9872022480;98454389;;;0;;;;9872022480;;ME M63;;;0;PCE;113;4;20270118;20270124
VDA4905;ECAR;EDIFACT;ME26052702100325;241;10;0060437618919153;5;20260527;10;CN;0060437618919153;5;9872022480;98454389;;;0;;;;9872022480;;ME M63;;;0;PCE;113;4;20270125;20270131
VDA4905;ECAR;EDIFACT;ME26052702100325;241;10;0060437618919153;5;20260527;10;CN;0060437618919153;5;9872022480;98454389;;;0;;;;9872022480;;ME M63;;;0;PCE;113;4;20270201;20270207
VDA4905;ECAR;EDIFACT;ME26052702100325;241;10;0060437618919153;5;20260527;10;CN;0060437618919153;5;9872022480;98454389;;;0;;;;9872022480;;ME M63;;;0;PCE;113;4;20270215;20270221
VDA4905;ECAR;EDIFACT;ME26052702100325;241;10;0060437618919153;5;20260527;10;CN;0060437618919153;5;9872022480;98454389;;;0;;;;9872022480;;ME M63;;;0;PCE;113;4;20270222;20270228
VDA4905;ECAR;EDIFACT;ME26052702100325;241;10;0060437618919153;5;20260527;10;CN;0060437618919153;5;9872022480;98454389;;;0;;;;9872022480;;ME M63;;;0;PCE;113;4;20270301;20270307
VDA4905;ECAR;EDIFACT;ME26052702100325;241;10;0060437618919153;5;20260527;10;CN;0060437618919153;5;9872022480;98454389;;;0;;;;9872022480;;ME M63;;;0;PCE;113;4;20270308;20270314
VDA4905;ECAR;EDIFACT;ME26052702100325;241;10;0060437618919153;5;20260527;10;CN;0060437618919153;5;9872022480;98454389;;;0;;;;9872022480;;ME M63;;;0;PCE;113;4;20270322;20270328
VDA4905;ECAR;EDIFACT;ME26052702100325;241;10;0060437618919153;5;20260527;10;CN;0060437618919153;5;9872022480;98454389;;;0;;;;9872022480;;ME M63;;;0;PCE;113;4;20270329;20270404
VDA4905;ECAR;EDIFACT;ME26052702100325;241;10;0060437618919153;5;20260527;10;CN;0060437618919153;5;9872022480;98454389;;;0;;;;9872022480;;ME M63;;;0;PCE;113;4;20270405;20270411
VDA4905;ECAR;EDIFACT;ME26052702100325;241;10;0060437618919153;5;20260527;10;CN;0060437618919153;5;9872022480;98454389;;;0;;;;9872022480;;ME M63;;;0;PCE;113;4;20270412;20270418
VDA4905;ECAR;EDIFACT;ME26052702100325;241;10;0060437618919153;5;20260527;10;CN;0060437618919153;5;9872022480;98454389;;;0;;;;9872022480;;ME M63;;;0;PCE;113;4;20270426;20270502
VDA4905;ECAR;EDIFACT;ME26052702100325;241;10;0060437618919153;5;20260527;10;CN;0060437618919153;5;9874313580;98461265;;;0;;;;9874313580;;ME M62;;;0;PCE;113;4;20270104;20270110
VDA4905;ECAR;EDIFACT;ME26052702100325;241;10;0060437618919153;5;20260527;10;CN;0060437618919153;5;9874315080;98461266;;;0;;;;9874315080;;ME M62;;;0;PCE;113;4;20261026;20261101
VDA4905;ECAR;EDIFACT;ME26052702100325;241;10;0060437618919153;5;20260527;10;CN;0060437618919153;5;9874315080;98461266;;;0;;;;9874315080;;ME M62;;;0;PCE;113;4;20270111;20270117
VDA4905;ECAR;EDIFACT;ME26052702100325;241;10;0060437618919153;5;20260527;10;CN;0060437618919153;5;9874315080;98461266;;;0;;;;9874315080;;ME M62;;;0;PCE;113;4;20270201;20270207
VDA4905;ECAR;EDIFACT;ME26052702100325;241;10;0060437618919153;5;20260527;10;CN;0060437618919153;5;9874315080;98461266;;;0;;;;9874315080;;ME M62;;;0;PCE;113;4;20270215;20270221
VDA4905;ECAR;EDIFACT;ME26052702100325;241;10;0060437618919153;5;20260527;10;CN;0060437618919153;5;9874315080;98461266;;;0;;;;9874315080;;ME M62;;;0;PCE;113;4;20270301;20270307
VDA4905;ECAR;EDIFACT;ME26052702100325;241;10;0060437618919153;5;20260527;10;CN;0060437618919153;5;9874315080;98461266;;;0;;;;9874315080;;ME M62;;;0;PCE;113;4;20270308;20270314
VDA4905;ECAR;EDIFACT;ME26052702100325;241;10;0060437618919153;5;20260527;10;CN;0060437618919153;5;9874315080;98461266;;;0;;;;9874315080;;ME M62;;;0;PCE;113;4;20270315;20270321
VDA4905;ECAR;EDIFACT;ME26052702100325;241;10;0060437618919153;5;20260527;10;CN;0060437618919153;5;9874315080;98461266;;;0;;;;9874315080;;ME M62;;;0;PCE;113;4;20270329;20270404
VDA4905;ECAR;EDIFACT;ME26052702100325;241;10;0060437618919153;5;20260527;10;CN;0060437618919153;5;9874315080;98461266;;;0;;;;9874315080;;ME M62;;;0;PCE;113;4;20270405;20270411
VDA4905;ECAR;EDIFACT;ME26052702100325;241;10;0060437618919153;5;20260527;10;CN;0060437618919153;5;9874315080;98461266;;;0;;;;9874315080;;ME M62;;;0;PCE;113;4;20270419;20270425
VDA4905;ECAR;EDIFACT;ME26052702100325;241;10;0060437618919153;5;20260527;10;CN;0060437618919153;5;9874315280;98461267;;;0;;;;9874315280;;ME M62;;;0;PCE;113;4;20261109;20261115
VDA4905;ECAR;EDIFACT;ME26052702100325;241;10;0060437618919153;5;20260527;10;CN;0060437618919153;5;9874315480;98461268;;;0;;;;9874315480;;ME M62;;;0;PCE;113;4;20261214;20261220
VDA4905;ECAR;EDIFACT;ME26052702100325;241;10;0060437618919153;5;20260527;10;CN;0060437618919153;5;9874315880;98461270;;;0;;;;9874315880;;ME M62;;;0;PCE;113;4;20261012;20261018
VDA4905;ECAR;EDIFACT;ME26052702100325;241;10;0060437618919153;5;20260527;10;CN;0060437618919153;5;9874315880;98461270;;;0;;;;9874315880;;ME M62;;;0;PCE;113;4;20261026;20261101
VDA4905;ECAR;EDIFACT;ME26052702100325;241;10;0060437618919153;5;20260527;10;CN;0060437618919153;5;9874315880;98461270;;;0;;;;9874315880;;ME M62;;;0;PCE;113;4;20261102;20261108
VDA4905;ECAR;EDIFACT;ME26052702100325;241;10;0060437618919153;5;20260527;10;CN;0060437618919153;5;9874315880;98461270;;;0;;;;9874315880;;ME M62;;;0;PCE;113;4;20261116;20261122
VDA4905;ECAR;EDIFACT;ME26052702100325;241;10;0060437618919153;5;20260527;10;CN;0060437618919153;5;9874315880;98461270;;;0;;;;9874315880;;ME M62;;;0;PCE;113;4;20261130;20261206
VDA4905;ECAR;EDIFACT;ME26052702100325;241;10;0060437618919153;5;20260527;10;CN;0060437618919153;5;9874315880;98461270;;;0;;;;9874315880;;ME M62;;;0;PCE;113;4;20270118;20270124
VDA4905;ECAR;EDIFACT;ME26052702100325;241;10;0060437618919153;5;20260527;10;CN;0060437618919153;5;9874315880;98461270;;;0;;;;9874315880;;ME M62;;;0;PCE;113;4;20270201;20270207
VDA4905;ECAR;EDIFACT;ME26052702100325;241;10;0060437618919153;5;20260527;10;CN;0060437618919153;5;9874315880;98461270;;;0;;;;9874315880;;ME M62;;;0;PCE;113;4;20270301;20270307
VDA4905;ECAR;EDIFACT;ME26052702100325;241;10;0060437618919153;5;20260527;10;CN;0060437618919153;5;9874315880;98461270;;;0;;;;9874315880;;ME M62;;;0;PCE;113;4;20270329;20270404
VDA4905;ECAR;EDIFACT;ME26052702100325;241;10;0060437618919153;5;20260527;10;CN;0060437618919153;5;9874315880;98461270;;;0;;;;9874315880;;ME M62;;;0;PCE;113;4;20270412;20270418
VDA4905;ECAR;EDIFACT;ME26052702100325;241;10;0060437618919153;5;20260527;10;CN;0060437618919153;5;9874315880;98461270;;;0;;;;9874315880;;ME M62;;;0;PCE;113;4;20270419;20270425
VDA4905;ECAR;EDIFACT;ME26052702100325;241;10;0060437618919153;5;20260527;10;CN;0060437618919153;5;9874315880;98461270;;;0;;;;9874315880;;ME M62;;;0;PCE;113;4;20270426;20270502
VDA4905;ECAR;EDIFACT;ME26052702100325;241;10;0060437618919153;5;20260527;10;CN;0060437618919153;5;9874316080;98461271;;;0;;;;9874316080;;ME M62;;;0;PCE;113;4;20261102;20261108
VDA4905;ECAR;EDIFACT;ME26052702100325;241;10;0060437618919153;5;20260527;10;CN;0060437618919153;5;9874316080;98461271;;;0;;;;9874316080;;ME M62;;;0;PCE;113;4;20261207;20261213
VDA4905;ECAR;EDIFACT;ME26052702100325;241;10;0060437618919153;5;20260527;10;CN;0060437618919153;5;9874316080;98461271;;;0;;;;9874316080;;ME M62;;;0;PCE;113;4;20270118;20270124
VDA4905;ECAR;EDIFACT;ME26052702100325;241;10;0060437618919153;5;20260527;10;CN;0060437618919153;5;9874316280;98461272;;;0;;;;9874316280;;ME M62;;;0;PCE;113;4;20261026;20261101
VDA4905;ECAR;EDIFACT;ME26052702100325;241;10;0060437618919153;5;20260527;10;CN;0060437618919153;5;9874316280;98461272;;;0;;;;9874316280;;ME M62;;;0;PCE;113;4;20261214;20261220
VDA4905;ECAR;EDIFACT;ME26052702100325;241;10;0060437618919153;5;20260527;10;CN;0060437618919153;5;9874316480;98461273;;;0;;;;9874316480;;ME M62;;;0;PCE;113;4;20260831;20260906
VDA4905;ECAR;EDIFACT;ME26052702100325;241;10;0060437618919153;5;20260527;10;CN;0060437618919153;5;9874316480;98461273;;;0;;;;9874316480;;ME M62;;;0;PCE;113;4;20260907;20260913
VDA4905;ECAR;EDIFACT;ME26052702100325;241;10;0060437618919153;5;20260527;10;CN;0060437618919153;5;9874316480;98461273;;;0;;;;9874316480;;ME M62;;;0;PCE;113;4;20260914;20260920
VDA4905;ECAR;EDIFACT;ME26052702100325;241;10;0060437618919153;5;20260527;10;CN;0060437618919153;5;9874316480;98461273;;;0;;;;9874316480;;ME M62;;;0;PCE;113;4;20260921;20260927
VDA4905;ECAR;EDIFACT;ME26052702100325;241;10;0060437618919153;5;20260527;10;CN;0060437618919153;5;9874316480;98461273;;;0;;;;9874316480;;ME M62;;;0;PCE;113;4;20260928;20261004
VDA4905;ECAR;EDIFACT;ME26052702100325;241;10;0060437618919153;5;20260527;10;CN;0060437618919153;5;9874316480;98461273;;;0;;;;9874316480;;ME M62;;;0;PCE;113;4;20261005;20261011
VDA4905;ECAR;EDIFACT;ME26052702100325;241;10;0060437618919153;5;20260527;10;CN;0060437618919153;5;9874316480;98461273;;;0;;;;9874316480;;ME M62;;;0;PCE;113;4;20261012;20261018
VDA4905;ECAR;EDIFACT;ME26052702100325;241;10;0060437618919153;5;20260527;10;CN;0060437618919153;5;9874316480;98461273;;;0;;;;9874316480;;ME M62;;;0;PCE;113;4;20261026;20261101
VDA4905;ECAR;EDIFACT;ME26052702100325;241;10;0060437618919153;5;20260527;10;CN;0060437618919153;5;9874316680;98461274;;;0;;;;9874316680;;ME M62;;;0;PCE;113;4;20261102;20261108
VDA4905;ECAR;EDIFACT;ME26052702100325;241;10;0060437618919153;5;20260527;10;CN;0060437618919153;5;9874317280;98461258;;;0;;;;9874317280;;ME M62;;;0;PCE;113;4;20261012;20261018
VDA4905;ECAR;EDIFACT;ME26052702100325;241;10;0060437618919153;5;20260527;10;CN;0060437618919153;5;9874317280;98461258;;;0;;;;9874317280;;ME M62;;;0;PCE;113;4;20261026;20261101
VDA4905;ECAR;EDIFACT;ME26052702100325;241;10;0060437618919153;5;20260527;10;CN;0060437618919153;5;9874317280;98461258;;;0;;;;9874317280;;ME M62;;;0;PCE;113;4;20261109;20261115
VDA4905;ECAR;EDIFACT;ME26052702100325;241;10;0060437618919153;5;20260527;10;CN;0060437618919153;5;9874317280;98461258;;;0;;;;9874317280;;ME M62;;;0;PCE;113;4;20261116;20261122
VDA4905;ECAR;EDIFACT;ME26052702100325;241;10;0060437618919153;5;20260527;10;CN;0060437618919153;5;9874317280;98461258;;;0;;;;9874317280;;ME M62;;;0;PCE;113;4;20261221;20261227
VDA4905;ECAR;EDIFACT;ME26052702100325;241;10;0060437618919153;5;20260527;10;CN;0060437618919153;5;9874317280;98461258;;;0;;;;9874317280;;ME M62;;;0;PCE;113;4;20270118;20270124
VDA4905;ECAR;EDIFACT;ME26052702100325;241;10;0060437618919153;5;20260527;10;CN;0060437618919153;5;9874317280;98461258;;;0;;;;9874317280;;ME M62;;;0;PCE;113;4;20270201;20270207
VDA4905;ECAR;EDIFACT;ME26052702100325;241;10;0060437618919153;5;20260527;10;CN;0060437618919153;5;9874317280;98461258;;;0;;;;9874317280;;ME M62;;;0;PCE;113;4;20270208;20270214
VDA4905;ECAR;EDIFACT;ME26052702100325;241;10;0060437618919153;5;20260527;10;CN;0060437618919153;5;9874317280;98461258;;;0;;;;9874317280;;ME M62;;;0;PCE;113;4;20270222;20270228
VDA4905;ECAR;EDIFACT;ME26052702100325;241;10;0060437618919153;5;20260527;10;CN;0060437618919153;5;9874317280;98461258;;;0;;;;9874317280;;ME M62;;;0;PCE;113;4;20270301;20270307
VDA4905;ECAR;EDIFACT;ME26052702100325;241;10;0060437618919153;5;20260527;10;CN;0060437618919153;5;9874317280;98461258;;;0;;;;9874317280;;ME M62;;;0;PCE;113;4;20270308;20270314
VDA4905;ECAR;EDIFACT;ME26052702100325;241;10;0060437618919153;5;20260527;10;CN;0060437618919153;5;9874317280;98461258;;;0;;;;9874317280;;ME M62;;;0;PCE;113;4;20270322;20270328
VDA4905;ECAR;EDIFACT;ME26052702100325;241;10;0060437618919153;5;20260527;10;CN;0060437618919153;5;9874317280;98461258;;;0;;;;9874317280;;ME M62;;;0;PCE;113;4;20270329;20270404
VDA4905;ECAR;EDIFACT;ME26052702100325;241;10;0060437618919153;5;20260527;10;CN;0060437618919153;5;9874317280;98461258;;;0;;;;9874317280;;ME M62;;;0;PCE;113;4;20270405;20270411
VDA4905;ECAR;EDIFACT;ME26052702100325;241;10;0060437618919153;5;20260527;10;CN;0060437618919153;5;9874317280;98461258;;;0;;;;9874317280;;ME M62;;;0;PCE;113;4;20270412;20270418
VDA4905;ECAR;EDIFACT;ME26052702100325;241;10;0060437618919153;5;20260527;10;CN;0060437618919153;5;9874317280;98461258;;;0;;;;9874317280;;ME M62;;;0;PCE;113;4;20270419;20270425
VDA4905;ECAR;EDIFACT;ME26052702100325;241;10;0060437618919153;5;20260527;10;CN;0060437618919153;5;9874318080;98461262;;;0;;;;9874318080;;ME M62;;;0;PCE;113;4;20261019;20261025
VDA4905;ECAR;EDIFACT;ME26052702100325;241;10;0060437618919153;5;20260527;10;CN;0060437618919153;5;9874318080;98461262;;;0;;;;9874318080;;ME M62;;;0;PCE;113;4;20261130;20261206
VDA4905;ECAR;EDIFACT;ME26052702100325;241;10;0060437618919153;5;20260527;10;CN;0060437618919153;5;9874318080;98461262;;;0;;;;9874318080;;ME M62;;;0;PCE;113;4;20261214;20261220
VDA4905;ECAR;EDIFACT;ME26052702100325;241;10;0060437618919153;5;20260527;10;CN;0060437618919153;5;9874318080;98461262;;;0;;;;9874318080;;ME M62;;;0;PCE;113;4;20270118;20270124
VDA4905;ECAR;EDIFACT;ME26052702100325;241;10;0060437618919153;5;20260527;10;CN;0060437618919153;5;9874318280;98461263;;;0;;;;9874318280;;ME M62;;;0;PCE;113;4;20261102;20261108
VDA4905;ECAR;EDIFACT;ME26052702100325;241;10;0060437618919153;5;20260527;10;CN;0060437618919153;5;9874318280;98461263;;;0;;;;9874318280;;ME M62;;;0;PCE;113;4;20261116;20261122
VDA4905;ECAR;EDIFACT;ME26052702100325;241;10;0060437618919153;5;20260527;10;CN;0060437618919153;5;9874318280;98461263;;;0;;;;9874318280;;ME M62;;;0;PCE;113;4;20261130;20261206
VDA4905;ECAR;EDIFACT;ME26052702100325;241;10;0060437618919153;5;20260527;10;CN;0060437618919153;5;9874318280;98461263;;;0;;;;9874318280;;ME M62;;;0;PCE;113;4;20261207;20261213
VDA4905;ECAR;EDIFACT;ME26052702100325;241;10;0060437618919153;5;20260527;10;CN;0060437618919153;5;9874318280;98461263;;;0;;;;9874318280;;ME M62;;;0;PCE;113;4;20261214;20261220
VDA4905;ECAR;EDIFACT;ME26052702100325;241;10;0060437618919153;5;20260527;10;CN;0060437618919153;5;9874318280;98461263;;;0;;;;9874318280;;ME M62;;;0;PCE;113;4;20270111;20270117
VDA4905;ECAR;EDIFACT;ME26052702100325;241;10;0060437618919153;5;20260527;10;CN;0060437618919153;5;9874318580;98461264;;;0;;;;9874318580;;ME M62;;;0;PCE;113;4;20260831;20260906
VDA4905;ECAR;EDIFACT;ME26052702100325;241;10;0060437618919153;5;20260527;10;CN;0060437618919153;5;9874318580;98461264;;;0;;;;9874318580;;ME M62;;;0;PCE;113;4;20260907;20260913
VDA4905;ECAR;EDIFACT;ME26052702100325;241;10;0060437618919153;5;20260527;10;CN;0060437618919153;5;9874318580;98461264;;;0;;;;9874318580;;ME M62;;;0;PCE;113;4;20260914;20260920
VDA4905;ECAR;EDIFACT;ME26052702100325;241;10;0060437618919153;5;20260527;10;CN;0060437618919153;5;9874318580;98461264;;;0;;;;9874318580;;ME M62;;;0;PCE;113;4;20260921;20260927
VDA4905;ECAR;EDIFACT;ME26052702100325;241;10;0060437618919153;5;20260527;10;CN;0060437618919153;5;9874318580;98461264;;;0;;;;9874318580;;ME M62;;;0;PCE;113;4;20260928;20261004
VDA4905;ECAR;EDIFACT;ME26052702100325;241;10;0060437618919153;5;20260527;10;CN;0060437618919153;5;9874318580;98461264;;;0;;;;9874318580;;ME M62;;;0;PCE;113;4;20261005;20261011
VDA4905;ECAR;EDIFACT;ME26052702100325;241;10;0060437618919153;5;20260527;10;CN;0060437618919153;5;9874318580;98461264;;;0;;;;9874318580;;ME M62;;;0;PCE;113;4;20261012;20261018
VDA4905;ECAR;EDIFACT;ME26052702100325;241;10;0060437618919153;5;20260527;10;CN;0060437618919153;5;9874318580;98461264;;;0;;;;9874318580;;ME M62;;;0;PCE;113;4;20261109;20261115
VDA4905;ECAR;EDIFACT;ME26052702100325;241;10;0060437618919153;5;20260527;10;CN;0060437618919153;5;9874318580;98461264;;;0;;;;9874318580;;ME M62;;;0;PCE;113;4;20261207;20261213
VDA4905;ECAR;EDIFACT;ME26052702100325;241;10;0060437618919153;5;20260527;10;CN;0060437618919153;5;9874318580;98461264;;;0;;;;9874318580;;ME M62;;;0;PCE;113;4;20261214;20261220
VDA4905;ECAR;EDIFACT;ME26052702100325;241;10;0060437618919153;5;20260527;10;CN;0060437618919153;5;9874318580;98461264;;;0;;;;9874318580;;ME M62;;;0;PCE;113;4;20270118;20270124
VDA4905;ECAR;EDIFACT;ME26052702100325;241;10;0060437618919153;5;20260527;10;CN;0060437618919153;5;9875282980;98467657;;;0;;;;9875282980;;ME M63;;;0;PCE;113;4;20260615;20260615
VDA4905;ECAR;EDIFACT;ME26052702100325;241;10;0060437618919153;5;20260527;10;CN;0060437618919153;5;9875282980;98467657;;;0;;;;9875282980;;ME M63;;;0;PCE;113;4;20260616;20260616
VDA4905;ECAR;EDIFACT;ME26052702100325;241;10;0060437618919153;5;20260527;10;CN;0060437618919153;5;9875282980;98467657;;;0;;;;9875282980;;ME M63;;;0;PCE;113;4;20260617;20260617
VDA4905;ECAR;EDIFACT;ME26052702100325;241;10;0060437618919153;5;20260527;10;CN;0060437618919153;5;9875282980;98467657;;;0;;;;9875282980;;ME M63;;;0;PCE;113;4;20260618;20260618
VDA4905;ECAR;EDIFACT;ME26052702100325;241;10;0060437618919153;5;20260527;10;CN;0060437618919153;5;9875282980;98467657;;;0;;;;9875282980;;ME M63;;;0;PCE;113;4;20260619;20260619
VDA4905;ECAR;EDIFACT;ME26052702100325;241;10;0060437618919153;5;20260527;10;CN;0060437618919153;5;9875282980;98467657;;;0;;;;9875282980;;ME M63;;;0;PCE;113;4;20260620;20260620
VDA4905;ECAR;EDIFACT;ME26052702100325;241;10;0060437618919153;5;20260527;10;CN;0060437618919153;5;9875282980;98467657;;;0;;;;9875282980;;ME M63;;;0;PCE;113;4;20260621;20260621
VDA4905;ECAR;EDIFACT;ME26052702100325;241;10;0060437618919153;5;20260527;10;CN;0060437618919153;5;9875282980;98467657;;;0;;;;9875282980;;ME M63;;;0;PCE;113;4;20260622;20260628
VDA4905;ECAR;EDIFACT;ME26052702100325;241;10;0060437618919153;5;20260527;10;CN;0060437618919153;5;9875282980;98467657;;;0;;;;9875282980;;ME M63;;;0;PCE;113;4;20260629;20260705
VDA4905;ECAR;EDIFACT;ME26052702100325;241;10;0060437618919153;5;20260527;10;CN;0060437618919153;5;9875282980;98467657;;;0;;;;9875282980;;ME M63;;;0;PCE;113;4;20260706;20260712
VDA4905;ECAR;EDIFACT;ME26052702100325;241;10;0060437618919153;5;20260527;10;CN;0060437618919153;5;9875282980;98467657;;;0;;;;9875282980;;ME M63;;;0;PCE;113;4;20260713;20260719
VDA4905;ECAR;EDIFACT;ME26052702100325;241;10;0060437618919153;5;20260527;10;CN;0060437618919153;5;9875282980;98467657;;;0;;;;9875282980;;ME M63;;;0;PCE;113;4;20260817;20260823
VDA4905;ECAR;EDIFACT;ME26052702100325;241;10;0060437618919153;5;20260527;10;CN;0060437618919153;5;9875282980;98467657;;;0;;;;9875282980;;ME M63;;;0;PCE;113;4;20260907;20260913
VDA4905;ECAR;EDIFACT;ME26052702100325;241;10;0060437618919153;5;20260527;10;CN;0060437618919153;5;9875282980;98467657;;;0;;;;9875282980;;ME M63;;;0;PCE;113;4;20261005;20261011
VDA4905;ECAR;EDIFACT;ME26052702100325;241;10;0060437618919153;5;20260527;10;CN;0060437618919153;5;9875282980;98467657;;;0;;;;9875282980;;ME M63;;;0;PCE;113;4;20261102;20261108
VDA4905;ECAR;EDIFACT;ME26052702100325;241;10;0060437618919153;5;20260527;10;CN;0060437618919153;5;9875282980;98467657;;;0;;;;9875282980;;ME M63;;;0;PCE;113;4;20261221;20261227
VDA4905;ECAR;EDIFACT;ME26052702100325;241;10;0060437618919153;5;20260527;10;CN;0060437618919153;5;9879467380;98505592;;;0;;;;9879467380;;ME M63;;;0;PCE;113;4;20260629;20260705
VDA4905;ECAR;EDIFACT;ME26052702100325;241;10;0060437618919153;5;20260527;10;CN;0060437618919153;5;9879467380;98505592;;;0;;;;9879467380;;ME M63;;;0;PCE;113;4;20260706;20260712
VDA4905;ECAR;EDIFACT;ME26052702100325;241;10;0060437618919153;5;20260527;10;CN;0060437618919153;5;9879467380;98505592;;;0;;;;9879467380;;ME M63;;;0;PCE;113;4;20260713;20260719
VDA4905;ECAR;EDIFACT;ME26052702100325;241;10;0060437618919153;5;20260527;10;CN;0060437618919153;5;9879467380;98505592;;;0;;;;9879467380;;ME M63;;;0;PCE;113;4;20260817;20260823
VDA4905;ECAR;EDIFACT;ME26052702100325;241;10;0060437618919153;5;20260527;10;CN;0060437618919153;5;9879467380;98505592;;;0;;;;9879467380;;ME M63;;;0;PCE;113;4;20260824;20260830
VDA4905;ECAR;EDIFACT;ME26052702100325;241;10;0060437618919153;5;20260527;10;CN;0060437618919153;5;9879467380;98505592;;;0;;;;9879467380;;ME M63;;;0;PCE;113;4;20260831;20260906
VDA4905;ECAR;EDIFACT;ME26052702100325;241;10;0060437618919153;5;20260527;10;CN;0060437618919153;5;9879467380;98505592;;;0;;;;9879467380;;ME M63;;;0;PCE;113;4;20260907;20260913
VDA4905;ECAR;EDIFACT;ME26052702100325;241;10;0060437618919153;5;20260527;10;CN;0060437618919153;5;9879467380;98505592;;;0;;;;9879467380;;ME M63;;;0;PCE;113;4;20260921;20260927
VDA4905;ECAR;EDIFACT;ME26052702100325;241;10;0060437618919153;5;20260527;10;CN;0060437618919153;5;9879467380;98505592;;;0;;;;9879467380;;ME M63;;;0;PCE;113;4;20260928;20261004
VDA4905;ECAR;EDIFACT;ME26052702100325;241;10;0060437618919153;5;20260527;10;CN;0060437618919153;5;9879467380;98505592;;;0;;;;9879467380;;ME M63;;;0;PCE;113;4;20261005;20261011
VDA4905;ECAR;EDIFACT;ME26052702100325;241;10;0060437618919153;5;20260527;10;CN;0060437618919153;5;9879467380;98505592;;;0;;;;9879467380;;ME M63;;;0;PCE;113;4;20261012;20261018
VDA4905;ECAR;EDIFACT;ME26052702100325;241;10;0060437618919153;5;20260527;10;CN;0060437618919153;5;9879467380;98505592;;;0;;;;9879467380;;ME M63;;;0;PCE;113;4;20261102;20261108
VDA4905;ECAR;EDIFACT;ME26052702100325;241;10;0060437618919153;5;20260527;10;CN;0060437618919153;5;9879467380;98505592;;;0;;;;9879467380;;ME M63;;;0;PCE;113;4;20261109;20261115
VDA4905;ECAR;EDIFACT;ME26052702100325;241;10;0060437618919153;5;20260527;10;CN;0060437618919153;5;9879467380;98505592;;;0;;;;9879467380;;ME M63;;;0;PCE;113;4;20261123;20261129
VDA4905;ECAR;EDIFACT;ME26052702100325;241;10;0060437618919153;5;20260527;10;CN;0060437618919153;5;9879467380;98505592;;;0;;;;9879467380;;ME M63;;;0;PCE;113;4;20261130;20261206
VDA4905;ECAR;EDIFACT;ME26052702100325;241;10;0060437618919153;5;20260527;10;CN;0060437618919153;5;9879467380;98505592;;;0;;;;9879467380;;ME M63;;;0;PCE;113;4;20261207;20261213
VDA4905;ECAR;EDIFACT;ME26052702100325;241;10;0060437618919153;5;20260527;10;CN;0060437618919153;5;9879467380;98505592;;;0;;;;9879467380;;ME M63;;;0;PCE;113;4;20261214;20261220
VDA4905;ECAR;EDIFACT;ME26052702100325;241;10;0060437618919153;5;20260527;10;CN;0060437618919153;5;9879467380;98505592;;;0;;;;9879467380;;ME M63;;;0;PCE;113;4;20270118;20270124
VDA4905;ECAR;EDIFACT;ME26052702100325;241;10;0060437618919153;5;20260527;10;CN;0060437618919153;5;9879467380;98505592;;;0;;;;9879467380;;ME M63;;;0;PCE;113;4;20270405;20270411
VDA4905;ECAR;EDIFACT;ME26052702100325;241;10;0060437618919153;5;20260527;10;CN;0060437618919153;5;9879467680;98505590;;;0;;;;9879467680;;ME M63;;;0;PCE;113;4;20260629;20260705
VDA4905;ECAR;EDIFACT;ME26052702100325;241;10;0060437618919153;5;20260527;10;CN;0060437618919153;5;9879467680;98505590;;;0;;;;9879467680;;ME M63;;;0;PCE;113;4;20260706;20260712
VDA4905;ECAR;EDIFACT;ME26052702100325;241;10;0060437618919153;5;20260527;10;CN;0060437618919153;5;9879467680;98505590;;;0;;;;9879467680;;ME M63;;;0;PCE;113;4;20260713;20260719
VDA4905;ECAR;EDIFACT;ME26052702100325;241;10;0060437618919153;5;20260527;10;CN;0060437618919153;5;9879467680;98505590;;;0;;;;9879467680;;ME M63;;;0;PCE;113;4;20260720;20260726
VDA4905;ECAR;EDIFACT;ME26052702100325;241;10;0060437618919153;5;20260527;10;CN;0060437618919153;5;9879467680;98505590;;;0;;;;9879467680;;ME M63;;;0;PCE;113;4;20260817;20260823
VDA4905;ECAR;EDIFACT;ME26052702100325;241;10;0060437618919153;5;20260527;10;CN;0060437618919153;5;9879467680;98505590;;;0;;;;9879467680;;ME M63;;;0;PCE;113;4;20260824;20260830
VDA4905;ECAR;EDIFACT;ME26052702100325;241;10;0060437618919153;5;20260527;10;CN;0060437618919153;5;9879467680;98505590;;;0;;;;9879467680;;ME M63;;;0;PCE;113;4;20260831;20260906
VDA4905;ECAR;EDIFACT;ME26052702100325;241;10;0060437618919153;5;20260527;10;CN;0060437618919153;5;9879467680;98505590;;;0;;;;9879467680;;ME M63;;;0;PCE;113;4;20260907;20260913
VDA4905;ECAR;EDIFACT;ME26052702100325;241;10;0060437618919153;5;20260527;10;CN;0060437618919153;5;9879467680;98505590;;;0;;;;9879467680;;ME M63;;;0;PCE;113;4;20260914;20260920
VDA4905;ECAR;EDIFACT;ME26052702100325;241;10;0060437618919153;5;20260527;10;CN;0060437618919153;5;9879467680;98505590;;;0;;;;9879467680;;ME M63;;;0;PCE;113;4;20260921;20260927
VDA4905;ECAR;EDIFACT;ME26052702100325;241;10;0060437618919153;5;20260527;10;CN;0060437618919153;5;9879467680;98505590;;;0;;;;9879467680;;ME M63;;;0;PCE;113;4;20260928;20261004
VDA4905;ECAR;EDIFACT;ME26052702100325;241;10;0060437618919153;5;20260527;10;CN;0060437618919153;5;9879467680;98505590;;;0;;;;9879467680;;ME M63;;;0;PCE;113;4;20261005;20261011
VDA4905;ECAR;EDIFACT;ME26052702100325;241;10;0060437618919153;5;20260527;10;CN;0060437618919153;5;9879467680;98505590;;;0;;;;9879467680;;ME M63;;;0;PCE;113;4;20261012;20261018
VDA4905;ECAR;EDIFACT;ME26052702100325;241;10;0060437618919153;5;20260527;10;CN;0060437618919153;5;9879467680;98505590;;;0;;;;9879467680;;ME M63;;;0;PCE;113;4;20261019;20261025
VDA4905;ECAR;EDIFACT;ME26052702100325;241;10;0060437618919153;5;20260527;10;CN;0060437618919153;5;9879467680;98505590;;;0;;;;9879467680;;ME M63;;;0;PCE;113;4;20261026;20261101
VDA4905;ECAR;EDIFACT;ME26052702100325;241;10;0060437618919153;5;20260527;10;CN;0060437618919153;5;9879467680;98505590;;;0;;;;9879467680;;ME M63;;;0;PCE;113;4;20261102;20261108
VDA4905;ECAR;EDIFACT;ME26052702100325;241;10;0060437618919153;5;20260527;10;CN;0060437618919153;5;9879467680;98505590;;;0;;;;9879467680;;ME M63;;;0;PCE;113;4;20261109;20261115
VDA4905;ECAR;EDIFACT;ME26052702100325;241;10;0060437618919153;5;20260527;10;CN;0060437618919153;5;9879467680;98505590;;;0;;;;9879467680;;ME M63;;;0;PCE;113;4;20261116;20261122
VDA4905;ECAR;EDIFACT;ME26052702100325;241;10;0060437618919153;5;20260527;10;CN;0060437618919153;5;9879467680;98505590;;;0;;;;9879467680;;ME M63;;;0;PCE;113;4;20261123;20261129
VDA4905;ECAR;EDIFACT;ME26052702100325;241;10;0060437618919153;5;20260527;10;CN;0060437618919153;5;9879467680;98505590;;;0;;;;9879467680;;ME M63;;;0;PCE;113;4;20261130;20261206
VDA4905;ECAR;EDIFACT;ME26052702100325;241;10;0060437618919153;5;20260527;10;CN;0060437618919153;5;9879467680;98505590;;;0;;;;9879467680;;ME M63;;;0;PCE;113;4;20261207;20261213
VDA4905;ECAR;EDIFACT;ME26052702100325;241;10;0060437618919153;5;20260527;10;CN;0060437618919153;5;9879467680;98505590;;;0;;;;9879467680;;ME M63;;;0;PCE;113;4;20261214;20261220
VDA4905;ECAR;EDIFACT;ME26052702100325;241;10;0060437618919153;5;20260527;10;CN;0060437618919153;5;9879467680;98505590;;;0;;;;9879467680;;ME M63;;;0;PCE;113;4;20261221;20261227
VDA4905;ECAR;EDIFACT;ME26052702100325;241;10;0060437618919153;5;20260527;10;CN;0060437618919153;5;9879467680;98505590;;;0;;;;9879467680;;ME M63;;;0;PCE;113;4;20261228;20261231
VDA4905;ECAR;EDIFACT;ME26052702100325;241;10;0060437618919153;5;20260527;10;CN;0060437618919153;5;9879467680;98505590;;;0;;;;9879467680;;ME M63;;;0;PCE;113;4;20270111;20270117
VDA4905;ECAR;EDIFACT;ME26052702100325;241;10;0060437618919153;5;20260527;10;CN;0060437618919153;5;9879467680;98505590;;;0;;;;9879467680;;ME M63;;;0;PCE;113;4;20270118;20270124
VDA4905;ECAR;EDIFACT;ME26052702100325;241;10;0060437618919153;5;20260527;10;CN;0060437618919153;5;9879467680;98505590;;;0;;;;9879467680;;ME M63;;;0;PCE;113;4;20270201;20270207
VDA4905;ECAR;EDIFACT;ME26052702100325;241;10;0060437618919153;5;20260527;10;CN;0060437618919153;5;9879467680;98505590;;;0;;;;9879467680;;ME M63;;;0;PCE;113;4;20270215;20270221
VDA4905;ECAR;EDIFACT;ME26052702100325;241;10;0060437618919153;5;20260527;10;CN;0060437618919153;5;9879467680;98505590;;;0;;;;9879467680;;ME M63;;;0;PCE;113;4;20270301;20270307
VDA4905;ECAR;EDIFACT;ME26052702100325;241;10;0060437618919153;5;20260527;10;CN;0060437618919153;5;9879467680;98505590;;;0;;;;9879467680;;ME M63;;;0;PCE;113;4;20270322;20270328
VDA4905;ECAR;EDIFACT;ME26052702100325;241;10;0060437618919153;5;20260527;10;CN;0060437618919153;5;9879467680;98505590;;;0;;;;9879467680;;ME M63;;;0;PCE;113;4;20270405;20270411
